"BC","orig.ident","celltype"
"BC_AAACGAAGTACCGGAA","HSC_B7","C6"
"BC_AAACGAATCCACTTTA","HSC_B7","C5"
"BC_AAACGAATCGTCAGAT","HSC_B7","C7"
"BC_AAAGAACGTGCCGAAA","HSC_B7","C4"
"BC_AAAGAACTCCAAGGGA","HSC_B7","C5"
"BC_AAAGGATAGAGAGCGG","HSC_B7","C7"
"BC_AAAGGATCATTGGCAT","HSC_B7","C7"
"BC_AAAGGATTCAATCTTC","HSC_B7","C7"
"BC_AAAGGATTCTTCACGC","HSC_B7","C7"
"BC_AAAGGGCGTGGTCTGC","HSC_B7","C6"
"BC_AAAGGGCGTTTCACTT","HSC_B7","C7"
"BC_AAAGGTACAACGGCCT","HSC_B7","C7"
"BC_AAATGGAAGGAAAGGT","HSC_B7","C7"
"BC_AAATGGAGTGACACGA","HSC_B7","C0"
"BC_AAATGGAGTGAGGATC","HSC_B7","C7"
"BC_AACAAAGCAAATTGCC","HSC_B7","C6"
"BC_AACAAAGCAAGGTCTT","HSC_B7","C0"
"BC_AACAAAGGTCGATTCA","HSC_B7","C5"
"BC_AACAACCCACGGGTAA","HSC_B7","C7"
"BC_AACAACCGTGACTAAA","HSC_B7","C4"
"BC_AACAAGAAGGAGCAAA","HSC_B7","C6"
"BC_AACACACCACTACTTT","HSC_B7","C7"
"BC_AACACACGTGAGAGGG","HSC_B7","C5"
"BC_AACACACGTGGTCCCA","HSC_B7","C7"
"BC_AACACACTCAAGCTTG","HSC_B7","C7"
"BC_AACAGGGGTGTTACAC","HSC_B7","C7"
"BC_AACCAACAGATTCGCT","HSC_B7","C7"
"BC_AACCAACGTGAGTAGC","HSC_B7","C0"
"BC_AACCAACTCAAGCTGT","HSC_B7","C4"
"BC_AACCACAAGCAATTCC","HSC_B7","C7"
"BC_AACCACATCCTAAACG","HSC_B7","C0"
"BC_AACCATGAGTAACAGT","HSC_B7","C7"
"BC_AACCTGAAGATTAGCA","HSC_B7","C0"
"BC_AACCTGAGTAACGATA","HSC_B7","C7"
"BC_AACCTGATCGAGAAAT","HSC_B7","C6"
"BC_AACCTTTGTATGGAAT","HSC_B7","C7"
"BC_AACCTTTTCCGAAATC","HSC_B7","C5"
"BC_AACGAAAAGGTTATAG","HSC_B7","C4"
"BC_AACGAAACATGACTTG","HSC_B7","C1"
"BC_AACGGGAAGTACTCGT","HSC_B7","C6"
"BC_AACGGGAGTGAGCGAT","HSC_B7","C3"
"BC_AACGTCAAGACCCTTA","HSC_B7","C7"
"BC_AACGTCAGTATACCTG","HSC_B7","C0"
"BC_AACGTCAGTTGTGCAT","HSC_B7","C7"
"BC_AACGTCATCGAGAGAC","HSC_B7","C7"
"BC_AACTTCTCAGCGTACC","HSC_B7","C7"
"BC_AACTTCTTCAGCTTGA","HSC_B7","C6"
"BC_AAGAACACAGCGGATA","HSC_B7","C5"
"BC_AAGAACAGTCACTAGT","HSC_B7","C0"
"BC_AAGACAAAGCACTAGG","HSC_B7","C7"
"BC_AAGACAAAGTTACTCG","HSC_B7","C7"
"BC_AAGACAATCTTAATCC","HSC_B7","C4"
"BC_AAGATAGAGGGAGTGG","HSC_B7","C5"
"BC_AAGATAGCACTCAGAT","HSC_B7","C6"
"BC_AAGCATCAGACTGGGT","HSC_B7","C7"
"BC_AAGCCATAGGGAGGCA","HSC_B7","C7"
"BC_AAGCGAGAGAAGGCTC","HSC_B7","C5"
"BC_AAGCGTTAGGATTTGA","HSC_B7","C7"
"BC_AAGCGTTGTCCAGCCA","HSC_B7","C7"
"BC_AAGGAATAGCTGCCAC","HSC_B7","C7"
"BC_AAGGAATTCTTGGGCG","HSC_B7","C7"
"BC_AAGGTAAAGGAAGAAC","HSC_B7","C5"
"BC_AAGGTAAGTATACAGA","HSC_B7","C4"
"BC_AAGTACCAGACAGCGT","HSC_B7","C7"
"BC_AAGTACCCACCACATA","HSC_B7","C7"
"BC_AAGTACCCATCTCAAG","HSC_B7","C0"
"BC_AAGTACCTCCATCAGA","HSC_B7","C4"
"BC_AAGTCGTAGCAGTACG","HSC_B7","C7"
"BC_AAGTCGTGTAACGGTG","HSC_B7","C6"
"BC_AAGTGAAAGTGGATTA","HSC_B7","C5"
"BC_AAGTGAACATACAGCT","HSC_B7","C4"
"BC_AAGTGAATCCGCCTAT","HSC_B7","C6"
"BC_AAGTTCGAGGTCGAGT","HSC_B7","C6"
"BC_AAGTTCGCAGCAGTCC","HSC_B7","C7"
"BC_AATAGAGAGTCGAGGT","HSC_B7","C5"
"BC_AATCACGTCCTACTGC","HSC_B7","C7"
"BC_AATCGACTCGTTATCT","HSC_B7","C5"
"BC_AATCGTGCACTTCAGA","HSC_B7","C7"
"BC_AATCGTGGTCAGGCAA","HSC_B7","C4"
"BC_AATCGTGGTTGCCGAC","HSC_B7","C7"
"BC_AATCGTGTCTTGTTAC","HSC_B7","C4"
"BC_AATGACCAGGTTCTAC","HSC_B7","C4"
"BC_AATGACCTCGAACCTA","HSC_B7","C6"
"BC_AATGACCTCTCTGCCA","HSC_B7","C7"
"BC_AATGCCAGTTATGTCG","HSC_B7","C4"
"BC_AATGGAAAGGTGGGTT","HSC_B7","C4"
"BC_AATGGCTAGTGGTGAC","HSC_B7","C4"
"BC_AATGGCTTCCGTGACG","HSC_B7","C5"
"BC_AATGGCTTCGGAGTGA","HSC_B7","C4"
"BC_AATTCCTAGAGAGCGG","HSC_B7","C7"
"BC_AATTTCCAGTATGGAT","HSC_B7","C5"
"BC_AATTTCCCAGGTTCGC","HSC_B7","C6"
"BC_AATTTCCGTTATGTGC","HSC_B7","C7"
"BC_ACAAAGAAGGAGAGTA","HSC_B7","C6"
"BC_ACAAAGAGTATCGAGG","HSC_B7","C7"
"BC_ACAAAGAGTATTTCCT","HSC_B7","C5"
"BC_ACAACCACAGTCGCAC","HSC_B7","C7"
"BC_ACAACCATCCGAAATC","HSC_B7","C6"
"BC_ACAAGCTGTCAAAGCG","HSC_B7","C7"
"BC_ACACAGTCAACAGCCC","HSC_B7","C7"
"BC_ACACAGTCAGAGGGTT","HSC_B7","C4"
"BC_ACACCAAGTTACCTTT","HSC_B7","C7"
"BC_ACACGCGGTACGAAAT","HSC_B7","C7"
"BC_ACACGCGTCAGCGCAC","HSC_B7","C7"
"BC_ACACTGAAGAATACAC","HSC_B7","C0"
"BC_ACACTGACAGCACCCA","HSC_B7","C7"
"BC_ACACTGACAGTTCTAG","HSC_B7","C3"
"BC_ACACTGATCCGCGGAT","HSC_B7","C7"
"BC_ACAGAAACAATCAGCT","HSC_B7","C3"
"BC_ACAGAAACATCGCTGG","HSC_B7","C5"
"BC_ACAGAAAGTCGTTGGC","HSC_B7","C5"
"BC_ACAGAAATCGACGATT","HSC_B7","C3"
"BC_ACAGCCGAGGATTTGA","HSC_B7","C4"
"BC_ACAGCCGCATTGACCA","HSC_B7","C6"
"BC_ACAGGGAAGGAAAGGT","HSC_B7","C6"
"BC_ACAGGGAGTAATGTGA","HSC_B7","C5"
"BC_ACAGGGATCAAATGCC","HSC_B7","C7"
"BC_ACATCGAGTCTCGACG","HSC_B7","C7"
"BC_ACATTTCGTGAGACCA","HSC_B7","C4"
"BC_ACCAAACCAACAGATA","HSC_B7","C4"
"BC_ACCAACAAGGACTGGT","HSC_B7","C7"
"BC_ACCACAACATCTGGGC","HSC_B7","C7"
"BC_ACCACAATCACGGAGA","HSC_B7","C7"
"BC_ACCACAATCTAAGCGT","HSC_B7","C5"
"BC_ACCATTTTCGGCATCG","HSC_B7","C6"
"BC_ACCATTTTCTGAATCG","HSC_B7","C4"
"BC_ACCCTCAGTGCCTTCT","HSC_B7","C4"
"BC_ACCCTTGCAATCTCGA","HSC_B7","C4"
"BC_ACCGTTCCATGAAGCG","HSC_B7","C7"
"BC_ACCGTTCCATTCGATG","HSC_B7","C7"
"BC_ACCTACCAGTCTCTGA","HSC_B7","C0"
"BC_ACCTACCCAAATTAGG","HSC_B7","C7"
"BC_ACCTACCCATTCGGGC","HSC_B7","C7"
"BC_ACCTGAAAGGGAGGGT","HSC_B7","C1"
"BC_ACCTGAACAGAGGTAC","HSC_B7","C6"
"BC_ACCTGAAGTGGTCTAT","HSC_B7","C7"
"BC_ACCTGAATCCTTGAAG","HSC_B7","C7"
"BC_ACGATCACAAGGTCTT","HSC_B7","C0"
"BC_ACGATCACAGTATACC","HSC_B7","C5"
"BC_ACGATGTAGCCAGAGT","HSC_B7","C7"
"BC_ACGATGTGTAATGCGG","HSC_B7","C8"
"BC_ACGCACGTCTTGGAAC","HSC_B7","C6"
"BC_ACGGTCGGTGAGCTCC","HSC_B7","C4"
"BC_ACGGTCGTCAAGCCGC","HSC_B7","C5"
"BC_ACGGTTATCTCTCGAC","HSC_B7","C6"
"BC_ACGTAACTCCATACAG","HSC_B7","C3"
"BC_ACGTAACTCTTTACAC","HSC_B7","C7"
"BC_ACGTACAAGCTGAAAT","HSC_B7","C6"
"BC_ACGTCCTAGCCTCAAT","HSC_B7","C7"
"BC_ACGTCCTGTGGCTGAA","HSC_B7","C4"
"BC_ACGTCCTTCGTTATCT","HSC_B7","C7"
"BC_ACGTTCCAGCCTGTGC","HSC_B7","C4"
"BC_ACGTTCCAGGCTAAAT","HSC_B7","C4"
"BC_ACGTTCCGTACCAGAG","HSC_B7","C5"
"BC_ACTATCTCAACACTAC","HSC_B7","C7"
"BC_ACTATCTCACGTTCGG","HSC_B7","C7"
"BC_ACTATCTCATGACAGG","HSC_B7","C7"
"BC_ACTATGGAGATCGACG","HSC_B7","C0"
"BC_ACTATGGAGGTGCTTT","HSC_B7","C7"
"BC_ACTATGGCAAGGTACG","HSC_B7","C4"
"BC_ACTATGGCATACTGAC","HSC_B7","C3"
"BC_ACTATGGGTAGTCGGA","HSC_B7","C5"
"BC_ACTATGGGTCTCTCTG","HSC_B7","C6"
"BC_ACTATTCCAGGCGTTC","HSC_B7","C7"
"BC_ACTATTCGTCGCAACC","HSC_B7","C6"
"BC_ACTATTCTCAAGGACG","HSC_B7","C7"
"BC_ACTCCCAGTTAGTTCG","HSC_B7","C7"
"BC_ACTCTCGGTTAAACAG","HSC_B7","C4"
"BC_ACTCTCGTCTCCAAGA","HSC_B7","C1"
"BC_ACTGATGGTGCTCCGA","HSC_B7","C4"
"BC_ACTGCAAAGCAGCACA","HSC_B7","C7"
"BC_ACTGCAACATCCGTGG","HSC_B7","C5"
"BC_ACTGTGACAGTAGAGC","HSC_B7","C4"
"BC_ACTTAGGCAGTTAAAG","HSC_B7","C7"
"BC_ACTTAGGGTGAGATAT","HSC_B7","C6"
"BC_ACTTAGGGTGTTTACG","HSC_B7","C3"
"BC_ACTTATCCATGAAAGT","HSC_B7","C5"
"BC_ACTTCCGCACCAAAGG","HSC_B7","C4"
"BC_ACTTCCGGTTGGGATG","HSC_B7","C0"
"BC_ACTTCGCTCACGGGAA","HSC_B7","C0"
"BC_ACTTTGTAGCACGATG","HSC_B7","C6"
"BC_ACTTTGTGTCCCGCAA","HSC_B7","C7"
"BC_ACTTTGTTCGCTGTCT","HSC_B7","C6"
"BC_AGAAATGCAGACTGCC","HSC_B7","C7"
"BC_AGAACAAAGACCAACG","HSC_B7","C0"
"BC_AGAACAATCACTGTTT","HSC_B7","C5"
"BC_AGAACAATCCGTTGAA","HSC_B7","C7"
"BC_AGAAGCGAGTGGACTG","HSC_B7","C4"
"BC_AGACAGGCAGACCGCT","HSC_B7","C5"
"BC_AGACAGGTCTGCCTGT","HSC_B7","C4"
"BC_AGACCATAGCTCTTCC","HSC_B7","C4"
"BC_AGACCATCACCGCTGA","HSC_B7","C5"
"BC_AGACCATCATCGGATT","HSC_B7","C0"
"BC_AGACCATGTCCTATAG","HSC_B7","C7"
"BC_AGACCCGAGATCCCGC","HSC_B7","C7"
"BC_AGACTCACAATTGCCA","HSC_B7","C7"
"BC_AGACTCAGTATCACGT","HSC_B7","C5"
"BC_AGACTCATCTGGACCG","HSC_B7","C7"
"BC_AGAGAATAGCTGTACT","HSC_B7","C4"
"BC_AGAGAGCCAATGGGTG","HSC_B7","C7"
"BC_AGAGAGCCAGTGTACT","HSC_B7","C0"
"BC_AGAGAGCGTATGAAGT","HSC_B7","C4"
"BC_AGAGAGCTCCACTTTA","HSC_B7","C7"
"BC_AGAGCAGTCATGCATG","HSC_B7","C7"
"BC_AGAGCAGTCGTCGATA","HSC_B7","C1"
"BC_AGAGCCCGTGATATAG","HSC_B7","C7"
"BC_AGAGCCCGTGCGAGTA","HSC_B7","C6"
"BC_AGAGCCCGTTGTGCCG","HSC_B7","C6"
"BC_AGATAGACATGACTGT","HSC_B7","C7"
"BC_AGATAGATCTCCACTG","HSC_B7","C7"
"BC_AGATCCAGTGACGTCC","HSC_B7","C6"
"BC_AGATCGTAGAAAGCGA","HSC_B7","C0"
"BC_AGATCGTCAGTCTCTC","HSC_B7","C7"
"BC_AGATGCTAGCCGAATG","HSC_B7","C6"
"BC_AGCATCAGTTTATGCG","HSC_B7","C7"
"BC_AGCATCATCTCGGTAA","HSC_B7","C7"
"BC_AGCCAATCAACTGGTT","HSC_B7","C7"
"BC_AGCCAATCACTGGTTA","HSC_B7","C6"
"BC_AGCCACGCAGGACATG","HSC_B7","C4"
"BC_AGCCAGCCAAGTAGTA","HSC_B7","C6"
"BC_AGCCAGCGTACGAAAT","HSC_B7","C5"
"BC_AGCCAGCTCAAACCTG","HSC_B7","C5"
"BC_AGCGATTCACCTGAAT","HSC_B7","C3"
"BC_AGCGATTTCAGACCGC","HSC_B7","C2"
"BC_AGCGATTTCGTGTGAT","HSC_B7","C7"
"BC_AGCGCCAAGATTCGAA","HSC_B7","C3"
"BC_AGCGCCACAACCCGCA","HSC_B7","C5"
"BC_AGCGCCACAGCTTCCT","HSC_B7","C4"
"BC_AGCGCTGAGATGGGCT","HSC_B7","C7"
"BC_AGCGCTGGTACAGTAA","HSC_B7","C6"
"BC_AGCGCTGTCGTAATGC","HSC_B7","C5"
"BC_AGCGTATAGTCACAGG","HSC_B7","C5"
"BC_AGCGTATAGTCGAAGC","HSC_B7","C7"
"BC_AGCGTATGTAGGACTG","HSC_B7","C7"
"BC_AGCGTATTCGTCTACC","HSC_B7","C7"
"BC_AGCGTCGGTATCATGC","HSC_B7","C5"
"BC_AGCGTCGGTGAGTTTC","HSC_B7","C0"
"BC_AGCTACACACTATCCC","HSC_B7","C7"
"BC_AGCTTCCGTTGGTACT","HSC_B7","C5"
"BC_AGGAAATAGACACACG","HSC_B7","C1"
"BC_AGGAAATCAGACAATA","HSC_B7","C7"
"BC_AGGAAATTCGGCATAT","HSC_B7","C6"
"BC_AGGACTTAGGCCTTCG","HSC_B7","C7"
"BC_AGGACTTCATCACAGT","HSC_B7","C7"
"BC_AGGACTTTCGAACGCC","HSC_B7","C3"
"BC_AGGAGGTTCTGTAACG","HSC_B7","C4"
"BC_AGGATAACACCCAACG","HSC_B7","C3"
"BC_AGGATCTAGGTCACTT","HSC_B7","C4"
"BC_AGGATCTTCCACAGGC","HSC_B7","C4"
"BC_AGGATCTTCTGCGAGC","HSC_B7","C4"
"BC_AGGCATTCACTGTCCT","HSC_B7","C7"
"BC_AGGCATTCATCCTTGC","HSC_B7","C7"
"BC_AGGCATTTCTCGCTTG","HSC_B7","C4"
"BC_AGGCCACTCTGTACAG","HSC_B7","C3"
"BC_AGGCTGCAGTGATAGT","HSC_B7","C7"
"BC_AGGCTGCCAGCATTGT","HSC_B7","C0"
"BC_AGGCTGCGTAAGTTGA","HSC_B7","C7"
"BC_AGGGAGTAGGCGAAGG","HSC_B7","C5"
"BC_AGGGTCCGTTATGTCG","HSC_B7","C7"
"BC_AGGGTGACAGGGTTGA","HSC_B7","C5"
"BC_AGGGTTTGTGTTAGCT","HSC_B7","C5"
"BC_AGGTAGGCAAAGCACG","HSC_B7","C6"
"BC_AGGTAGGGTCGATTTG","HSC_B7","C4"
"BC_AGGTCATCAATAGTAG","HSC_B7","C0"
"BC_AGGTCATTCCGTATGA","HSC_B7","C6"
"BC_AGGTCATTCGATGCTA","HSC_B7","C4"
"BC_AGGTCTAAGTTACTCG","HSC_B7","C4"
"BC_AGGTCTATCCACGTCT","HSC_B7","C5"
"BC_AGGTGTTGTTCGGTAT","HSC_B7","C7"
"BC_AGGTTGTGTGGACCAA","HSC_B7","C0"
"BC_AGGTTGTTCTACTTCA","HSC_B7","C7"
"BC_AGTAACCAGACCCTTA","HSC_B7","C4"
"BC_AGTAACCGTAGCTGAG","HSC_B7","C4"
"BC_AGTAACCTCCATACAG","HSC_B7","C4"
"BC_AGTACCACAGGCACTC","HSC_B7","C7"
"BC_AGTACTGCATGAGATA","HSC_B7","C4"
"BC_AGTAGCTAGGGTCAAC","HSC_B7","C6"
"BC_AGTAGTCCAAAGCGTG","HSC_B7","C7"
"BC_AGTCAACCAACAACAA","HSC_B7","C6"
"BC_AGTCAACGTATGAAAC","HSC_B7","C3"
"BC_AGTCAACTCGAAACAA","HSC_B7","C0"
"BC_AGTCACATCGTACCTC","HSC_B7","C1"
"BC_AGTCATGCACCCTCTA","HSC_B7","C6"
"BC_AGTCATGGTAACACGG","HSC_B7","C7"
"BC_AGTCATGGTGCGTGCT","HSC_B7","C7"
"BC_AGTCTCCCAAGAGGTC","HSC_B7","C0"
"BC_AGTGACTAGAGATGCC","HSC_B7","C7"
"BC_AGTGACTAGTTTGTCG","HSC_B7","C4"
"BC_AGTGATCGTGGATACG","HSC_B7","C7"
"BC_AGTGATCTCTCTCTTC","HSC_B7","C7"
"BC_AGTGCCGGTCCAACGC","HSC_B7","C1"
"BC_AGTGCCGGTGTTAAAG","HSC_B7","C5"
"BC_AGTGTTGCAACAAGAT","HSC_B7","C7"
"BC_AGTGTTGGTGGCGCTT","HSC_B7","C5"
"BC_AGTTAGCAGGTCTTTG","HSC_B7","C4"
"BC_AGTTAGCGTCGGCCTA","HSC_B7","C4"
"BC_AGTTCCCCAGCCGTCA","HSC_B7","C7"
"BC_AGTTCGAAGCCTGTCG","HSC_B7","C4"
"BC_AGTTCGACACGCGTCA","HSC_B7","C7"
"BC_AGTTCGAGTCGTGGAA","HSC_B7","C4"
"BC_ATACCGATCATGCAGT","HSC_B7","C5"
"BC_ATACCTTAGTAGAATC","HSC_B7","C6"
"BC_ATACCTTGTGCCTAAT","HSC_B7","C6"
"BC_ATACCTTTCAGGAAAT","HSC_B7","C7"
"BC_ATACTTCGTTGTAAAG","HSC_B7","C6"
"BC_ATAGACCTCGTGGCTG","HSC_B7","C7"
"BC_ATAGGCTAGCAGTCTT","HSC_B7","C7"
"BC_ATAGGCTTCCACACCT","HSC_B7","C7"
"BC_ATAGGCTTCGTTCCTG","HSC_B7","C7"
"BC_ATATCCTAGGCTAAAT","HSC_B7","C7"
"BC_ATATCCTAGTCCGTCG","HSC_B7","C7"
"BC_ATATCCTCAAGCACCC","HSC_B7","C7"
"BC_ATATCCTTCCTCTCTT","HSC_B7","C6"
"BC_ATATCCTTCGTGTGAT","HSC_B7","C5"
"BC_ATCACAGAGCTGTTCA","HSC_B7","C7"
"BC_ATCACAGCATTGCCTC","HSC_B7","C4"
"BC_ATCACAGGTCCGGACT","HSC_B7","C7"
"BC_ATCACAGGTTCGGCCA","HSC_B7","C4"
"BC_ATCACAGTCCCTTGGT","HSC_B7","C3"
"BC_ATCACAGTCTGGCCTT","HSC_B7","C6"
"BC_ATCACGATCATGTCTT","HSC_B7","C7"
"BC_ATCACTTAGGTAAGGA","HSC_B7","C7"
"BC_ATCACTTCAGACACCC","HSC_B7","C3"
"BC_ATCACTTTCTTACGTT","HSC_B7","C6"
"BC_ATCATTCAGAGTGAAG","HSC_B7","C5"
"BC_ATCATTCAGTCGAATA","HSC_B7","C7"
"BC_ATCATTCCATGGCGCT","HSC_B7","C6"
"BC_ATCATTCTCCATTCGC","HSC_B7","C4"
"BC_ATCCACCGTCAAGTTC","HSC_B7","C4"
"BC_ATCCATTCAGAACCGA","HSC_B7","C3"
"BC_ATCCCTGTCTGACCCT","HSC_B7","C7"
"BC_ATCCCTGTCTTCCCGA","HSC_B7","C0"
"BC_ATCCGTCCAAATGATG","HSC_B7","C7"
"BC_ATCCGTCGTCACTGAT","HSC_B7","C6"
"BC_ATCCTATCACTGTGAT","HSC_B7","C4"
"BC_ATCCTATGTTCACCGG","HSC_B7","C4"
"BC_ATCCTATTCACTTATC","HSC_B7","C6"
"BC_ATCGATGCACCTGTCT","HSC_B7","C7"
"BC_ATCGATGCAGCAGAAC","HSC_B7","C7"
"BC_ATCGATGGTTCCCACT","HSC_B7","C4"
"BC_ATCGCCTAGAGACAAG","HSC_B7","C7"
"BC_ATCGGATCACTACAGT","HSC_B7","C7"
"BC_ATCGGCGAGCATACTC","HSC_B7","C0"
"BC_ATCGGCGAGCCGATTT","HSC_B7","C7"
"BC_ATCGGCGCAGCACAAG","HSC_B7","C1"
"BC_ATCGGCGGTCATTCCC","HSC_B7","C7"
"BC_ATCGGCGGTGCCTAAT","HSC_B7","C4"
"BC_ATCGTCCCAGCCATTA","HSC_B7","C7"
"BC_ATCGTCCCATGTACGT","HSC_B7","C4"
"BC_ATCGTCCTCAATGTCG","HSC_B7","C7"
"BC_ATCTCTAAGTGGACGT","HSC_B7","C5"
"BC_ATCTCTATCCCGAGAC","HSC_B7","C7"
"BC_ATCTCTATCTGCTAGA","HSC_B7","C6"
"BC_ATCTTCACACACAGCC","HSC_B7","C7"
"BC_ATCTTCAGTCACTACA","HSC_B7","C7"
"BC_ATCTTCATCCCGAATA","HSC_B7","C7"
"BC_ATGAAAGTCCTTTAGT","HSC_B7","C7"
"BC_ATGACCAAGAGAGGTA","HSC_B7","C7"
"BC_ATGAGGGCATCTCATT","HSC_B7","C4"
"BC_ATGAGTCAGGCCTGCT","HSC_B7","C7"
"BC_ATGATCGCAATCTAGC","HSC_B7","C7"
"BC_ATGATCGTCAGTCAGT","HSC_B7","C7"
"BC_ATGATCGTCCACAAGT","HSC_B7","C5"
"BC_ATGCATGAGGAGTATT","HSC_B7","C7"
"BC_ATGCATGGTGTTGACT","HSC_B7","C4"
"BC_ATGCATGTCCCAGTGG","HSC_B7","C5"
"BC_ATGCCTCGTCCTACAA","HSC_B7","C5"
"BC_ATGCCTCTCCTACAAG","HSC_B7","C4"
"BC_ATGCCTCTCTAGTGAC","HSC_B7","C3"
"BC_ATGCGATCAAGGGTCA","HSC_B7","C5"
"BC_ATGCGATGTTCCGGTG","HSC_B7","C1"
"BC_ATGCGATTCCACGTGG","HSC_B7","C6"
"BC_ATGGAGGAGGATACGC","HSC_B7","C3"
"BC_ATGGAGGCATCAGTGT","HSC_B7","C7"
"BC_ATGGAGGGTGGTGATG","HSC_B7","C6"
"BC_ATGGAGGGTGTGGACA","HSC_B7","C7"
"BC_ATGGAGGTCCGAACGC","HSC_B7","C7"
"BC_ATGGATCCAGAAGCTG","HSC_B7","C5"
"BC_ATGGATCTCGGAGTAG","HSC_B7","C5"
"BC_ATGGGAGCATCATCTT","HSC_B7","C7"
"BC_ATGGGAGTCCGATGCG","HSC_B7","C1"
"BC_ATGGGTTGTCGTTATG","HSC_B7","C4"
"BC_ATGGGTTTCCGTGTGG","HSC_B7","C4"
"BC_ATGGTTGCAGGTATGG","HSC_B7","C7"
"BC_ATGGTTGGTATGAGGC","HSC_B7","C5"
"BC_ATGGTTGTCAGAGCGA","HSC_B7","C7"
"BC_ATGGTTGTCAGTAGGG","HSC_B7","C7"
"BC_ATGGTTGTCATGTCAG","HSC_B7","C7"
"BC_ATGTCTTAGCGACTGA","HSC_B7","C7"
"BC_ATTACCTGTCATCTAG","HSC_B7","C4"
"BC_ATTACCTTCAGTGGGA","HSC_B7","C7"
"BC_ATTACCTTCGAGATAA","HSC_B7","C0"
"BC_ATTCACTGTCATCGGC","HSC_B7","C4"
"BC_ATTCAGGAGAATCTAG","HSC_B7","C0"
"BC_ATTCAGGAGAGAAGGT","HSC_B7","C7"
"BC_ATTCAGGAGATCCCAT","HSC_B7","C7"
"BC_ATTCAGGGTCATACCA","HSC_B7","C4"
"BC_ATTCAGGTCAACCGAT","HSC_B7","C7"
"BC_ATTCATCAGTTGCCTA","HSC_B7","C7"
"BC_ATTCCATAGTGCAGGT","HSC_B7","C1"
"BC_ATTCCATGTAGTGCGA","HSC_B7","C4"
"BC_ATTCCATGTATTTCTC","HSC_B7","C6"
"BC_ATTCCCGGTTCGGCTG","HSC_B7","C7"
"BC_ATTCCCGTCTGACGCG","HSC_B7","C7"
"BC_ATTCCTACATTGAGCT","HSC_B7","C7"
"BC_ATTCCTAGTATCTCTT","HSC_B7","C4"
"BC_ATTCCTAGTCTGTCAA","HSC_B7","C5"
"BC_ATTCGTTCAGTCGGTC","HSC_B7","C7"
"BC_ATTCGTTGTTCAGCTA","HSC_B7","C0"
"BC_ATTCTACAGTTGTACC","HSC_B7","C6"
"BC_ATTCTACCAACTGCCG","HSC_B7","C7"
"BC_ATTCTACTCGTCCTCA","HSC_B7","C7"
"BC_ATTCTTGAGCGTCAAG","HSC_B7","C5"
"BC_ATTCTTGTCAAGCCTA","HSC_B7","C7"
"BC_ATTGGGTTCACGGAGA","HSC_B7","C5"
"BC_ATTGTTCAGGATTTCC","HSC_B7","C4"
"BC_ATTGTTCCAGCTGTGC","HSC_B7","C4"
"BC_ATTTACCTCTGTCAGA","HSC_B7","C7"
"BC_ATTTCTGCAAGAGATT","HSC_B7","C7"
"BC_ATTTCTGTCTGCGAGC","HSC_B7","C4"
"BC_CAAAGAACACGGGCTT","HSC_B7","C7"
"BC_CAAAGAAGTACCCGAC","HSC_B7","C7"
"BC_CAACAACAGGTTCACT","HSC_B7","C5"
"BC_CAACAACGTTGCTGAT","HSC_B7","C7"
"BC_CAACAGTTCCAGCTCT","HSC_B7","C7"
"BC_CAACCAAAGGCGTTGA","HSC_B7","C7"
"BC_CAACCAACACCGTACG","HSC_B7","C7"
"BC_CAACCAACATAATGCC","HSC_B7","C4"
"BC_CAACCAAGTCGAGATG","HSC_B7","C6"
"BC_CAACCTCAGCGGTAAC","HSC_B7","C7"
"BC_CAACCTCAGTTGCGCC","HSC_B7","C0"
"BC_CAACCTCTCCCAAGTA","HSC_B7","C8"
"BC_CAACGATGTACTAACC","HSC_B7","C3"
"BC_CAACGATGTGACTCGC","HSC_B7","C6"
"BC_CAACGGCAGTAGTCAA","HSC_B7","C3"
"BC_CAAGAGGGTCTTTATC","HSC_B7","C7"
"BC_CAAGGGACAGATTAAG","HSC_B7","C1"
"BC_CAAGGGAGTACGTAGG","HSC_B7","C4"
"BC_CAAGGGATCGCATTAG","HSC_B7","C4"
"BC_CAAGGGATCTCTGGTC","HSC_B7","C6"
"BC_CAATACGGTGAAAGTT","HSC_B7","C5"
"BC_CAATACGGTGGGATTG","HSC_B7","C7"
"BC_CAATACGTCTTCCAGC","HSC_B7","C6"
"BC_CAATACGTCTTCCCAG","HSC_B7","C6"
"BC_CAATGACAGTACTCGT","HSC_B7","C5"
"BC_CAATGACAGTATAGGT","HSC_B7","C4"
"BC_CAATTTCCATCAACCA","HSC_B7","C7"
"BC_CACAACAAGGCTTCCG","HSC_B7","C4"
"BC_CACACAACAATGCAGG","HSC_B7","C7"
"BC_CACAGATCAAGCAATA","HSC_B7","C7"
"BC_CACAGGCGTGATACTC","HSC_B7","C7"
"BC_CACAGGCTCGCAGAGA","HSC_B7","C4"
"BC_CACAGGCTCTGACCCT","HSC_B7","C7"
"BC_CACATGAAGCGCTGCT","HSC_B7","C4"
"BC_CACATGATCACCGGTG","HSC_B7","C6"
"BC_CACCAAATCGAGTCTA","HSC_B7","C7"
"BC_CACGAATAGCCGATAG","HSC_B7","C7"
"BC_CACGAATCATACTGAC","HSC_B7","C5"
"BC_CACGGGTGTTGGACTT","HSC_B7","C4"
"BC_CACGGGTTCAAATAGG","HSC_B7","C7"
"BC_CACGGGTTCGACCACG","HSC_B7","C7"
"BC_CACTAAGAGCAGGCTA","HSC_B7","C3"
"BC_CACTAAGAGCTACTAC","HSC_B7","C7"
"BC_CACTGAACAACGATTC","HSC_B7","C7"
"BC_CACTGAACATTCAGGT","HSC_B7","C4"
"BC_CACTGAAGTCTCAAGT","HSC_B7","C7"
"BC_CACTGAAGTCTTGTCC","HSC_B7","C7"
"BC_CACTGAATCCACACCT","HSC_B7","C7"
"BC_CACTGGGAGACGTCGA","HSC_B7","C7"
"BC_CACTGGGCACATGACT","HSC_B7","C7"
"BC_CACTGGGGTTCACGAT","HSC_B7","C8"
"BC_CACTGGGTCCATATGG","HSC_B7","C4"
"BC_CACTGTCGTATTGCCA","HSC_B7","C6"
"BC_CAGATACAGACGCAGT","HSC_B7","C7"
"BC_CAGCACGAGTAAAGCT","HSC_B7","C7"
"BC_CAGCACGCAATCTCTT","HSC_B7","C3"
"BC_CAGCACGCACTGTCCT","HSC_B7","C7"
"BC_CAGCAGCAGAGAGGTA","HSC_B7","C3"
"BC_CAGCCAGAGATACAGT","HSC_B7","C7"
"BC_CAGGCCAGTTGAGGAC","HSC_B7","C6"
"BC_CAGGCCATCTGTCCGT","HSC_B7","C6"
"BC_CAGGGCTCAGCCATTA","HSC_B7","C4"
"BC_CAGGGCTGTTGATGTC","HSC_B7","C6"
"BC_CAGGTATCATCGAGCC","HSC_B7","C7"
"BC_CAGTTAGCATGCAGGA","HSC_B7","C7"
"BC_CAGTTAGCATGGCGCT","HSC_B7","C6"
"BC_CAGTTAGCATTGAAGA","HSC_B7","C1"
"BC_CAGTTAGGTGTGATGG","HSC_B7","C4"
"BC_CAGTTAGTCAAGATAG","HSC_B7","C0"
"BC_CAGTTAGTCGTTCAGA","HSC_B7","C5"
"BC_CAGTTCCAGAGATGCC","HSC_B7","C5"
"BC_CAGTTCCCATGACAGG","HSC_B7","C7"
"BC_CATAAGCCAATTGCGT","HSC_B7","C6"
"BC_CATAAGCCAGCGGTCT","HSC_B7","C7"
"BC_CATACAGAGAATCTAG","HSC_B7","C6"
"BC_CATACAGAGGTAAACT","HSC_B7","C7"
"BC_CATACAGAGTCAACAA","HSC_B7","C0"
"BC_CATACAGGTAGAATAC","HSC_B7","C6"
"BC_CATACAGGTCATCAGT","HSC_B7","C0"
"BC_CATACAGGTGAGTAAT","HSC_B7","C3"
"BC_CATACCCAGACGAAGA","HSC_B7","C6"
"BC_CATACCCTCAACGAGG","HSC_B7","C4"
"BC_CATCCACTCCGAGAAG","HSC_B7","C4"
"BC_CATCCCATCACCGACG","HSC_B7","C7"
"BC_CATCCGTAGCCAAGGT","HSC_B7","C4"
"BC_CATCGGGAGACCCTTA","HSC_B7","C7"
"BC_CATCGGGAGATGCTAA","HSC_B7","C4"
"BC_CATCGGGGTCGGCTAC","HSC_B7","C3"
"BC_CATCGGGTCATGCCCT","HSC_B7","C3"
"BC_CATCGTCTCGCAAGAG","HSC_B7","C4"
"BC_CATGAGTAGCACTCAT","HSC_B7","C7"
"BC_CATGAGTAGCAGTACG","HSC_B7","C4"
"BC_CATGCAATCCATTTGT","HSC_B7","C7"
"BC_CATGCAATCTTGGATG","HSC_B7","C5"
"BC_CATGCCTCAAGACTGG","HSC_B7","C7"
"BC_CATGCGGCAGCTACTA","HSC_B7","C7"
"BC_CATGCTCAGATGTAGT","HSC_B7","C4"
"BC_CATGCTCAGTCGAGGT","HSC_B7","C8"
"BC_CATGCTCGTAACATAG","HSC_B7","C5"
"BC_CATGCTCGTGATTGGG","HSC_B7","C7"
"BC_CATGCTCTCATGCGGC","HSC_B7","C0"
"BC_CATGGTAAGAAACTCA","HSC_B7","C7"
"BC_CATGGTAAGCCGGAAT","HSC_B7","C4"
"BC_CATTCCGGTGCTTATG","HSC_B7","C7"
"BC_CATTCCGTCATGAGGG","HSC_B7","C4"
"BC_CATTGAGGTTTCGGCG","HSC_B7","C7"
"BC_CATTGCCCAAGCCATT","HSC_B7","C4"
"BC_CATTGCCGTGAGATAT","HSC_B7","C7"
"BC_CATTGTTCACTCCCTA","HSC_B7","C3"
"BC_CATTGTTTCTTGTTAC","HSC_B7","C5"
"BC_CATTTCAAGCTGTTAC","HSC_B7","C4"
"BC_CATTTCAAGTCGGCAA","HSC_B7","C5"
"BC_CATTTCAGTATACGGG","HSC_B7","C7"
"BC_CATTTCAGTGCAATAA","HSC_B7","C4"
"BC_CCAATGAAGGCAGGGA","HSC_B7","C0"
"BC_CCAATGACATCTTAGG","HSC_B7","C0"
"BC_CCAATGATCAGAATAG","HSC_B7","C5"
"BC_CCAATTTAGTGCAGCA","HSC_B7","C7"
"BC_CCAATTTCAGCAGACA","HSC_B7","C7"
"BC_CCAATTTTCGATTGAC","HSC_B7","C7"
"BC_CCACAAAAGGAATCGC","HSC_B7","C7"
"BC_CCACAAAGTCCAGGTC","HSC_B7","C7"
"BC_CCACACTCACCATAAC","HSC_B7","C7"
"BC_CCACACTCACGAGAAC","HSC_B7","C4"
"BC_CCACACTGTAGACAAT","HSC_B7","C4"
"BC_CCACACTTCTTCACGC","HSC_B7","C6"
"BC_CCACCATGTATTCCGA","HSC_B7","C0"
"BC_CCACGAGTCCGATAGT","HSC_B7","C0"
"BC_CCACGTTGTTTATGCG","HSC_B7","C4"
"BC_CCACGTTTCCTGTAAG","HSC_B7","C6"
"BC_CCACTTGAGACCAGCA","HSC_B7","C0"
"BC_CCATAAGCATTGGATC","HSC_B7","C7"
"BC_CCATAAGGTGGATCAG","HSC_B7","C4"
"BC_CCCAACTAGAAAGCGA","HSC_B7","C7"
"BC_CCCAACTGTTAATGAG","HSC_B7","C5"
"BC_CCCAACTTCAGACATC","HSC_B7","C4"
"BC_CCCATTGAGTTGTAGA","HSC_B7","C5"
"BC_CCCATTGCACCAGCGT","HSC_B7","C7"
"BC_CCCGAAGCAATCGCAT","HSC_B7","C4"
"BC_CCCGAAGGTTAGGGAC","HSC_B7","C0"
"BC_CCCGAAGTCTGCGGGT","HSC_B7","C7"
"BC_CCCGGAAAGCTCGAAG","HSC_B7","C7"
"BC_CCCGGAACAGAACATA","HSC_B7","C7"
"BC_CCCTAACGTTGTGCCG","HSC_B7","C6"
"BC_CCCTCAACAGTAGGAC","HSC_B7","C7"
"BC_CCCTCAACATGAGTAA","HSC_B7","C4"
"BC_CCCTCTCAGATCGGTG","HSC_B7","C7"
"BC_CCCTCTCGTGATGGCA","HSC_B7","C0"
"BC_CCCTTAGAGAGGTCGT","HSC_B7","C6"
"BC_CCCTTAGAGTTTGGCT","HSC_B7","C4"
"BC_CCCTTAGCAGTCAGAG","HSC_B7","C7"
"BC_CCCTTAGCATGAATCC","HSC_B7","C7"
"BC_CCCTTAGCATGTAACC","HSC_B7","C4"
"BC_CCCTTAGGTCACCGCA","HSC_B7","C3"
"BC_CCGCAAGAGTTGTAGA","HSC_B7","C6"
"BC_CCGCAAGCAACTCATG","HSC_B7","C4"
"BC_CCGCAAGCACCCTAGG","HSC_B7","C4"
"BC_CCGCAAGCACCCTTAC","HSC_B7","C7"
"BC_CCGCAAGGTGGTCCGT","HSC_B7","C2"
"BC_CCGCAAGTCGTTGTTT","HSC_B7","C0"
"BC_CCGGTGAGTTTCGGCG","HSC_B7","C4"
"BC_CCGGTGATCCTTGGAA","HSC_B7","C3"
"BC_CCGTAGGAGCGCCCAT","HSC_B7","C7"
"BC_CCGTAGGTCACCTACC","HSC_B7","C4"
"BC_CCGTAGGTCAGGAACG","HSC_B7","C7"
"BC_CCGTTCAAGCTTTGTG","HSC_B7","C4"
"BC_CCTAACCGTAGTGGCA","HSC_B7","C4"
"BC_CCTAAGAAGCTCGTGC","HSC_B7","C3"
"BC_CCTAAGATCACTCGAA","HSC_B7","C7"
"BC_CCTACGTAGTCTTCCC","HSC_B7","C4"
"BC_CCTACGTCAACAGTGG","HSC_B7","C5"
"BC_CCTCAACTCAAGCCCG","HSC_B7","C0"
"BC_CCTCACAGTCTAGTGT","HSC_B7","C7"
"BC_CCTCACATCTGCCTGT","HSC_B7","C7"
"BC_CCTCAGTAGCGCATCC","HSC_B7","C0"
"BC_CCTCAGTAGTTCCTGA","HSC_B7","C4"
"BC_CCTCAGTGTTATAGCC","HSC_B7","C4"
"BC_CCTCAGTTCACGTAGT","HSC_B7","C6"
"BC_CCTCATGAGCGCTGAA","HSC_B7","C5"
"BC_CCTCATGAGGGTCAAC","HSC_B7","C4"
"BC_CCTCATGCAGACCTGC","HSC_B7","C7"
"BC_CCTCCAAAGCTTTCTT","HSC_B7","C7"
"BC_CCTCCAACACCTGCGA","HSC_B7","C6"
"BC_CCTCCAACATAAGCGG","HSC_B7","C4"
"BC_CCTCCAAGTCTACGAT","HSC_B7","C5"
"BC_CCTCCAATCTACGCAA","HSC_B7","C6"
"BC_CCTCCTCAGGTTGCCC","HSC_B7","C3"
"BC_CCTCCTCCATGAAGCG","HSC_B7","C7"
"BC_CCTCCTCCATTGCCTC","HSC_B7","C7"
"BC_CCTCCTCTCCTCTCTT","HSC_B7","C3"
"BC_CCTCTAGAGGGTTGCA","HSC_B7","C4"
"BC_CCTCTAGTCTATCGCC","HSC_B7","C6"
"BC_CCTCTCCGTTGCATAC","HSC_B7","C7"
"BC_CCTGCATAGCGTTGTT","HSC_B7","C7"
"BC_CCTGTTGCAACCACAT","HSC_B7","C7"
"BC_CCTTGTGGTACTGCCG","HSC_B7","C4"
"BC_CCTTGTGGTAGCGCTC","HSC_B7","C4"
"BC_CCTTTGGGTGCACAAG","HSC_B7","C6"
"BC_CCTTTGGGTTTCGTGA","HSC_B7","C7"
"BC_CCTTTGGTCATTTACC","HSC_B7","C7"
"BC_CGAAGGAAGTTTGCTG","HSC_B7","C7"
"BC_CGAAGGACACACCTAA","HSC_B7","C3"
"BC_CGAAGGACATTCAGCA","HSC_B7","C7"
"BC_CGAAGGAGTGTGTTTG","HSC_B7","C6"
"BC_CGAAGGATCTGTCGTC","HSC_B7","C0"
"BC_CGAAGTTGTGGGAGAG","HSC_B7","C7"
"BC_CGACAGCTCACGAACT","HSC_B7","C4"
"BC_CGAGAAGAGATAGCTA","HSC_B7","C4"
"BC_CGAGAAGCACTTCATT","HSC_B7","C5"
"BC_CGAGAAGGTATGAGCG","HSC_B7","C7"
"BC_CGAGAAGGTATGCAAA","HSC_B7","C5"
"BC_CGAGGAACAGTATACC","HSC_B7","C6"
"BC_CGAGGAAGTATCGCAT","HSC_B7","C6"
"BC_CGAGGCTGTCTACTGA","HSC_B7","C4"
"BC_CGAGGCTGTTTGTTCT","HSC_B7","C5"
"BC_CGAGTGCCAAAGGCAC","HSC_B7","C4"
"BC_CGAGTGCCAGCCGTCA","HSC_B7","C5"
"BC_CGAGTTAAGGTCATAA","HSC_B7","C4"
"BC_CGAGTTACAAGTGGAC","HSC_B7","C6"
"BC_CGAGTTAGTTGGGATG","HSC_B7","C4"
"BC_CGATCGGAGAACCGCA","HSC_B7","C5"
"BC_CGATGCGCATCCTAAG","HSC_B7","C3"
"BC_CGATGCGGTGCCTATA","HSC_B7","C3"
"BC_CGATGGCGTCTCGGGT","HSC_B7","C7"
"BC_CGCAGGTTCCACATAG","HSC_B7","C7"
"BC_CGCAGGTTCCCTTCCC","HSC_B7","C4"
"BC_CGCATAAAGGTGCTAG","HSC_B7","C7"
"BC_CGCATAATCGAGCACC","HSC_B7","C7"
"BC_CGCATGGCACAAATAG","HSC_B7","C8"
"BC_CGCATGGCAGGTGGAT","HSC_B7","C4"
"BC_CGCATGGCATTGGATC","HSC_B7","C4"
"BC_CGCATGGGTAGAGTTA","HSC_B7","C4"
"BC_CGCATGGGTCCAGAAG","HSC_B7","C4"
"BC_CGCATGGGTCGGAACA","HSC_B7","C5"
"BC_CGCATGGTCTCAGAAC","HSC_B7","C7"
"BC_CGCCAGAAGTTACTCG","HSC_B7","C7"
"BC_CGCCAGACAATGTGGG","HSC_B7","C5"
"BC_CGCCAGATCCGGTTCT","HSC_B7","C7"
"BC_CGCCAGATCGAAGTGG","HSC_B7","C7"
"BC_CGCCATTAGCTAGAGC","HSC_B7","C1"
"BC_CGCCATTAGTTGTAGA","HSC_B7","C7"
"BC_CGCCATTTCTCCTACG","HSC_B7","C5"
"BC_CGCCATTTCTTAGCAG","HSC_B7","C7"
"BC_CGGAACCAGGGACCAT","HSC_B7","C7"
"BC_CGGAACCGTACCTAAC","HSC_B7","C7"
"BC_CGGAACCTCGCATTAG","HSC_B7","C7"
"BC_CGGAATTGTATAATGG","HSC_B7","C5"
"BC_CGGAATTTCACTGCTC","HSC_B7","C7"
"BC_CGGAATTTCATTTCCA","HSC_B7","C7"
"BC_CGGACACAGTCCCAAT","HSC_B7","C6"
"BC_CGGACACTCTAGTGAC","HSC_B7","C6"
"BC_CGGACACTCTTGCGCT","HSC_B7","C6"
"BC_CGGAGAAAGTTTGAGA","HSC_B7","C4"
"BC_CGGAGAAGTCTCGGGT","HSC_B7","C4"
"BC_CGGCAGTCACGCTGCA","HSC_B7","C3"
"BC_CGGCAGTCACTACCCT","HSC_B7","C4"
"BC_CGGGACTAGACATCAA","HSC_B7","C0"
"BC_CGGGACTAGTTCACTG","HSC_B7","C7"
"BC_CGGGTCAGTGGGTTGA","HSC_B7","C0"
"BC_CGGGTGTCACATTACG","HSC_B7","C0"
"BC_CGGGTGTCACTCCGGA","HSC_B7","C7"
"BC_CGGGTGTTCCTTCTAA","HSC_B7","C5"
"BC_CGGTCAGAGTCGAGGT","HSC_B7","C7"
"BC_CGTAAGTCAATAGTAG","HSC_B7","C4"
"BC_CGTAAGTCAGCTGAGA","HSC_B7","C7"
"BC_CGTAAGTTCTCGTTTA","HSC_B7","C5"
"BC_CGTAATGAGAAATTCG","HSC_B7","C4"
"BC_CGTAATGAGGATCATA","HSC_B7","C4"
"BC_CGTCAAAAGACCTGGA","HSC_B7","C3"
"BC_CGTCCATGTTTACTGG","HSC_B7","C4"
"BC_CGTGAATAGGAGAGGC","HSC_B7","C7"
"BC_CGTGAATTCTCTAGGA","HSC_B7","C1"
"BC_CGTGCTTCAGAGGTAC","HSC_B7","C4"
"BC_CGTGCTTCAGCCTATA","HSC_B7","C0"
"BC_CGTGTCTAGAAACCCG","HSC_B7","C6"
"BC_CGTGTCTCAACCGACC","HSC_B7","C7"
"BC_CGTTAGAGTATGATCC","HSC_B7","C4"
"BC_CGTTAGAGTCTACAAC","HSC_B7","C7"
"BC_CGTTAGATCGGAAACG","HSC_B7","C7"
"BC_CGTTCTGAGTGGTGAC","HSC_B7","C7"
"BC_CGTTCTGCAATCCTAG","HSC_B7","C4"
"BC_CGTTCTGCACTACGGC","HSC_B7","C7"
"BC_CGTTCTGTCACTGCTC","HSC_B7","C7"
"BC_CGTTCTGTCATTACTC","HSC_B7","C7"
"BC_CGTTGGGCACGGTAGA","HSC_B7","C4"
"BC_CTAACCCAGGGACCAT","HSC_B7","C4"
"BC_CTAACCCAGTGCGTCC","HSC_B7","C1"
"BC_CTAACCCGTGATGGCA","HSC_B7","C7"
"BC_CTAACCCTCACCTTGC","HSC_B7","C6"
"BC_CTAACCCTCAGTGTGT","HSC_B7","C7"
"BC_CTAACCCTCCTAACAG","HSC_B7","C7"
"BC_CTAAGTGTCGCTTGAA","HSC_B7","C7"
"BC_CTACAGACACGGAAGT","HSC_B7","C6"
"BC_CTACAGACAGCTGTAT","HSC_B7","C4"
"BC_CTACATTAGCCGAACA","HSC_B7","C4"
"BC_CTACATTAGCTCCCTT","HSC_B7","C6"
"BC_CTACATTTCTACTGCC","HSC_B7","C5"
"BC_CTACCTGCAAGCAATA","HSC_B7","C4"
"BC_CTACCTGTCCCACAGG","HSC_B7","C0"
"BC_CTACGGGGTTGTCCCT","HSC_B7","C7"
"BC_CTACTATAGCTTCGTA","HSC_B7","C7"
"BC_CTAGACACACTTTAGG","HSC_B7","C5"
"BC_CTAGACATCGGCACTG","HSC_B7","C5"
"BC_CTAGACATCTCTATGT","HSC_B7","C7"
"BC_CTATAGGAGCCGTAAG","HSC_B7","C4"
"BC_CTATAGGCACTGAATC","HSC_B7","C6"
"BC_CTATCTATCCTTCACG","HSC_B7","C5"
"BC_CTCAACCAGTCGCTAT","HSC_B7","C7"
"BC_CTCAAGAGTTGAGTCT","HSC_B7","C0"
"BC_CTCAATTCAACTGCTA","HSC_B7","C7"
"BC_CTCAATTGTTGAGTCT","HSC_B7","C4"
"BC_CTCACTGAGTTGCGAG","HSC_B7","C7"
"BC_CTCACTGGTCGAACGA","HSC_B7","C4"
"BC_CTCAGAAGTATGGTTC","HSC_B7","C7"
"BC_CTCAGGGCAGAGAGGG","HSC_B7","C4"
"BC_CTCAGTCAGGATGTTA","HSC_B7","C8"
"BC_CTCATCGGTTGTGCCG","HSC_B7","C3"
"BC_CTCATCGTCGCAACAT","HSC_B7","C4"
"BC_CTCATCGTCGGTCACG","HSC_B7","C7"
"BC_CTCATTAAGCAGCAGT","HSC_B7","C7"
"BC_CTCCAACAGACATCAA","HSC_B7","C0"
"BC_CTCCAACGTTTACGAC","HSC_B7","C7"
"BC_CTCCACAAGTGCTCGC","HSC_B7","C6"
"BC_CTCCACACATGTCGTA","HSC_B7","C5"
"BC_CTCCACATCTTGATTC","HSC_B7","C0"
"BC_CTCCCAAGTCGGAACA","HSC_B7","C4"
"BC_CTCCCTCTCGTCGATA","HSC_B7","C4"
"BC_CTCCGATCAGCATCTA","HSC_B7","C5"
"BC_CTCCGATCATGCTGCG","HSC_B7","C7"
"BC_CTCCGATGTGAAGCGT","HSC_B7","C5"
"BC_CTCCTCCGTAGACACG","HSC_B7","C4"
"BC_CTCCTCCTCGGTTGTA","HSC_B7","C7"
"BC_CTCCTTTAGCAGGCTA","HSC_B7","C0"
"BC_CTCGAGGCAACCAATC","HSC_B7","C5"
"BC_CTCGAGGGTGTATACC","HSC_B7","C0"
"BC_CTCGAGGTCATTGTTC","HSC_B7","C4"
"BC_CTCGAGGTCTTCACAT","HSC_B7","C7"
"BC_CTCTCAGGTATTTCGG","HSC_B7","C7"
"BC_CTCTCAGTCTCCTGAC","HSC_B7","C4"
"BC_CTCTCGAGTTTGACAC","HSC_B7","C7"
"BC_CTCTCGATCACAACCA","HSC_B7","C7"
"BC_CTCTCGATCTGGTTGA","HSC_B7","C7"
"BC_CTCTGGTCACGAGGTA","HSC_B7","C7"
"BC_CTCTGGTGTGACTCTA","HSC_B7","C7"
"BC_CTCTGGTGTGCATGAG","HSC_B7","C6"
"BC_CTCTGGTTCCACCTGT","HSC_B7","C5"
"BC_CTGAATGAGCTCGACC","HSC_B7","C7"
"BC_CTGAGCGAGTGAGTGC","HSC_B7","C0"
"BC_CTGAGCGAGTTGCTGT","HSC_B7","C7"
"BC_CTGAGGCGTTCCCACT","HSC_B7","C4"
"BC_CTGAGGCTCCTACCAC","HSC_B7","C7"
"BC_CTGAGGCTCTCATGGA","HSC_B7","C4"
"BC_CTGATCCCAACAGCTT","HSC_B7","C7"
"BC_CTGATCCTCGCTATTT","HSC_B7","C6"
"BC_CTGATCCTCTAACGCA","HSC_B7","C5"
"BC_CTGCATCTCACCCTCA","HSC_B7","C4"
"BC_CTGCCATCAGGAGGAG","HSC_B7","C7"
"BC_CTGCCTAAGTAGGATT","HSC_B7","C7"
"BC_CTGCCTACAACACACT","HSC_B7","C7"
"BC_CTGCCTAGTGACTAAA","HSC_B7","C6"
"BC_CTGCCTAGTTAAGGAT","HSC_B7","C6"
"BC_CTGCCTATCTTTCAGT","HSC_B7","C7"
"BC_CTGCGAGTCCTGGCTT","HSC_B7","C6"
"BC_CTGCTCAAGATGAAGG","HSC_B7","C7"
"BC_CTGCTCAAGTGCTCAT","HSC_B7","C0"
"BC_CTGCTCAGTTCAATCG","HSC_B7","C6"
"BC_CTGGACGCAAAGACTA","HSC_B7","C7"
"BC_CTGGACGGTCCTTTGC","HSC_B7","C5"
"BC_CTGGACGTCTCTCGCA","HSC_B7","C6"
"BC_CTGGCAGGTGCGAACA","HSC_B7","C7"
"BC_CTGGCAGTCCCTTTGG","HSC_B7","C7"
"BC_CTGGCAGTCTTGAACG","HSC_B7","C1"
"BC_CTGGTCTCAACTGCTA","HSC_B7","C4"
"BC_CTGGTCTGTCCCACGA","HSC_B7","C7"
"BC_CTGTAGACATGTCGTA","HSC_B7","C5"
"BC_CTGTATTGTGGTCAAG","HSC_B7","C6"
"BC_CTGTGAAAGCCTCATA","HSC_B7","C5"
"BC_CTGTGAACACTGCTTC","HSC_B7","C5"
"BC_CTTACCGCAGGATTCT","HSC_B7","C4"
"BC_CTTAGGAAGGGTTAAT","HSC_B7","C4"
"BC_CTTAGGAGTTCGGCCA","HSC_B7","C7"
"BC_CTTCAATCAAACGAGC","HSC_B7","C0"
"BC_CTTCCGAAGGCCCGTT","HSC_B7","C4"
"BC_CTTCCGAGTAGCTCGC","HSC_B7","C7"
"BC_CTTCCTTTCAACACCA","HSC_B7","C0"
"BC_CTTCGGTAGTTGGCGA","HSC_B7","C6"
"BC_CTTCGGTCACTGATTG","HSC_B7","C6"
"BC_CTTCGGTGTCGACGCT","HSC_B7","C7"
"BC_CTTCGGTTCCTCAGAA","HSC_B7","C4"
"BC_CTTCTAATCGCTCTAC","HSC_B7","C0"
"BC_CTTCTCTAGAACGTGC","HSC_B7","C4"
"BC_CTTCTCTAGAGCAAGA","HSC_B7","C7"
"BC_CTTCTCTAGCTAAGTA","HSC_B7","C4"
"BC_CTTCTCTAGGCTAACG","HSC_B7","C4"
"BC_CTTCTCTAGGCTCAAG","HSC_B7","C3"
"BC_CTTCTCTCACTTGGGC","HSC_B7","C4"
"BC_CTTCTCTGTCACTTAG","HSC_B7","C7"
"BC_CTTCTCTTCAAACCTG","HSC_B7","C7"
"BC_CTTGAGAAGACTAGAT","HSC_B7","C5"
"BC_CTTGAGACAGGACTTT","HSC_B7","C5"
"BC_CTTGAGAGTGACGTCC","HSC_B7","C7"
"BC_CTTGAGATCGCGGTAC","HSC_B7","C4"
"BC_CTTGATTCAACAGATA","HSC_B7","C7"
"BC_CTTGATTCAAGCAGGT","HSC_B7","C7"
"BC_CTTGATTGTATCGTGT","HSC_B7","C6"
"BC_CTTTCAAAGAGGTCAC","HSC_B7","C5"
"BC_CTTTCAACATCTCATT","HSC_B7","C6"
"BC_CTTTCGGAGACCAACG","HSC_B7","C0"
"BC_GAAACCTCATAATGAG","HSC_B7","C7"
"BC_GAAACCTCATATGGCT","HSC_B7","C7"
"BC_GAAACCTGTGAAGCGT","HSC_B7","C7"
"BC_GAAATGAAGGTGCTAG","HSC_B7","C5"
"BC_GAACACTCAGTGACCC","HSC_B7","C7"
"BC_GAACACTTCAAGCCCG","HSC_B7","C7"
"BC_GAACGTTCACGGTGTC","HSC_B7","C0"
"BC_GAACGTTCAGGAAGTC","HSC_B7","C7"
"BC_GAACTGTGTCGTCGGT","HSC_B7","C4"
"BC_GAACTGTTCTTTGGAG","HSC_B7","C7"
"BC_GAAGAATCATCGAACT","HSC_B7","C4"
"BC_GAAGCCCAGTAAGGGA","HSC_B7","C7"
"BC_GAAGCCCCACTCCGAG","HSC_B7","C4"
"BC_GAAGCCCTCATCTACT","HSC_B7","C7"
"BC_GAAGGACAGAGTCTGG","HSC_B7","C4"
"BC_GAAGGACCACATGAAA","HSC_B7","C4"
"BC_GAAGGGTAGCAACTTC","HSC_B7","C5"
"BC_GAAGGGTCAACCGCTG","HSC_B7","C5"
"BC_GAAGGGTGTGTGTGTT","HSC_B7","C4"
"BC_GAAGGGTTCGCTGCGA","HSC_B7","C7"
"BC_GAAGTAATCTACGGGC","HSC_B7","C4"
"BC_GAATAGACAGAGGCTA","HSC_B7","C0"
"BC_GAATAGACATCCGAAT","HSC_B7","C4"
"BC_GAATCACCATACGCAT","HSC_B7","C4"
"BC_GAATCACTCGGAACTT","HSC_B7","C6"
"BC_GACACGCAGTGCACAG","HSC_B7","C7"
"BC_GACACGCCAGCCGGTT","HSC_B7","C7"
"BC_GACACGCGTCAACATC","HSC_B7","C6"
"BC_GACACGCGTCGGAAAC","HSC_B7","C7"
"BC_GACACGCTCTAGTTCT","HSC_B7","C5"
"BC_GACAGCCAGCTCCATA","HSC_B7","C0"
"BC_GACAGCCCATCTTCGC","HSC_B7","C5"
"BC_GACAGCCGTGACTGTT","HSC_B7","C4"
"BC_GACATCACAGTCACGC","HSC_B7","C1"
"BC_GACATCACATCGAACT","HSC_B7","C4"
"BC_GACCAATGTTGGCTAT","HSC_B7","C7"
"BC_GACCAATTCTCCACTG","HSC_B7","C3"
"BC_GACCCAGTCGTGTTCC","HSC_B7","C7"
"BC_GACCCTTCATTCACCC","HSC_B7","C7"
"BC_GACCGTGAGGCCTAGA","HSC_B7","C7"
"BC_GACCGTGTCGAGTGAG","HSC_B7","C7"
"BC_GACCTTCAGACGCCCT","HSC_B7","C7"
"BC_GACCTTCAGCCATCCG","HSC_B7","C6"
"BC_GACCTTCAGTAATCCC","HSC_B7","C6"
"BC_GACCTTCGTAGGCTGA","HSC_B7","C7"
"BC_GACGCTGAGCCGTTAT","HSC_B7","C1"
"BC_GACGCTGCACAAACGG","HSC_B7","C7"
"BC_GACGCTGGTACGCTAT","HSC_B7","C7"
"BC_GACGTTAAGGTTAGTA","HSC_B7","C3"
"BC_GACGTTACAGCACCCA","HSC_B7","C5"
"BC_GACTATGAGTAGCAAT","HSC_B7","C0"
"BC_GACTATGCACTTCAGA","HSC_B7","C4"
"BC_GACTATGGTTTGCAGT","HSC_B7","C7"
"BC_GACTCAAAGATCGGTG","HSC_B7","C7"
"BC_GACTCAACAGGACATG","HSC_B7","C7"
"BC_GACTCAATCCTATTTG","HSC_B7","C4"
"BC_GACTCTCGTTCGCGTG","HSC_B7","C0"
"BC_GACTCTCTCTCCTACG","HSC_B7","C6"
"BC_GACTGATAGAGTTCGG","HSC_B7","C0"
"BC_GACTGATTCGTAGCTA","HSC_B7","C4"
"BC_GACTTCCAGGGCTAAC","HSC_B7","C7"
"BC_GAGAAATTCATGTCAG","HSC_B7","C5"
"BC_GAGAAATTCTCGAACA","HSC_B7","C6"
"BC_GAGACCCAGAAACCAT","HSC_B7","C5"
"BC_GAGACTTCAATGAAAC","HSC_B7","C5"
"BC_GAGAGGTCAAACCACT","HSC_B7","C0"
"BC_GAGAGGTTCAAGTGGG","HSC_B7","C4"
"BC_GAGAGGTTCATCAGTG","HSC_B7","C7"
"BC_GAGATGGCACATCCCT","HSC_B7","C0"
"BC_GAGATGGTCGTTCGCT","HSC_B7","C6"
"BC_GAGCTGCAGTGCGCTC","HSC_B7","C7"
"BC_GAGCTGCGTGAAGCTG","HSC_B7","C5"
"BC_GAGGCAAAGCTCCCTT","HSC_B7","C7"
"BC_GAGGCAAAGGCACTCC","HSC_B7","C7"
"BC_GAGGCAAAGGGTTAAT","HSC_B7","C4"
"BC_GAGGCAACAGAGTAAT","HSC_B7","C4"
"BC_GAGGCAATCAAGAGTA","HSC_B7","C5"
"BC_GAGGCCTAGACTCCGC","HSC_B7","C7"
"BC_GAGGCCTAGACTTAAG","HSC_B7","C5"
"BC_GAGGCCTCATATAGCC","HSC_B7","C7"
"BC_GAGGCCTTCAGCACCG","HSC_B7","C1"
"BC_GAGGGATCAGCTGTGC","HSC_B7","C3"
"BC_GAGGGATGTCTTGAGT","HSC_B7","C5"
"BC_GAGGGTATCAAGCCAT","HSC_B7","C6"
"BC_GAGTCATAGAGTGTGC","HSC_B7","C7"
"BC_GAGTCATAGGATTTCC","HSC_B7","C7"
"BC_GAGTCATAGTGATGGC","HSC_B7","C7"
"BC_GAGTCATCAGCATGCC","HSC_B7","C4"
"BC_GAGTCATTCAAGCTTG","HSC_B7","C7"
"BC_GAGTCTACATTGACTG","HSC_B7","C7"
"BC_GAGTCTAGTCCATAGT","HSC_B7","C7"
"BC_GAGTGAGCACACCAGC","HSC_B7","C5"
"BC_GAGTGAGGTATAGGAT","HSC_B7","C7"
"BC_GAGTGTTGTAAGTAGT","HSC_B7","C1"
"BC_GAGTTACTCTAGTGTG","HSC_B7","C7"
"BC_GAGTTTGCACTCAAGT","HSC_B7","C1"
"BC_GAGTTTGCACTGGACC","HSC_B7","C7"
"BC_GAGTTTGCACTTCCTG","HSC_B7","C6"
"BC_GATAGAAAGGGATCGT","HSC_B7","C7"
"BC_GATAGAAAGGGTTAGC","HSC_B7","C7"
"BC_GATAGAACAAGGTCTT","HSC_B7","C5"
"BC_GATAGAACACACCGAC","HSC_B7","C7"
"BC_GATAGAACAGAGACTG","HSC_B7","C6"
"BC_GATAGCTTCCACAAGT","HSC_B7","C6"
"BC_GATAGCTTCGAGAACG","HSC_B7","C0"
"BC_GATCACACACGACCTG","HSC_B7","C7"
"BC_GATCACATCGTTCCCA","HSC_B7","C7"
"BC_GATCAGTCATCCGATA","HSC_B7","C6"
"BC_GATCATGCAGATAAAC","HSC_B7","C7"
"BC_GATCATGGTACCGTGC","HSC_B7","C7"
"BC_GATCCCTCAAGATTGA","HSC_B7","C7"
"BC_GATCCCTGTTACGGAG","HSC_B7","C4"
"BC_GATCGTACAGCCTATA","HSC_B7","C8"
"BC_GATGACTAGCGAATGC","HSC_B7","C7"
"BC_GATGACTGTGGTTCTA","HSC_B7","C7"
"BC_GATGAGGAGCTGCGAA","HSC_B7","C7"
"BC_GATGAGGAGGACATCG","HSC_B7","C7"
"BC_GATGAGGTCCGAGATT","HSC_B7","C7"
"BC_GATGATCCATGAGAAT","HSC_B7","C6"
"BC_GATGCTAAGATGCCGA","HSC_B7","C7"
"BC_GATGCTAGTCTCGACG","HSC_B7","C7"
"BC_GATGGAGAGACGGTCA","HSC_B7","C7"
"BC_GATGGAGTCAGAATAG","HSC_B7","C4"
"BC_GATGTTGCAACTTGGT","HSC_B7","C7"
"BC_GATGTTGCATAACTCG","HSC_B7","C7"
"BC_GATTCGAAGGTAAAGG","HSC_B7","C4"
"BC_GATTCGAAGTCATGAA","HSC_B7","C5"
"BC_GATTCGAGTCTCGCGA","HSC_B7","C8"
"BC_GATTCGATCTCCAATT","HSC_B7","C7"
"BC_GATTGGTAGTCCCGGT","HSC_B7","C6"
"BC_GATTGGTGTACAGCGA","HSC_B7","C4"
"BC_GATTTCTAGGTTGGTG","HSC_B7","C5"
"BC_GATTTCTTCATGGATC","HSC_B7","C5"
"BC_GCAACATTCGTGTGAT","HSC_B7","C4"
"BC_GCAACCGTCCACTGAA","HSC_B7","C4"
"BC_GCAACCGTCGAATCCA","HSC_B7","C5"
"BC_GCAACCGTCTTGCAGA","HSC_B7","C7"
"BC_GCACATACACAGCTGC","HSC_B7","C4"
"BC_GCACATAGTCGAGCAA","HSC_B7","C5"
"BC_GCACATATCGAAGCCC","HSC_B7","C4"
"BC_GCACGGTGTCGTACAT","HSC_B7","C7"
"BC_GCACGTGAGCAAGTGC","HSC_B7","C6"
"BC_GCACGTGCATGGAGAC","HSC_B7","C7"
"BC_GCACGTGGTTCTCTCG","HSC_B7","C4"
"BC_GCACGTGGTTCTTCAT","HSC_B7","C6"
"BC_GCACGTGTCCGCTGTT","HSC_B7","C5"
"BC_GCACTAATCGTCGACG","HSC_B7","C7"
"BC_GCACTAATCTGAATCG","HSC_B7","C4"
"BC_GCAGCCATCTCAACGA","HSC_B7","C6"
"BC_GCAGCTGAGGTCCCTG","HSC_B7","C4"
"BC_GCAGCTGAGTGCGACA","HSC_B7","C5"
"BC_GCAGCTGGTATGATCC","HSC_B7","C4"
"BC_GCAGGCTAGACCCTTA","HSC_B7","C4"
"BC_GCAGGCTTCTGTTCAT","HSC_B7","C7"
"BC_GCAGTTAGTCGCATTA","HSC_B7","C7"
"BC_GCATCGGGTCGATTTG","HSC_B7","C5"
"BC_GCATCTCCACCTCTGT","HSC_B7","C7"
"BC_GCATCTCGTCCTGTCT","HSC_B7","C4"
"BC_GCATGATGTAGATCCT","HSC_B7","C4"
"BC_GCATGATGTATGGGAC","HSC_B7","C5"
"BC_GCATTAGCAAATAAGC","HSC_B7","C4"
"BC_GCCAACGTCGGTCGGT","HSC_B7","C7"
"BC_GCCAGCAGTGCACGCT","HSC_B7","C4"
"BC_GCCAGCAGTTCTCTAT","HSC_B7","C7"
"BC_GCCATGGCATCGATAC","HSC_B7","C6"
"BC_GCCATGGTCATGACAC","HSC_B7","C7"
"BC_GCCCAGAAGCAACTTC","HSC_B7","C0"
"BC_GCCCAGACAGATTCGT","HSC_B7","C7"
"BC_GCCCGAAGTACTAACC","HSC_B7","C4"
"BC_GCCCGAAGTCACAGTT","HSC_B7","C7"
"BC_GCCGATGAGAGTGTTA","HSC_B7","C4"
"BC_GCCTGTTGTCCACACG","HSC_B7","C7"
"BC_GCCTGTTGTCTCTCAC","HSC_B7","C7"
"BC_GCCTGTTGTCTGTCAA","HSC_B7","C5"
"BC_GCCTGTTGTTCGGTTA","HSC_B7","C0"
"BC_GCGAGAATCTCATAGG","HSC_B7","C3"
"BC_GCGATCGAGTGACACG","HSC_B7","C4"
"BC_GCGATCGTCCCAGCGA","HSC_B7","C4"
"BC_GCGGAAAGTCCTCCTA","HSC_B7","C4"
"BC_GCGGAAATCTCGACGG","HSC_B7","C4"
"BC_GCGGATCCAATGACCT","HSC_B7","C7"
"BC_GCGGATCTCATCGGGC","HSC_B7","C4"
"BC_GCGTGCAAGATACTGA","HSC_B7","C0"
"BC_GCGTGCAAGGAAGTGA","HSC_B7","C2"
"BC_GCGTGCATCCTGGGAC","HSC_B7","C7"
"BC_GCTACAAAGACGCCAA","HSC_B7","C6"
"BC_GCTACAAAGAGTCAGC","HSC_B7","C7"
"BC_GCTACAAGTTCCTAAG","HSC_B7","C7"
"BC_GCTACCTAGAACCGCA","HSC_B7","C7"
"BC_GCTCAAAAGATTGGGC","HSC_B7","C7"
"BC_GCTCAAATCGTCTACC","HSC_B7","C3"
"BC_GCTGAATCACTGAGTT","HSC_B7","C6"
"BC_GCTGAATCATCTAGAC","HSC_B7","C3"
"BC_GCTGAATGTCAGACGA","HSC_B7","C4"
"BC_GCTGCAGAGGTGCTTT","HSC_B7","C6"
"BC_GCTGGGTAGTGGGAAA","HSC_B7","C7"
"BC_GCTGGGTCATGATAGA","HSC_B7","C5"
"BC_GCTTCACAGAACCGCA","HSC_B7","C6"
"BC_GCTTCACTCCGAACGC","HSC_B7","C5"
"BC_GCTTCACTCCTCTGCA","HSC_B7","C7"
"BC_GCTTGGGAGCAATAAC","HSC_B7","C5"
"BC_GCTTGGGGTACAGGTG","HSC_B7","C5"
"BC_GCTTGGGGTTTAGACC","HSC_B7","C3"
"BC_GCTTTCGAGTTTGGCT","HSC_B7","C7"
"BC_GCTTTCGCACGTCATA","HSC_B7","C7"
"BC_GCTTTCGCACTAAACC","HSC_B7","C5"
"BC_GCTTTCGTCAAACCTG","HSC_B7","C4"
"BC_GGAACCCAGCACTCTA","HSC_B7","C7"
"BC_GGAACCCAGGTTTGAA","HSC_B7","C4"
"BC_GGAACCCTCATGCGGC","HSC_B7","C7"
"BC_GGAACCCTCCTACTGC","HSC_B7","C6"
"BC_GGAAGTGCAAGTGGCA","HSC_B7","C7"
"BC_GGAAGTGGTCCACTTC","HSC_B7","C4"
"BC_GGAATCTAGCGGGTTA","HSC_B7","C7"
"BC_GGAATCTTCTCTATAC","HSC_B7","C7"
"BC_GGAATGGGTGAGACCA","HSC_B7","C6"
"BC_GGAATGGGTTTACTTC","HSC_B7","C7"
"BC_GGACGTCAGCTTCTAG","HSC_B7","C0"
"BC_GGAGAACCAAGCTCTA","HSC_B7","C4"
"BC_GGAGAACGTTGCGAAG","HSC_B7","C4"
"BC_GGAGCAACACTTCAAG","HSC_B7","C3"
"BC_GGAGCAAGTAGATTAG","HSC_B7","C4"
"BC_GGAGCAAGTGCGAGTA","HSC_B7","C7"
"BC_GGAGCAATCCCTGGTT","HSC_B7","C4"
"BC_GGAGGATTCAGGACGA","HSC_B7","C7"
"BC_GGAGGTAAGGTCCCGT","HSC_B7","C7"
"BC_GGAGGTAAGTATTGCC","HSC_B7","C5"
"BC_GGAGGTATCGCGCTGA","HSC_B7","C6"
"BC_GGATCTAGTACTAAGA","HSC_B7","C7"
"BC_GGATCTAGTGACCTGC","HSC_B7","C5"
"BC_GGATCTATCCGTGACG","HSC_B7","C4"
"BC_GGATGTTTCCGAAGGA","HSC_B7","C7"
"BC_GGATGTTTCTGTCCGT","HSC_B7","C6"
"BC_GGCACGTAGGTTCATC","HSC_B7","C7"
"BC_GGCACGTAGTTGGCTT","HSC_B7","C1"
"BC_GGCACGTGTCGAATTC","HSC_B7","C7"
"BC_GGCAGTCCACCCAACG","HSC_B7","C3"
"BC_GGCAGTCGTATTTCTC","HSC_B7","C3"
"BC_GGCGTCACAGGCCCTA","HSC_B7","C5"
"BC_GGCTGTGGTGTATTCG","HSC_B7","C7"
"BC_GGCTGTGGTTAACAGA","HSC_B7","C6"
"BC_GGCTTGGAGGATTCAA","HSC_B7","C7"
"BC_GGCTTGGAGTATTAGG","HSC_B7","C7"
"BC_GGCTTTCCAATACAGA","HSC_B7","C7"
"BC_GGCTTTCCAGGTACGA","HSC_B7","C4"
"BC_GGCTTTCCATGTGGCC","HSC_B7","C7"
"BC_GGCTTTCGTGTTATCG","HSC_B7","C7"
"BC_GGGAAGTGTCATGACT","HSC_B7","C7"
"BC_GGGAAGTTCATGCTAG","HSC_B7","C7"
"BC_GGGACAAAGATGTAGT","HSC_B7","C7"
"BC_GGGACAAGTAGATCCT","HSC_B7","C4"
"BC_GGGACCTTCTTCTTCC","HSC_B7","C3"
"BC_GGGACTCCAAGCGAGT","HSC_B7","C7"
"BC_GGGACTCCAAGTGCAG","HSC_B7","C7"
"BC_GGGACTCTCCACTGGG","HSC_B7","C5"
"BC_GGGAGTAGTCGCATGC","HSC_B7","C7"
"BC_GGGATCCAGATAGCAT","HSC_B7","C7"
"BC_GGGATCCAGTTAGAAC","HSC_B7","C0"
"BC_GGGATCCTCGACGATT","HSC_B7","C7"
"BC_GGGATGAGTACATACC","HSC_B7","C7"
"BC_GGGCCATCAACAAGAT","HSC_B7","C7"
"BC_GGGCCATTCCAGTTCC","HSC_B7","C3"
"BC_GGGCTACAGTTCCGGC","HSC_B7","C4"
"BC_GGGCTACTCGCTAAAC","HSC_B7","C4"
"BC_GGGCTCACAATGTCAC","HSC_B7","C4"
"BC_GGGCTCACATCTGTTT","HSC_B7","C5"
"BC_GGGCTCATCACTCACC","HSC_B7","C7"
"BC_GGGTAGAGTTGAGGAC","HSC_B7","C4"
"BC_GGGTAGATCCTACACC","HSC_B7","C6"
"BC_GGGTATTCACTGTCGG","HSC_B7","C6"
"BC_GGGTCACGTTCTTGTT","HSC_B7","C6"
"BC_GGGTCTGAGCTTTCTT","HSC_B7","C7"
"BC_GGGTCTGAGGAGCTGT","HSC_B7","C6"
"BC_GGGTCTGTCTTTGCAT","HSC_B7","C7"
"BC_GGGTGAAAGCGACTAG","HSC_B7","C7"
"BC_GGGTGAAAGCTGCCTG","HSC_B7","C5"
"BC_GGGTGAACATTCTCTA","HSC_B7","C7"
"BC_GGGTGAAGTCATGACT","HSC_B7","C6"
"BC_GGGTGTCCACGCTGAC","HSC_B7","C0"
"BC_GGGTTATAGACCAGCA","HSC_B7","C5"
"BC_GGGTTTAAGTTAGTGA","HSC_B7","C4"
"BC_GGTAACTCACTTCTCG","HSC_B7","C7"
"BC_GGTAACTGTGGTCCCA","HSC_B7","C4"
"BC_GGTAATCGTGTTCGAT","HSC_B7","C4"
"BC_GGTCACGAGTCGTCTA","HSC_B7","C0"
"BC_GGTCACGCATGCTGCG","HSC_B7","C7"
"BC_GGTCACGGTGAGCTCC","HSC_B7","C4"
"BC_GGTGAAGCACATACGT","HSC_B7","C5"
"BC_GGTGAAGTCGTTCCTG","HSC_B7","C6"
"BC_GGTGGCTTCATGCATG","HSC_B7","C0"
"BC_GGTGTCGCATGCGTGC","HSC_B7","C3"
"BC_GGTGTCGGTGCTGCAC","HSC_B7","C5"
"BC_GGTGTTAGTGCTATTG","HSC_B7","C4"
"BC_GGTGTTATCGCCAATA","HSC_B7","C6"
"BC_GGTTAACAGGACTTCT","HSC_B7","C4"
"BC_GGTTCTCCATGTGTCA","HSC_B7","C4"
"BC_GGTTGTAAGGCCCAAA","HSC_B7","C1"
"BC_GTAAGTCAGACTCTAC","HSC_B7","C4"
"BC_GTAAGTCGTTTCGCTC","HSC_B7","C7"
"BC_GTACAACCATGGCCCA","HSC_B7","C6"
"BC_GTACAGTAGCGGACAT","HSC_B7","C7"
"BC_GTAGAAAAGCAGGGAG","HSC_B7","C7"
"BC_GTAGAGGAGGCCTGAA","HSC_B7","C5"
"BC_GTAGAGGTCTTTGATC","HSC_B7","C4"
"BC_GTAGATCGTTGTTTGG","HSC_B7","C7"
"BC_GTAGCTAAGGTGCCAA","HSC_B7","C7"
"BC_GTAGGTTAGGTACCTT","HSC_B7","C6"
"BC_GTAGGTTCAGACGGAT","HSC_B7","C7"
"BC_GTAGGTTCAGGAGGTT","HSC_B7","C6"
"BC_GTAGGTTGTCGAGCTC","HSC_B7","C4"
"BC_GTAGTACAGGTTCATC","HSC_B7","C0"
"BC_GTAGTACAGTGCCGAA","HSC_B7","C4"
"BC_GTAGTACAGTGTCATC","HSC_B7","C7"
"BC_GTAGTACTCAACACCA","HSC_B7","C7"
"BC_GTAGTACTCAGTCACA","HSC_B7","C5"
"BC_GTAGTACTCCTCTTTC","HSC_B7","C4"
"BC_GTAGTACTCGTGGAAG","HSC_B7","C7"
"BC_GTATTGGGTGTGCCTG","HSC_B7","C7"
"BC_GTATTGGTCTAGCCAA","HSC_B7","C0"
"BC_GTATTTCCAGTTGTCA","HSC_B7","C7"
"BC_GTATTTCGTAGCGAGT","HSC_B7","C7"
"BC_GTATTTCGTCGAAACG","HSC_B7","C7"
"BC_GTATTTCGTGGTTTGT","HSC_B7","C7"
"BC_GTATTTCTCTCGCAGG","HSC_B7","C6"
"BC_GTCAAACAGTCATAGA","HSC_B7","C7"
"BC_GTCAAGTCACGACAGA","HSC_B7","C5"
"BC_GTCAAGTTCCTGTACC","HSC_B7","C7"
"BC_GTCACGGAGCCTAACT","HSC_B7","C7"
"BC_GTCACGGCACCCGTAG","HSC_B7","C4"
"BC_GTCACGGCACTTCCTG","HSC_B7","C7"
"BC_GTCACTCAGTCATCCA","HSC_B7","C5"
"BC_GTCACTCGTAATGTGA","HSC_B7","C4"
"BC_GTCAGCGAGGGACAGG","HSC_B7","C7"
"BC_GTCAGCGCAGCTTTCC","HSC_B7","C6"
"BC_GTCATCCGTACCCGAC","HSC_B7","C7"
"BC_GTCATGAAGACGATAT","HSC_B7","C7"
"BC_GTCATGAGTGAACGGT","HSC_B7","C7"
"BC_GTCATTTCACTTGACA","HSC_B7","C7"
"BC_GTCATTTGTAGACACG","HSC_B7","C7"
"BC_GTCCACTCACTAGTAC","HSC_B7","C7"
"BC_GTCCACTCATGACTCA","HSC_B7","C4"
"BC_GTCCACTGTTTGTTGG","HSC_B7","C7"
"BC_GTCCCATCACCGGCTA","HSC_B7","C7"
"BC_GTCCCATGTGGAGAAA","HSC_B7","C5"
"BC_GTCCCATTCCTCCACA","HSC_B7","C7"
"BC_GTCCTCACAAGGCCTC","HSC_B7","C7"
"BC_GTCGAATCACCGGCTA","HSC_B7","C5"
"BC_GTCGAATGTTATCTTC","HSC_B7","C7"
"BC_GTCGCGAGTATTAAGG","HSC_B7","C4"
"BC_GTCGCGAGTCGCAGTC","HSC_B7","C8"
"BC_GTCGCGAGTGAACCGA","HSC_B7","C6"
"BC_GTCGTTCCATCGTCCT","HSC_B7","C7"
"BC_GTCTACCTCTTGGCTC","HSC_B7","C7"
"BC_GTCTCACGTCGTGCCA","HSC_B7","C6"
"BC_GTCTCACTCAAGAAAC","HSC_B7","C1"
"BC_GTCTGTCAGGTTGCCC","HSC_B7","C5"
"BC_GTCTGTCCATGTCAGT","HSC_B7","C7"
"BC_GTCTGTCGTAAGCGGT","HSC_B7","C6"
"BC_GTCTGTCGTAGGCTGA","HSC_B7","C6"
"BC_GTCTGTCGTATAGGGC","HSC_B7","C7"
"BC_GTCTTTAAGGTATAGT","HSC_B7","C6"
"BC_GTCTTTAAGTCGGCCT","HSC_B7","C4"
"BC_GTGACGCCAGCACACC","HSC_B7","C5"
"BC_GTGACGCGTACTGAGG","HSC_B7","C5"
"BC_GTGACGCGTGCTCCGA","HSC_B7","C5"
"BC_GTGAGCCAGAAGTCAT","HSC_B7","C6"
"BC_GTGAGCCTCATTGCCC","HSC_B7","C0"
"BC_GTGAGGACAAGTCCCG","HSC_B7","C4"
"BC_GTGAGGACAGTTGGTT","HSC_B7","C7"
"BC_GTGAGTTGTTACGATC","HSC_B7","C7"
"BC_GTGATGTCACGACAAG","HSC_B7","C0"
"BC_GTGATGTGTACCACGC","HSC_B7","C4"
"BC_GTGATGTGTATGCGTT","HSC_B7","C4"
"BC_GTGCACGAGGCGAACT","HSC_B7","C7"
"BC_GTGCACGTCAGCTTCC","HSC_B7","C7"
"BC_GTGCAGCGTACTAACC","HSC_B7","C0"
"BC_GTGCTTCCATAAGATG","HSC_B7","C6"
"BC_GTGGAGAAGTAAGCAT","HSC_B7","C4"
"BC_GTGGAGATCCCAATAG","HSC_B7","C3"
"BC_GTGGCGTAGACTTCAC","HSC_B7","C6"
"BC_GTGGCGTAGGCACTAG","HSC_B7","C0"
"BC_GTGGGAAGTAAGCTCT","HSC_B7","C6"
"BC_GTGGGAAGTATCGTAC","HSC_B7","C5"
"BC_GTGGTTACAGTCTGGC","HSC_B7","C7"
"BC_GTGGTTAGTACTCAAC","HSC_B7","C5"
"BC_GTGGTTATCTCGTGGG","HSC_B7","C4"
"BC_GTGTAACGTATCACGT","HSC_B7","C5"
"BC_GTGTAACGTCGGCTAC","HSC_B7","C7"
"BC_GTGTAACTCGTGGGAA","HSC_B7","C5"
"BC_GTGTAACTCTCGAACA","HSC_B7","C4"
"BC_GTGTCCTAGTTGAAGT","HSC_B7","C7"
"BC_GTGTCCTCAAGCGCAA","HSC_B7","C7"
"BC_GTGTCCTGTATGTCAC","HSC_B7","C3"
"BC_GTGTGATAGCTACGTT","HSC_B7","C4"
"BC_GTGTGATTCGTCCTCA","HSC_B7","C7"
"BC_GTGTGGCCATTGACCA","HSC_B7","C7"
"BC_GTGTGGCGTCGTACAT","HSC_B7","C7"
"BC_GTGTGGCTCTTGGTGA","HSC_B7","C6"
"BC_GTGTTAGCACAAAGTA","HSC_B7","C7"
"BC_GTGTTAGTCATGCAGT","HSC_B7","C4"
"BC_GTGTTCCAGCAAGGAA","HSC_B7","C7"
"BC_GTGTTCCAGTGGTCAG","HSC_B7","C7"
"BC_GTGTTCCCATGGAAGC","HSC_B7","C3"
"BC_GTGTTCCGTGAGAGGG","HSC_B7","C7"
"BC_GTGTTCCGTTCCATTT","HSC_B7","C7"
"BC_GTGTTCCTCATGTCAG","HSC_B7","C7"
"BC_GTTACAGCACTCCACT","HSC_B7","C7"
"BC_GTTACAGCACTGGAAG","HSC_B7","C4"
"BC_GTTACAGCAGTTACCA","HSC_B7","C5"
"BC_GTTACAGTCCAAAGGG","HSC_B7","C5"
"BC_GTTACCCCAACGCCCA","HSC_B7","C7"
"BC_GTTACCCCATGGAACG","HSC_B7","C7"
"BC_GTTACCCGTCTGATAC","HSC_B7","C0"
"BC_GTTACGAAGACGACTG","HSC_B7","C4"
"BC_GTTACGAGTACAAACA","HSC_B7","C7"
"BC_GTTAGACTCTATACGG","HSC_B7","C7"
"BC_GTTATGGAGGACATCG","HSC_B7","C5"
"BC_GTTATGGGTACGAAAT","HSC_B7","C7"
"BC_GTTATGGTCATGAGGG","HSC_B7","C0"
"BC_GTTCATTAGGTCATCT","HSC_B7","C1"
"BC_GTTCATTGTCATCGGC","HSC_B7","C6"
"BC_GTTCATTGTCTTTCAT","HSC_B7","C4"
"BC_GTTCCGTGTCATCCCT","HSC_B7","C4"
"BC_GTTCGCTCACATGACT","HSC_B7","C3"
"BC_GTTCGCTCACCAAAGG","HSC_B7","C4"
"BC_GTTCGCTGTATCATGC","HSC_B7","C7"
"BC_GTTCTATAGATACTGA","HSC_B7","C4"
"BC_GTTCTATAGCACACAG","HSC_B7","C7"
"BC_GTTGAACGTCAGTCTA","HSC_B7","C6"
"BC_GTTGAACGTTAAACAG","HSC_B7","C7"
"BC_GTTGCGGAGCTGACAG","HSC_B7","C6"
"BC_GTTGCGGGTCCACGCA","HSC_B7","C7"
"BC_GTTGCGGTCATCACCC","HSC_B7","C4"
"BC_GTTGCTCAGTCCGCGT","HSC_B7","C6"
"BC_GTTGCTCGTCCAATCA","HSC_B7","C4"
"BC_GTTGCTCGTGACTCTA","HSC_B7","C7"
"BC_GTTGCTCGTGCCTGCA","HSC_B7","C4"
"BC_GTTGTAGCAATAACCC","HSC_B7","C7"
"BC_GTTGTAGGTGTCCGGT","HSC_B7","C4"
"BC_GTTGTCCGTCGCAACC","HSC_B7","C7"
"BC_GTTGTGAGTGCTTCAA","HSC_B7","C7"
"BC_GTTGTGATCACGATAC","HSC_B7","C7"
"BC_GTTTACTTCCATACAG","HSC_B7","C7"
"BC_GTTTGGAAGCGTACAG","HSC_B7","C7"
"BC_TAACACGAGTAGGTTA","HSC_B7","C5"
"BC_TAACACGGTGCATCTA","HSC_B7","C8"
"BC_TAACACGGTGCCCTTT","HSC_B7","C5"
"BC_TAACACGGTTCGATTG","HSC_B7","C7"
"BC_TAACACGTCTCAATCT","HSC_B7","C7"
"BC_TAACACGTCTCTCGAC","HSC_B7","C4"
"BC_TAACCAGCAAGTTGGG","HSC_B7","C7"
"BC_TAACCAGGTGGCTCTG","HSC_B7","C4"
"BC_TAACCAGTCTGAGAAA","HSC_B7","C3"
"BC_TAACGACTCTCTCGAC","HSC_B7","C3"
"BC_TAACTTCAGTCGAAGC","HSC_B7","C4"
"BC_TAACTTCGTACCACGC","HSC_B7","C6"
"BC_TAAGCACAGGTCATTC","HSC_B7","C7"
"BC_TAAGCACAGTGACCTT","HSC_B7","C7"
"BC_TAAGCACAGTTTGGCT","HSC_B7","C7"
"BC_TAAGCACTCACCTTAT","HSC_B7","C6"
"BC_TAAGCCAAGCCTCTTC","HSC_B7","C3"
"BC_TAAGCCAGTCACGTGC","HSC_B7","C6"
"BC_TAAGCGTTCTAGCAAC","HSC_B7","C6"
"BC_TAAGTCGGTCCTCCTA","HSC_B7","C1"
"BC_TAATCTCCATGCCGGT","HSC_B7","C7"
"BC_TAATCTCCATTGCTGA","HSC_B7","C6"
"BC_TAATCTCTCACTTGTT","HSC_B7","C7"
"BC_TAATTCCCACTTACAG","HSC_B7","C6"
"BC_TAATTCCGTCACAATC","HSC_B7","C6"
"BC_TACAACGCAACGATTC","HSC_B7","C5"
"BC_TACAACGCAATGTGGG","HSC_B7","C7"
"BC_TACACCCTCGTGACTA","HSC_B7","C1"
"BC_TACAGGTTCCACCCTA","HSC_B7","C7"
"BC_TACAGGTTCGTCTCAC","HSC_B7","C5"
"BC_TACAGGTTCTAGTGTG","HSC_B7","C5"
"BC_TACATTCCATGTTCAG","HSC_B7","C5"
"BC_TACCCACGTATCCCTC","HSC_B7","C4"
"BC_TACCCACGTCAACGCC","HSC_B7","C6"
"BC_TACCCGTCAGGAATAT","HSC_B7","C6"
"BC_TACCCGTCATGCCATA","HSC_B7","C5"
"BC_TACCGAAGTACAGAGC","HSC_B7","C7"
"BC_TACCGGGAGAAGAACG","HSC_B7","C7"
"BC_TACCTCGGTCCTGAAT","HSC_B7","C7"
"BC_TACCTCGTCATGACAC","HSC_B7","C4"
"BC_TACCTGCCAGGACTAG","HSC_B7","C5"
"BC_TACCTGCTCAGTCACA","HSC_B7","C7"
"BC_TACCTGCTCGGTCACG","HSC_B7","C7"
"BC_TACCTGCTCTCATTAC","HSC_B7","C3"
"BC_TACGCTCCAGCTGAAG","HSC_B7","C4"
"BC_TACGGGCGTTCCGCAG","HSC_B7","C4"
"BC_TACGGTACACGGCACT","HSC_B7","C7"
"BC_TACGTCCGTCTTCGAA","HSC_B7","C7"
"BC_TACTGCCTCCACTGAA","HSC_B7","C7"
"BC_TACTGCCTCGGCTGAC","HSC_B7","C7"
"BC_TACTTACAGTCGCCCA","HSC_B7","C5"
"BC_TACTTACGTCGACTGC","HSC_B7","C1"
"BC_TACTTCACATACTGAC","HSC_B7","C1"
"BC_TACTTGTGTACGTGTT","HSC_B7","C7"
"BC_TAGACCAAGGTCATAA","HSC_B7","C7"
"BC_TAGACCACAGATGCGA","HSC_B7","C0"
"BC_TAGACTGAGTCGCCAC","HSC_B7","C7"
"BC_TAGACTGCATGTTCGA","HSC_B7","C7"
"BC_TAGATCGGTACGACAG","HSC_B7","C4"
"BC_TAGGAGGAGGGCAATC","HSC_B7","C7"
"BC_TAGGAGGCATGTGGCC","HSC_B7","C7"
"BC_TAGGGTTTCACAAGAA","HSC_B7","C7"
"BC_TAGGTTGAGCGTGCTC","HSC_B7","C7"
"BC_TAGGTTGAGGACAGTC","HSC_B7","C7"
"BC_TAGGTTGTCTAGTTCT","HSC_B7","C6"
"BC_TAGTGCATCTTAGTTC","HSC_B7","C7"
"BC_TATACCTAGTAGATCA","HSC_B7","C6"
"BC_TATACCTGTGGGATTG","HSC_B7","C4"
"BC_TATATCCAGATGAACT","HSC_B7","C0"
"BC_TATATCCTCCGATCTC","HSC_B7","C7"
"BC_TATCCTAAGTAGGGTC","HSC_B7","C6"
"BC_TATCCTACACGCTATA","HSC_B7","C7"
"BC_TATCCTAGTAGGGAGG","HSC_B7","C7"
"BC_TATCGCCCAGCCGTTG","HSC_B7","C7"
"BC_TATCGCCGTATCGTTG","HSC_B7","C0"
"BC_TATCGCCGTCCGCAGT","HSC_B7","C4"
"BC_TATCGCCTCGGTTCAA","HSC_B7","C4"
"BC_TATCTTGTCGCCATAA","HSC_B7","C7"
"BC_TATCTTGTCGCGGTAC","HSC_B7","C4"
"BC_TATGTTCAGATCCCGC","HSC_B7","C0"
"BC_TATGTTCCAAAGAACT","HSC_B7","C7"
"BC_TATGTTCGTTCCGCAG","HSC_B7","C6"
"BC_TATGTTCTCTGTAAGC","HSC_B7","C7"
"BC_TATTCCACAATTGAAG","HSC_B7","C6"
"BC_TATTCCACACATGAAA","HSC_B7","C7"
"BC_TATTGCTGTGCCTAAT","HSC_B7","C4"
"BC_TATTGGGTCTATCGCC","HSC_B7","C4"
"BC_TCAAGACCAATTCGTG","HSC_B7","C4"
"BC_TCAAGACCACCCTCTA","HSC_B7","C6"
"BC_TCAAGCAGTTCTCCAC","HSC_B7","C7"
"BC_TCAAGTGCAACCGTGC","HSC_B7","C7"
"BC_TCAAGTGCACTAGGCC","HSC_B7","C7"
"BC_TCAAGTGGTTCCGCTT","HSC_B7","C7"
"BC_TCAAGTGTCTACTGCC","HSC_B7","C0"
"BC_TCAATCTGTCAACCAT","HSC_B7","C4"
"BC_TCAATCTTCTTCTCAA","HSC_B7","C4"
"BC_TCAATTCCAGGCATGA","HSC_B7","C7"
"BC_TCAATTCTCATCCTGC","HSC_B7","C7"
"BC_TCACAAGCACACAGAG","HSC_B7","C5"
"BC_TCACAAGCAGTATTCG","HSC_B7","C5"
"BC_TCACAAGTCTCATGGA","HSC_B7","C7"
"BC_TCACACCAGACTTCAC","HSC_B7","C0"
"BC_TCACGGGCAAGCACCC","HSC_B7","C7"
"BC_TCACGGGGTCAGACTT","HSC_B7","C5"
"BC_TCACTATTCTAGGCCG","HSC_B7","C6"
"BC_TCAGCAAAGGATACCG","HSC_B7","C3"
"BC_TCAGGTACATGTCTAG","HSC_B7","C4"
"BC_TCAGGTATCCTCTGCA","HSC_B7","C4"
"BC_TCAGTCCAGAATTCAG","HSC_B7","C5"
"BC_TCAGTCCGTTGCTGAT","HSC_B7","C6"
"BC_TCATACTAGACCGTTT","HSC_B7","C1"
"BC_TCATACTAGTTGTAGA","HSC_B7","C4"
"BC_TCATACTGTGAGAACC","HSC_B7","C4"
"BC_TCATATCAGAGGATGA","HSC_B7","C4"
"BC_TCATATCGTATCGTGT","HSC_B7","C7"
"BC_TCATCATGTCTCAGAT","HSC_B7","C5"
"BC_TCATCATTCTCTAGGA","HSC_B7","C7"
"BC_TCATCCGCACCCAATA","HSC_B7","C7"
"BC_TCATCCGCAGAGTAAT","HSC_B7","C5"
"BC_TCATCCGTCGATACGT","HSC_B7","C5"
"BC_TCATGAGCACTGCGAC","HSC_B7","C3"
"BC_TCATGAGCAGAGTTCT","HSC_B7","C7"
"BC_TCATGAGGTACCATAC","HSC_B7","C7"
"BC_TCATGAGTCTGAATGC","HSC_B7","C7"
"BC_TCATGCCAGTCCGCGT","HSC_B7","C7"
"BC_TCATGCCCACCTGAAT","HSC_B7","C7"
"BC_TCATGCCTCGCGGTAC","HSC_B7","C7"
"BC_TCATGCCTCTCGGCTT","HSC_B7","C7"
"BC_TCATGGAAGGCCTGCT","HSC_B7","C7"
"BC_TCATGGATCCCAGGAC","HSC_B7","C0"
"BC_TCATTACAGCATCGAG","HSC_B7","C5"
"BC_TCATTGTCACCGTGGT","HSC_B7","C7"
"BC_TCATTGTCATGTAACC","HSC_B7","C4"
"BC_TCATTGTGTGGGCTTC","HSC_B7","C7"
"BC_TCATTTGAGACCAAGC","HSC_B7","C4"
"BC_TCCACCACAGCTGTTA","HSC_B7","C3"
"BC_TCCACCATCTCTTAAC","HSC_B7","C7"
"BC_TCCACGTCATCGGAGA","HSC_B7","C4"
"BC_TCCACGTTCTCGCAGG","HSC_B7","C3"
"BC_TCCACGTTCTCTGCTG","HSC_B7","C7"
"BC_TCCAGAAAGATCGCTT","HSC_B7","C4"
"BC_TCCAGAAAGCCACCGT","HSC_B7","C5"
"BC_TCCATGCGTCTGCCTT","HSC_B7","C0"
"BC_TCCCACAAGACCGTTT","HSC_B7","C7"
"BC_TCCCAGTAGAGAGAAC","HSC_B7","C4"
"BC_TCCCAGTAGCATGCAG","HSC_B7","C6"
"BC_TCCCAGTTCCTGTAAG","HSC_B7","C4"
"BC_TCCCAGTTCGGTTAGT","HSC_B7","C7"
"BC_TCCCATGAGCAGATAT","HSC_B7","C6"
"BC_TCCCATGCACGTACTA","HSC_B7","C3"
"BC_TCCCATGCACGTAGTT","HSC_B7","C5"
"BC_TCCCATGCATGACTCA","HSC_B7","C6"
"BC_TCCGGGAAGCGAGTCA","HSC_B7","C5"
"BC_TCCGGGACAAAGGCGT","HSC_B7","C4"
"BC_TCCGGGAGTATCGGTT","HSC_B7","C7"
"BC_TCCGGGAGTGTGACCC","HSC_B7","C4"
"BC_TCCTCCCCAATTGCAC","HSC_B7","C7"
"BC_TCCTCCCGTGGAGAAA","HSC_B7","C4"
"BC_TCCTCCCTCCACGTCT","HSC_B7","C0"
"BC_TCCTCCCTCTGGGCGT","HSC_B7","C3"
"BC_TCCTCGAAGGTGTGAC","HSC_B7","C7"
"BC_TCCTCTTAGATCACTC","HSC_B7","C4"
"BC_TCCTCTTCACTGAGTT","HSC_B7","C1"
"BC_TCCTCTTTCGTCTCAC","HSC_B7","C0"
"BC_TCCTGCAAGCGCTTCG","HSC_B7","C4"
"BC_TCCTGCAGTGCGACAA","HSC_B7","C7"
"BC_TCCTGCATCTGCGGGT","HSC_B7","C6"
"BC_TCCTGCATCTTCGCTG","HSC_B7","C7"
"BC_TCCTTCTCATGGCTGC","HSC_B7","C6"
"BC_TCCTTCTGTCCAGCCA","HSC_B7","C4"
"BC_TCCTTTCAGTCTGCGC","HSC_B7","C7"
"BC_TCGAACACACCAACAT","HSC_B7","C0"
"BC_TCGAACACACGCGCTA","HSC_B7","C5"
"BC_TCGAAGTAGCGCCCAT","HSC_B7","C7"
"BC_TCGAAGTGTAAGATAC","HSC_B7","C6"
"BC_TCGACCTCAGCTGAAG","HSC_B7","C7"
"BC_TCGACCTTCAAACCCA","HSC_B7","C3"
"BC_TCGACCTTCTCGCTTG","HSC_B7","C7"
"BC_TCGACGGGTCTCACAA","HSC_B7","C0"
"BC_TCGACGGTCAGTGTGT","HSC_B7","C7"
"BC_TCGCACTGTCCTGGGT","HSC_B7","C5"
"BC_TCGCAGGAGTCCGCGT","HSC_B7","C5"
"BC_TCGCTTGCATCCCACT","HSC_B7","C6"
"BC_TCGGATAGTGTATCCA","HSC_B7","C7"
"BC_TCGGATAGTTATGACC","HSC_B7","C7"
"BC_TCGGATATCAAAGGAT","HSC_B7","C7"
"BC_TCGGGACAGGTACATA","HSC_B7","C5"
"BC_TCGGGACCAAATCGGG","HSC_B7","C4"
"BC_TCGGGACGTCATGCAT","HSC_B7","C4"
"BC_TCGGGCACAGATCCAT","HSC_B7","C0"
"BC_TCGGGCATCATCGGGC","HSC_B7","C7"
"BC_TCGGGTGCAGGGTCTC","HSC_B7","C6"
"BC_TCGGGTGTCAGCGTCG","HSC_B7","C7"
"BC_TCGGTCTAGCGGACAT","HSC_B7","C5"
"BC_TCGGTCTCACAGAGAC","HSC_B7","C5"
"BC_TCGTAGACACCAGTAT","HSC_B7","C7"
"BC_TCGTAGACACCGTGCA","HSC_B7","C5"
"BC_TCGTCCACATCACCAA","HSC_B7","C5"
"BC_TCGTGCTTCCAACCAA","HSC_B7","C4"
"BC_TCGTGGGCAACAGATA","HSC_B7","C7"
"BC_TCGTGGGTCGATACGT","HSC_B7","C7"
"BC_TCTACATCAACAGCTT","HSC_B7","C6"
"BC_TCTACCGAGGGATCAC","HSC_B7","C7"
"BC_TCTATACCAGCGTTTA","HSC_B7","C4"
"BC_TCTATACTCTAACGCA","HSC_B7","C0"
"BC_TCTATCACATCAGCGC","HSC_B7","C7"
"BC_TCTATCACATCGCTAA","HSC_B7","C7"
"BC_TCTATCATCTACACAG","HSC_B7","C6"
"BC_TCTCACGCACAAATAG","HSC_B7","C0"
"BC_TCTCACGTCACAGTGT","HSC_B7","C4"
"BC_TCTCAGCAGCTAATCC","HSC_B7","C4"
"BC_TCTCCGAAGTAAGCAT","HSC_B7","C4"
"BC_TCTCCGAGTCTTGAAC","HSC_B7","C4"
"BC_TCTCCGATCCGAGTGC","HSC_B7","C7"
"BC_TCTCTGGGTACTCGCG","HSC_B7","C5"
"BC_TCTGGCTAGAGCTGAC","HSC_B7","C7"
"BC_TCTGGCTGTCCATCTC","HSC_B7","C6"
"BC_TCTGTCGAGGGAGTGG","HSC_B7","C0"
"BC_TCTTAGTCAGGCTCTG","HSC_B7","C7"
"BC_TCTTCCTAGTCGGCAA","HSC_B7","C3"
"BC_TCTTGCGTCAACTTTC","HSC_B7","C4"
"BC_TCTTGCGTCACCATAG","HSC_B7","C4"
"BC_TCTTGCGTCTAGTCAG","HSC_B7","C7"
"BC_TCTTTGAAGACATATG","HSC_B7","C7"
"BC_TCTTTGATCCATGCAA","HSC_B7","C7"
"BC_TGAATGCCACAATCTG","HSC_B7","C0"
"BC_TGAATGCTCCATACTT","HSC_B7","C1"
"BC_TGAATGCTCTGCCCTA","HSC_B7","C4"
"BC_TGACAGTAGATGGGCT","HSC_B7","C4"
"BC_TGACAGTGTACAAGCG","HSC_B7","C7"
"BC_TGACCCTAGACGGTTG","HSC_B7","C4"
"BC_TGACCCTGTATCGAAA","HSC_B7","C7"
"BC_TGACCCTGTCAAGCCC","HSC_B7","C6"
"BC_TGACGCGAGAAGATCT","HSC_B7","C5"
"BC_TGACGCGAGTCGAAAT","HSC_B7","C7"
"BC_TGACGCGTCTATTTCG","HSC_B7","C7"
"BC_TGACTCCAGCGACATG","HSC_B7","C7"
"BC_TGACTCCTCCCGGTAG","HSC_B7","C7"
"BC_TGACTCCTCGATCCAA","HSC_B7","C7"
"BC_TGAGACTCACTGAGGA","HSC_B7","C4"
"BC_TGAGCATCAGTAGTGG","HSC_B7","C5"
"BC_TGAGCGCTCATAGGCT","HSC_B7","C4"
"BC_TGAGGAGGTATCAGGG","HSC_B7","C5"
"BC_TGAGGTTCACTACTTT","HSC_B7","C5"
"BC_TGAGTCACAATTGTGC","HSC_B7","C5"
"BC_TGAGTCATCGCAGTTA","HSC_B7","C7"
"BC_TGATCAGGTCAACATC","HSC_B7","C7"
"BC_TGATCAGTCCCGAGTG","HSC_B7","C4"
"BC_TGATCTTGTAGAGATT","HSC_B7","C4"
"BC_TGATGCACACAAGTTC","HSC_B7","C7"
"BC_TGATGGTAGTTGGGAC","HSC_B7","C5"
"BC_TGATGGTCAACGTTAC","HSC_B7","C7"
"BC_TGATGGTGTACCCAGC","HSC_B7","C6"
"BC_TGATGGTGTCAGTTTG","HSC_B7","C0"
"BC_TGATGGTTCGGTGCAC","HSC_B7","C7"
"BC_TGATTCTGTCCATCTC","HSC_B7","C6"
"BC_TGATTTCGTCGGATTT","HSC_B7","C5"
"BC_TGATTTCGTTCTCCTG","HSC_B7","C3"
"BC_TGCACGGTCGTGTCAA","HSC_B7","C7"
"BC_TGCAGATAGGTCACCC","HSC_B7","C7"
"BC_TGCAGATGTCGCACAC","HSC_B7","C7"
"BC_TGCAGATGTTTAAGGA","HSC_B7","C5"
"BC_TGCAGATGTTTGTTCT","HSC_B7","C4"
"BC_TGCAGATTCCTGTACC","HSC_B7","C1"
"BC_TGCAGGCAGATTTGCC","HSC_B7","C0"
"BC_TGCAGGCCAGCGTGCT","HSC_B7","C1"
"BC_TGCATGAAGCAAATCA","HSC_B7","C7"
"BC_TGCATGAAGCCACTCG","HSC_B7","C7"
"BC_TGCCGAGGTCACAGTT","HSC_B7","C7"
"BC_TGCCGAGGTGTTCAGT","HSC_B7","C4"
"BC_TGCCGAGTCGATGCTA","HSC_B7","C3"
"BC_TGCGATAAGGCCGCTT","HSC_B7","C7"
"BC_TGCGATATCGGCACTG","HSC_B7","C0"
"BC_TGCGGCATCGGACTGC","HSC_B7","C5"
"BC_TGCGGCATCTGTGCTC","HSC_B7","C7"
"BC_TGCGGGTCAGATCATC","HSC_B7","C4"
"BC_TGCGGGTTCTGGTTGA","HSC_B7","C6"
"BC_TGCTCCATCAATCGGT","HSC_B7","C0"
"BC_TGCTCCATCCAATCTT","HSC_B7","C7"
"BC_TGCTCCATCGACGATT","HSC_B7","C5"
"BC_TGCTCGTGTCTTCTAT","HSC_B7","C7"
"BC_TGCTCGTGTTACCCAA","HSC_B7","C7"
"BC_TGCTTGCTCGACATAC","HSC_B7","C0"
"BC_TGGAACTAGGGCAAGG","HSC_B7","C7"
"BC_TGGAACTGTTGCTTGA","HSC_B7","C4"
"BC_TGGAGAGAGCACGTCC","HSC_B7","C4"
"BC_TGGAGAGCACACCTGG","HSC_B7","C6"
"BC_TGGAGAGGTATGGTTC","HSC_B7","C5"
"BC_TGGAGAGGTGTGAATA","HSC_B7","C7"
"BC_TGGAGGAAGCTAAGTA","HSC_B7","C5"
"BC_TGGCGTGAGCTCGGCT","HSC_B7","C6"
"BC_TGGCGTGCAACAGTGG","HSC_B7","C5"
"BC_TGGCGTGTCACCCTCA","HSC_B7","C4"
"BC_TGGGAAGAGACATGCG","HSC_B7","C4"
"BC_TGGGAAGGTCAGTCGC","HSC_B7","C0"
"BC_TGGGAAGTCAAAGGAT","HSC_B7","C7"
"BC_TGGGAAGTCTTAGCAG","HSC_B7","C0"
"BC_TGGGAGACAATACGAA","HSC_B7","C5"
"BC_TGGGAGAGTAACCCGC","HSC_B7","C7"
"BC_TGGGAGAGTACGAGTG","HSC_B7","C7"
"BC_TGGGAGAGTGAATTGA","HSC_B7","C7"
"BC_TGGGCGTTCTGCTGAA","HSC_B7","C7"
"BC_TGGTACAGTAGTCCTA","HSC_B7","C5"
"BC_TGGTACATCGACGCGT","HSC_B7","C6"
"BC_TGGTAGTCAGTGAGCA","HSC_B7","C0"
"BC_TGGTAGTCATTAGGAA","HSC_B7","C7"
"BC_TGGTGATAGACGGTCA","HSC_B7","C0"
"BC_TGGTGATCAAGCGATG","HSC_B7","C7"
"BC_TGGTTAGGTGGCTCTG","HSC_B7","C5"
"BC_TGTAACGAGGTAGTCG","HSC_B7","C7"
"BC_TGTAACGAGTCCCAAT","HSC_B7","C7"
"BC_TGTAACGGTACGATCT","HSC_B7","C4"
"BC_TGTAACGTCGAAGGAC","HSC_B7","C4"
"BC_TGTAAGCCAGACCTGC","HSC_B7","C4"
"BC_TGTACAGAGTCTAACC","HSC_B7","C7"
"BC_TGTACAGAGTTCATGC","HSC_B7","C4"
"BC_TGTAGACCAGCTCGGT","HSC_B7","C6"
"BC_TGTCAGAAGCCTCACG","HSC_B7","C6"
"BC_TGTCAGAAGCGTCGAA","HSC_B7","C7"
"BC_TGTCCACTCGTTCCTG","HSC_B7","C7"
"BC_TGTCCCATCACTTTGT","HSC_B7","C7"
"BC_TGTCCTGCATCGTTCC","HSC_B7","C3"
"BC_TGTCCTGTCAACTACG","HSC_B7","C0"
"BC_TGTGAGTTCTACTGCC","HSC_B7","C7"
"BC_TGTGATGCAGCCGTTG","HSC_B7","C4"
"BC_TGTGATGCAGGATCTT","HSC_B7","C7"
"BC_TGTGATGGTACTCGTA","HSC_B7","C7"
"BC_TGTGCGGGTCCATACA","HSC_B7","C4"
"BC_TGTGGCGAGCTCGTGC","HSC_B7","C4"
"BC_TGTGGCGGTCCCTCAT","HSC_B7","C7"
"BC_TGTGGCGTCATTGTTC","HSC_B7","C5"
"BC_TGTGTGACAGCACGAA","HSC_B7","C6"
"BC_TGTTACTCAAGCACCC","HSC_B7","C4"
"BC_TGTTACTCACCTGCTT","HSC_B7","C5"
"BC_TGTTCATGTGAGAGGG","HSC_B7","C0"
"BC_TGTTCCGCAAATAAGC","HSC_B7","C0"
"BC_TGTTCTAGTGATCATC","HSC_B7","C7"
"BC_TGTTCTAGTGTCCGTG","HSC_B7","C0"
"BC_TGTTGAGAGGTCACAG","HSC_B7","C4"
"BC_TGTTGAGCAGGAATCG","HSC_B7","C5"
"BC_TGTTGAGTCTCACTCG","HSC_B7","C6"
"BC_TGTTGGACAACATCGT","HSC_B7","C7"
"BC_TGTTGGACAGCTCATA","HSC_B7","C8"
"BC_TGTTGGATCAGCTGTA","HSC_B7","C7"
"BC_TTAATCCCATGTGCTA","HSC_B7","C1"
"BC_TTAATCCGTATCGCGC","HSC_B7","C5"
"BC_TTACCATCAAGCTGTT","HSC_B7","C8"
"BC_TTACGCCAGTTCCGGC","HSC_B7","C7"
"BC_TTACGCCTCGTGGGTC","HSC_B7","C3"
"BC_TTACGTTGTTCTCCCA","HSC_B7","C4"
"BC_TTAGGCAGTGCTCGTG","HSC_B7","C6"
"BC_TTAGGCATCCATGCAA","HSC_B7","C5"
"BC_TTAGGGTAGACTCTAC","HSC_B7","C6"
"BC_TTAGTCTCACTGATTG","HSC_B7","C4"
"BC_TTAGTCTTCATGACAC","HSC_B7","C7"
"BC_TTATTGCCAAACGAGC","HSC_B7","C7"
"BC_TTCAATCTCTGAATCG","HSC_B7","C7"
"BC_TTCACCGCATTGACTG","HSC_B7","C7"
"BC_TTCACGCGTTGCCGCA","HSC_B7","C4"
"BC_TTCATGTGTCCACACG","HSC_B7","C7"
"BC_TTCATTGCACGGTCTG","HSC_B7","C4"
"BC_TTCCAATCAAAGTGTA","HSC_B7","C7"
"BC_TTCCAATGTTAAACCC","HSC_B7","C7"
"BC_TTCCACGGTCGCACGT","HSC_B7","C7"
"BC_TTCCACGTCGCTACGG","HSC_B7","C8"
"BC_TTCCGTGAGCGGATCA","HSC_B7","C6"
"BC_TTCCGTGAGGCCCGTT","HSC_B7","C5"
"BC_TTCCGTGGTCGTATGT","HSC_B7","C7"
"BC_TTCCTAACAGTTCACA","HSC_B7","C6"
"BC_TTCCTCTCACTCCTTG","HSC_B7","C7"
"BC_TTCCTTCCAACCGGAA","HSC_B7","C0"
"BC_TTCCTTCCATACACCA","HSC_B7","C5"
"BC_TTCCTTCGTAGTGGCA","HSC_B7","C7"
"BC_TTCCTTCTCCGCACTT","HSC_B7","C7"
"BC_TTCGATTCAAAGCACG","HSC_B7","C0"
"BC_TTCGCTGAGCACCTGC","HSC_B7","C5"
"BC_TTCGCTGGTCAGGAGT","HSC_B7","C6"
"BC_TTCGGTCAGGGCTTCC","HSC_B7","C3"
"BC_TTCGGTCCAATGACCT","HSC_B7","C3"
"BC_TTCGGTCTCCATCTCG","HSC_B7","C4"
"BC_TTCGGTCTCTTGCAAG","HSC_B7","C4"
"BC_TTCTAACCAGGTGACA","HSC_B7","C1"
"BC_TTCTAACGTCGAAGCA","HSC_B7","C4"
"BC_TTCTAACGTCGTATTG","HSC_B7","C4"
"BC_TTCTAACTCGAGTCCG","HSC_B7","C0"
"BC_TTCTAGTGTAGCACAG","HSC_B7","C4"
"BC_TTCTAGTTCCCTCATG","HSC_B7","C7"
"BC_TTCTCTCAGAATTGTG","HSC_B7","C7"
"BC_TTCTCTCAGCCACCGT","HSC_B7","C6"
"BC_TTCTGTATCGTGTGAT","HSC_B7","C7"
"BC_TTCTGTATCTACTCAT","HSC_B7","C5"
"BC_TTCTTCCGTTGCAAGG","HSC_B7","C7"
"BC_TTGAACGAGCCTTTGA","HSC_B7","C7"
"BC_TTGAACGAGTGGTGGT","HSC_B7","C7"
"BC_TTGAACGTCCTCAGGG","HSC_B7","C5"
"BC_TTGAACGTCGTTACCC","HSC_B7","C7"
"BC_TTGAACGTCTCGTCGT","HSC_B7","C3"
"BC_TTGACCCGTAGAATGT","HSC_B7","C6"
"BC_TTGAGTGCAGAAATCA","HSC_B7","C4"
"BC_TTGAGTGGTTGGCCTG","HSC_B7","C4"
"BC_TTGAGTGTCTGGAAGG","HSC_B7","C7"
"BC_TTGAGTGTCTTTCCGG","HSC_B7","C4"
"BC_TTGATGGGTCTACGAT","HSC_B7","C7"
"BC_TTGATGGTCGTGTTCC","HSC_B7","C6"
"BC_TTGATGGTCTTCACAT","HSC_B7","C4"
"BC_TTGCATTAGGCCCACT","HSC_B7","C7"
"BC_TTGCATTTCAAGATAG","HSC_B7","C4"
"BC_TTGCATTTCGCCCAGA","HSC_B7","C7"
"BC_TTGCCTGCAGATGCGA","HSC_B7","C5"
"BC_TTGCCTGGTACTCGCG","HSC_B7","C6"
"BC_TTGCCTGGTGACTCGC","HSC_B7","C7"
"BC_TTGCCTGTCGCTAAAC","HSC_B7","C7"
"BC_TTGCGTCAGGACGCTA","HSC_B7","C4"
"BC_TTGCGTCTCGGCTTGG","HSC_B7","C4"
"BC_TTGCGTCTCTCTAAGG","HSC_B7","C5"
"BC_TTGCTGCAGATTGATG","HSC_B7","C6"
"BC_TTGCTGCGTTCCGGTG","HSC_B7","C6"
"BC_TTGCTGCGTTGCTTGA","HSC_B7","C6"
"BC_TTGGATGAGCCAAGGT","HSC_B7","C0"
"BC_TTGGATGCAGTATGAA","HSC_B7","C4"
"BC_TTGGGATAGCGGTATG","HSC_B7","C7"
"BC_TTGGGATGTCCACTCT","HSC_B7","C6"
"BC_TTGGGCGCAATGTCTG","HSC_B7","C5"
"BC_TTGGGCGCAGTCCCGA","HSC_B7","C4"
"BC_TTGGGCGGTAGACACG","HSC_B7","C3"
"BC_TTGGGTACACCTCTGT","HSC_B7","C6"
"BC_TTGGTTTAGGATATAC","HSC_B7","C4"
"BC_TTGGTTTGTCGCCTAG","HSC_B7","C4"
"BC_TTGTGGAAGACCGCCT","HSC_B7","C6"
"BC_TTGTGGATCCTACGAA","HSC_B7","C7"
"BC_TTGTGGATCCTAGCTC","HSC_B7","C6"
"BC_TTGTGTTCACATTACG","HSC_B7","C7"
"BC_TTGTGTTTCATTGCCC","HSC_B7","C5"
"BC_TTGTTCAGTATTCCGA","HSC_B7","C7"
"BC_TTGTTGTGTTGCAAGG","HSC_B7","C7"
"BC_TTGTTGTTCAGAACCT","HSC_B7","C7"
"BC_TTGTTTGCACAATGTC","HSC_B7","C3"
"BC_TTGTTTGGTGAGGATC","HSC_B7","C7"
"BC_TTGTTTGTCCCTCTAG","HSC_B7","C4"
"BC_TTTACCAGTCTACGAT","HSC_B7","C4"
"BC_TTTACGTCACAAGTTC","HSC_B7","C4"
"BC_TTTACGTCACAGCGCT","HSC_B7","C4"
"BC_TTTACTGAGCGATGAC","HSC_B7","C0"
"BC_TTTACTGCACCATAAC","HSC_B7","C1"
"BC_TTTAGTCCAGAAACCG","HSC_B7","C6"
"BC_TTTAGTCGTCGAGTTT","HSC_B7","C4"
"BC_TTTATGCAGACTTCCA","HSC_B7","C3"
"BC_TTTATGCAGGTTGTTC","HSC_B7","C5"
"BC_TTTATGCAGTACTCGT","HSC_B7","C3"
"BC_TTTCACAAGGTCGAGT","HSC_B7","C7"
"BC_TTTCACACACAAGGTG","HSC_B7","C5"
"BC_TTTCAGTGTTGAGAGC","HSC_B7","C0"
"BC_TTTCAGTGTTTACGAC","HSC_B7","C7"
"BC_TTTCATGAGTTCATGC","HSC_B7","C7"
"BC_TTTCATGGTATCTTCT","HSC_B7","C7"
"BC_TTTCCTCAGTCGGCCT","HSC_B7","C7"
"BC_TTTCGATCATCGGTTA","HSC_B7","C6"
"BC_TTTGGAGCAACACAGG","HSC_B7","C6"
"BC_TTTGGAGGTTAGGGAC","HSC_B7","C7"
"BC_TTTGGTTAGCCTAGGA","HSC_B7","C5"
"BC_TTTGGTTCACTTGTCC","HSC_B7","C4"
"BC_TTTGGTTCAGCAGTAG","HSC_B7","C5"
"BC_TTTGTTGCAACTGCTA","HSC_B7","C7"
"BC_AAACGAAAGATTAGAC","HSC_E12","C6"
"BC_AAACGAAGTAGATGTA","HSC_E12","C7"
"BC_AAAGAACCAGAACTCT","HSC_E12","C6"
"BC_AAAGAACGTGTTCAGT","HSC_E12","C6"
"BC_AAAGGATAGAACCCGA","HSC_E12","C7"
"BC_AAAGGGCAGTCATCCA","HSC_E12","C7"
"BC_AAAGGTAAGGGAGATA","HSC_E12","C6"
"BC_AAAGGTACAAACACGG","HSC_E12","C6"
"BC_AAAGGTAGTAGACAAT","HSC_E12","C7"
"BC_AAAGGTAGTATCCTTT","HSC_E12","C7"
"BC_AAAGGTAGTCACTTCC","HSC_E12","C7"
"BC_AAAGTCCAGTGGTTCT","HSC_E12","C8"
"BC_AAAGTCCTCTGGGCAC","HSC_E12","C7"
"BC_AAATGGATCGGCTTGG","HSC_E12","C7"
"BC_AACAAAGGTACCTAGT","HSC_E12","C6"
"BC_AACAAAGGTAGCTCGC","HSC_E12","C7"
"BC_AACAAGACATCAGTGT","HSC_E12","C6"
"BC_AACAAGAGTACCCGCA","HSC_E12","C7"
"BC_AACACACCACCGAATT","HSC_E12","C6"
"BC_AACACACCAGCCTACG","HSC_E12","C5"
"BC_AACAGGGGTGTGGACA","HSC_E12","C3"
"BC_AACAGGGGTGTTAACC","HSC_E12","C5"
"BC_AACCACAAGAATCCCT","HSC_E12","C5"
"BC_AACCACACACGCACCA","HSC_E12","C5"
"BC_AACCACACATGAATCC","HSC_E12","C5"
"BC_AACCATGAGGCTTTCA","HSC_E12","C6"
"BC_AACCATGGTCGCAGTC","HSC_E12","C6"
"BC_AACCATGTCACAACCA","HSC_E12","C7"
"BC_AACCATGTCTTACGGA","HSC_E12","C7"
"BC_AACCCAATCTTACACT","HSC_E12","C8"
"BC_AACGAAAAGGAACTAT","HSC_E12","C5"
"BC_AACGAAACAAGCCTGC","HSC_E12","C6"
"BC_AAGAACAAGCAATAGT","HSC_E12","C7"
"BC_AAGACAAAGGCTGAAC","HSC_E12","C6"
"BC_AAGACAACAGCGAGTA","HSC_E12","C6"
"BC_AAGACAAGTCCATAGT","HSC_E12","C7"
"BC_AAGACTCTCGCGTGCA","HSC_E12","C7"
"BC_AAGATAGGTAAGAACT","HSC_E12","C7"
"BC_AAGATAGTCAAGCTTG","HSC_E12","C6"
"BC_AAGCATCTCACTGGTA","HSC_E12","C6"
"BC_AAGCATCTCGGTGAAG","HSC_E12","C5"
"BC_AAGCCATAGGAGCAAA","HSC_E12","C5"
"BC_AAGCGTTCAGTTAGAA","HSC_E12","C6"
"BC_AAGTACCTCGTTCAGA","HSC_E12","C8"
"BC_AAGTGAAAGGACTAAT","HSC_E12","C1"
"BC_AATAGAGGTCACTAGT","HSC_E12","C5"
"BC_AATAGAGGTGCTCGTG","HSC_E12","C6"
"BC_AATCACGGTCTTGTCC","HSC_E12","C6"
"BC_AATCGACGTCACAATC","HSC_E12","C3"
"BC_AATGAAGCAGTTGGTT","HSC_E12","C6"
"BC_AATGACCCAAGGCTTT","HSC_E12","C6"
"BC_AATGCCACACTGTGAT","HSC_E12","C8"
"BC_AATGCCAGTGTCCACG","HSC_E12","C7"
"BC_AATGGAAGTTACCTGA","HSC_E12","C6"
"BC_AATTCCTAGCTCTTCC","HSC_E12","C5"
"BC_AATTTCCAGTTAACAG","HSC_E12","C7"
"BC_ACAAGCTCACCCGTAG","HSC_E12","C6"
"BC_ACAAGCTGTGTATTCG","HSC_E12","C5"
"BC_ACACAGTGTTCACCGG","HSC_E12","C6"
"BC_ACACGCGTCTTGGGCG","HSC_E12","C7"
"BC_ACACTGAGTATACAGA","HSC_E12","C5"
"BC_ACAGAAATCATCGCTC","HSC_E12","C6"
"BC_ACAGCCGTCTGCTAGA","HSC_E12","C6"
"BC_ACAGGGACAGACACAG","HSC_E12","C7"
"BC_ACATCGACACCTTCGT","HSC_E12","C6"
"BC_ACATGCATCCCGAACG","HSC_E12","C8"
"BC_ACATTTCCAACTCGAT","HSC_E12","C6"
"BC_ACCAAACTCTCCAATT","HSC_E12","C6"
"BC_ACCAACAAGAGAAGGT","HSC_E12","C6"
"BC_ACCAACAAGTTTCTTC","HSC_E12","C5"
"BC_ACCAACACATGTGCCG","HSC_E12","C6"
"BC_ACCATTTCAAGAGTTA","HSC_E12","C7"
"BC_ACCATTTCACATGTTG","HSC_E12","C7"
"BC_ACCATTTGTAGGTCAG","HSC_E12","C8"
"BC_ACCCAAAAGACATCCT","HSC_E12","C8"
"BC_ACCCAAAAGCGTTAGG","HSC_E12","C6"
"BC_ACCCTCACAAGTCCCG","HSC_E12","C7"
"BC_ACCCTTGCATCTCCCA","HSC_E12","C5"
"BC_ACCCTTGTCCCATACC","HSC_E12","C7"
"BC_ACCGTTCGTACCGGAA","HSC_E12","C6"
"BC_ACCGTTCTCGCTGCGA","HSC_E12","C5"
"BC_ACCTACCAGACTTGTC","HSC_E12","C7"
"BC_ACCTACCTCTCATTTG","HSC_E12","C6"
"BC_ACCTGAAAGGGCAGAG","HSC_E12","C6"
"BC_ACCTGAACATCGTGCG","HSC_E12","C6"
"BC_ACCTGAAGTATCCTCC","HSC_E12","C5"
"BC_ACCTGTCCACGCACCA","HSC_E12","C6"
"BC_ACGATGTAGCGACATG","HSC_E12","C5"
"BC_ACGATGTGTGTTTGCA","HSC_E12","C5"
"BC_ACGGAAGGTAGATGTA","HSC_E12","C7"
"BC_ACGGGTCCACAAATCC","HSC_E12","C6"
"BC_ACGGTCGCAGGACTTT","HSC_E12","C6"
"BC_ACGGTCGTCAGAGTGG","HSC_E12","C6"
"BC_ACGGTTACACAGTGTT","HSC_E12","C6"
"BC_ACGGTTACATCCAATG","HSC_E12","C8"
"BC_ACGGTTAGTCCTCCAT","HSC_E12","C6"
"BC_ACGGTTATCACACGAT","HSC_E12","C5"
"BC_ACGTAACCATGACTGT","HSC_E12","C7"
"BC_ACGTAACGTGCACATT","HSC_E12","C8"
"BC_ACGTAACGTGGCTCTG","HSC_E12","C5"
"BC_ACGTAGTTCCCGTGTT","HSC_E12","C7"
"BC_ACGTCCTAGGCTTCCG","HSC_E12","C6"
"BC_ACGTCCTCATTGAGCT","HSC_E12","C5"
"BC_ACGTCCTTCTTCGACC","HSC_E12","C7"
"BC_ACGTTCCGTTCCACGG","HSC_E12","C6"
"BC_ACTACGAAGAAACCAT","HSC_E12","C8"
"BC_ACTATCTTCGTAGCTA","HSC_E12","C7"
"BC_ACTATGGAGATAGTGT","HSC_E12","C6"
"BC_ACTCCCAAGCATACTC","HSC_E12","C6"
"BC_ACTCCCATCTAAGGAA","HSC_E12","C6"
"BC_ACTCTCGTCCCGATCT","HSC_E12","C6"
"BC_ACTGCAAAGACTAGAT","HSC_E12","C6"
"BC_ACTGTCCTCATTCTTG","HSC_E12","C6"
"BC_ACTGTGATCATAGCAC","HSC_E12","C7"
"BC_ACTTAGGCATCATCCC","HSC_E12","C2"
"BC_ACTTAGGGTTTCGTAG","HSC_E12","C6"
"BC_ACTTAGGGTTTGTGGT","HSC_E12","C5"
"BC_ACTTATCGTATAATGG","HSC_E12","C5"
"BC_ACTTCGCTCCGATTAG","HSC_E12","C5"
"BC_ACTTTCACAAGGACAC","HSC_E12","C8"
"BC_ACTTTCAGTTAGGACG","HSC_E12","C6"
"BC_ACTTTGTCAGGAATCG","HSC_E12","C6"
"BC_AGAACCTTCTGTCTCG","HSC_E12","C8"
"BC_AGAAGCGTCCACGTCT","HSC_E12","C7"
"BC_AGAAGTACAATAGGAT","HSC_E12","C7"
"BC_AGAAGTAGTTTAGAGA","HSC_E12","C6"
"BC_AGACAGGAGAGTCAGC","HSC_E12","C7"
"BC_AGACAGGAGCCAAGGT","HSC_E12","C6"
"BC_AGACAGGCATGGTACT","HSC_E12","C7"
"BC_AGACCATAGAAGAGCA","HSC_E12","C6"
"BC_AGACCCGCAGTTGCGC","HSC_E12","C8"
"BC_AGACCCGGTTGGCCGT","HSC_E12","C5"
"BC_AGACTCACACGATAGG","HSC_E12","C3"
"BC_AGAGAATCAGTCGCAC","HSC_E12","C7"
"BC_AGAGCCCCAAGCGCAA","HSC_E12","C7"
"BC_AGAGCCCCACCAAAGG","HSC_E12","C5"
"BC_AGAGCCCGTGAATTGA","HSC_E12","C7"
"BC_AGATAGACATGTCGTA","HSC_E12","C6"
"BC_AGATAGATCATACGAC","HSC_E12","C7"
"BC_AGATCGTAGTCATCGT","HSC_E12","C5"
"BC_AGATGAAGTTAGCTAC","HSC_E12","C7"
"BC_AGATGAATCAGTGATC","HSC_E12","C7"
"BC_AGATGCTAGGCGATAC","HSC_E12","C7"
"BC_AGATGCTTCGCTCCTA","HSC_E12","C6"
"BC_AGCATCAAGCTAAGTA","HSC_E12","C8"
"BC_AGCATCAAGGCTTAAA","HSC_E12","C8"
"BC_AGCATCACAACTGATC","HSC_E12","C7"
"BC_AGCATCACACACCTAA","HSC_E12","C7"
"BC_AGCATCATCGCCGATG","HSC_E12","C5"
"BC_AGCCACGGTCTCAGGC","HSC_E12","C6"
"BC_AGCGCCACAGCTGGTC","HSC_E12","C5"
"BC_AGCGCCATCCAACCGG","HSC_E12","C7"
"BC_AGCGTATCAGACAATA","HSC_E12","C6"
"BC_AGCGTATTCTCAATCT","HSC_E12","C8"
"BC_AGCTCAAAGGTTATAG","HSC_E12","C6"
"BC_AGCTTCCCATACCAGT","HSC_E12","C8"
"BC_AGGAAATGTCCATACA","HSC_E12","C7"
"BC_AGGAAATGTTCCATTT","HSC_E12","C8"
"BC_AGGACTTCATTCCTAT","HSC_E12","C7"
"BC_AGGAGGTTCACAGTGT","HSC_E12","C8"
"BC_AGGATAAGTGAGGCAT","HSC_E12","C6"
"BC_AGGATAATCAGAGCGA","HSC_E12","C6"
"BC_AGGATCTCAGCGGTCT","HSC_E12","C5"
"BC_AGGCATTTCCTGCCAT","HSC_E12","C8"
"BC_AGGCCACCAATGAACA","HSC_E12","C3"
"BC_AGGCCACGTCATGCAT","HSC_E12","C5"
"BC_AGGCTGCTCTTTGCTA","HSC_E12","C8"
"BC_AGGGAGTAGAGGCCAT","HSC_E12","C8"
"BC_AGGGCCTTCCTTGAAG","HSC_E12","C8"
"BC_AGGGCCTTCGTCCATC","HSC_E12","C5"
"BC_AGGGCTCTCTCCGATC","HSC_E12","C5"
"BC_AGGGTGAAGATTGGGC","HSC_E12","C7"
"BC_AGGGTGAGTCTCAAGT","HSC_E12","C5"
"BC_AGGGTGAGTGTTCGTA","HSC_E12","C6"
"BC_AGGTAGGTCCATGCAA","HSC_E12","C8"
"BC_AGGTCATAGTTAACAG","HSC_E12","C7"
"BC_AGGTCATCAGCCGTCA","HSC_E12","C5"
"BC_AGGTCATTCCTCACGT","HSC_E12","C6"
"BC_AGGTGTTGTCGGATTT","HSC_E12","C7"
"BC_AGGTGTTGTGAGCAGT","HSC_E12","C5"
"BC_AGGTGTTTCAAACCCA","HSC_E12","C5"
"BC_AGGTGTTTCAAAGGAT","HSC_E12","C5"
"BC_AGGTTACGTGTGTCCG","HSC_E12","C7"
"BC_AGGTTGTAGACACACG","HSC_E12","C7"
"BC_AGGTTGTAGTACCATC","HSC_E12","C7"
"BC_AGGTTGTGTCTTAGTG","HSC_E12","C6"
"BC_AGTACCAAGAAGCTGC","HSC_E12","C8"
"BC_AGTACCACACACCGCA","HSC_E12","C7"
"BC_AGTACTGTCAAGTTGC","HSC_E12","C6"
"BC_AGTAGTCCAAGTCCCG","HSC_E12","C5"
"BC_AGTCAACCATGACACT","HSC_E12","C5"
"BC_AGTCAACGTTATGTGC","HSC_E12","C8"
"BC_AGTCAACGTTCTTAGG","HSC_E12","C7"
"BC_AGTCAACTCTCAGGCG","HSC_E12","C6"
"BC_AGTCACAAGTATTGCC","HSC_E12","C5"
"BC_AGTCATGCAGTGCCTG","HSC_E12","C7"
"BC_AGTGACTCAAAGGCAC","HSC_E12","C8"
"BC_AGTGACTCAGTCAGTT","HSC_E12","C5"
"BC_AGTGACTGTGGTATGG","HSC_E12","C7"
"BC_AGTGACTTCGTGACTA","HSC_E12","C8"
"BC_AGTGATCAGGATTTGA","HSC_E12","C7"
"BC_AGTGATCAGTCAATCC","HSC_E12","C7"
"BC_AGTGTTGCAATGGGTG","HSC_E12","C7"
"BC_AGTTAGCAGGTAAGTT","HSC_E12","C8"
"BC_AGTTAGCAGTATCCTG","HSC_E12","C5"
"BC_AGTTCCCTCCCAACTC","HSC_E12","C8"
"BC_AGTTCCCTCCTAGCTC","HSC_E12","C5"
"BC_AGTTCGACAAGTTTGC","HSC_E12","C7"
"BC_AGTTCGACACATGACT","HSC_E12","C7"
"BC_AGTTCGACATCCGCGA","HSC_E12","C7"
"BC_ATACCGAAGCGTCAAG","HSC_E12","C6"
"BC_ATACCTTAGGAACTAT","HSC_E12","C5"
"BC_ATACTTCCAATAACCC","HSC_E12","C5"
"BC_ATAGACCCAACGACAG","HSC_E12","C6"
"BC_ATAGAGAGTAGGACTG","HSC_E12","C7"
"BC_ATATCCTCATTGAGCT","HSC_E12","C8"
"BC_ATCACAGAGCATGTTC","HSC_E12","C6"
"BC_ATCACGAAGAGTCCGA","HSC_E12","C5"
"BC_ATCACGAAGTGCACTT","HSC_E12","C3"
"BC_ATCACTTAGAGGCGGA","HSC_E12","C7"
"BC_ATCACTTTCAGCCCAG","HSC_E12","C5"
"BC_ATCAGGTAGTTGGGAC","HSC_E12","C6"
"BC_ATCCACCTCCAGGACC","HSC_E12","C6"
"BC_ATCCATTCATCCTTGC","HSC_E12","C5"
"BC_ATCCCTGTCCGGACGT","HSC_E12","C6"
"BC_ATCCCTGTCTAGTTCT","HSC_E12","C6"
"BC_ATCCTATAGAAGGTAG","HSC_E12","C7"
"BC_ATCGCCTCAGAATCGG","HSC_E12","C7"
"BC_ATCGGATAGATCCCAT","HSC_E12","C6"
"BC_ATCGGATGTACAGTTC","HSC_E12","C8"
"BC_ATCGTAGGTGACAGGT","HSC_E12","C8"
"BC_ATCGTCCAGAGCTGCA","HSC_E12","C6"
"BC_ATCGTCCTCTCTGACC","HSC_E12","C7"
"BC_ATCGTGACAGCTCATA","HSC_E12","C7"
"BC_ATCGTGACAGGGAGAG","HSC_E12","C7"
"BC_ATCTCTATCAAGGAGC","HSC_E12","C5"
"BC_ATCTTCATCCCTAGGG","HSC_E12","C7"
"BC_ATGAAAGGTTAAGACA","HSC_E12","C7"
"BC_ATGACCATCGACCCAG","HSC_E12","C7"
"BC_ATGAGTCCAGGATCTT","HSC_E12","C8"
"BC_ATGAGTCTCTGATGGT","HSC_E12","C3"
"BC_ATGCATGGTACGTGAG","HSC_E12","C7"
"BC_ATGCCTCCATCAGCGC","HSC_E12","C7"
"BC_ATGGAGGCACCCTAGG","HSC_E12","C8"
"BC_ATGGAGGGTCCTGGTG","HSC_E12","C7"
"BC_ATGGATCTCGTTACCC","HSC_E12","C7"
"BC_ATGGGAGAGTGGGAAA","HSC_E12","C6"
"BC_ATGGGTTTCCGACAGC","HSC_E12","C6"
"BC_ATGTCCCGTATGGAAT","HSC_E12","C6"
"BC_ATGTCTTTCCCATTCG","HSC_E12","C5"
"BC_ATTACCTCAGAAGTTA","HSC_E12","C8"
"BC_ATTACTCAGACCCTTA","HSC_E12","C7"
"BC_ATTACTCAGTGTCATC","HSC_E12","C7"
"BC_ATTACTCGTTCTGACA","HSC_E12","C3"
"BC_ATTACTCGTTTAGTCG","HSC_E12","C6"
"BC_ATTACTCTCTGCATGA","HSC_E12","C5"
"BC_ATTCACTCACGTAGTT","HSC_E12","C7"
"BC_ATTCAGGGTACCTGTA","HSC_E12","C7"
"BC_ATTCAGGTCGCCACTT","HSC_E12","C6"
"BC_ATTCCATGTCATCGGC","HSC_E12","C6"
"BC_ATTCCATGTTCTTAGG","HSC_E12","C6"
"BC_ATTCCATTCAGTGTTG","HSC_E12","C7"
"BC_ATTCCTAAGCGGTAGT","HSC_E12","C5"
"BC_ATTCGTTGTTATCTTC","HSC_E12","C6"
"BC_ATTTACCCATGGCTGC","HSC_E12","C6"
"BC_ATTTACCGTCGGCACT","HSC_E12","C5"
"BC_ATTTCACAGGAGACCT","HSC_E12","C8"
"BC_ATTTCTGTCTTTGGAG","HSC_E12","C5"
"BC_CAACAGTCAGGTCAGA","HSC_E12","C7"
"BC_CAACAGTGTGGCTTAT","HSC_E12","C7"
"BC_CAACCAATCCAAGCAT","HSC_E12","C6"
"BC_CAACCTCGTTTGAACC","HSC_E12","C8"
"BC_CAACGATAGTAAAGCT","HSC_E12","C8"
"BC_CAACGGCAGAGCCGTA","HSC_E12","C7"
"BC_CAAGACTTCAAGTCGT","HSC_E12","C8"
"BC_CAAGACTTCAGTCTTT","HSC_E12","C6"
"BC_CAATCGAAGTAGGGTC","HSC_E12","C6"
"BC_CAATCGAGTTGGGAAC","HSC_E12","C7"
"BC_CAATCGATCATCCTGC","HSC_E12","C7"
"BC_CAATGACTCGTTGTAG","HSC_E12","C5"
"BC_CAATTTCAGCTGCGAA","HSC_E12","C7"
"BC_CAATTTCTCGATTGAC","HSC_E12","C7"
"BC_CACAACAAGCGCCATC","HSC_E12","C6"
"BC_CACAACAGTGAAAGTT","HSC_E12","C5"
"BC_CACACAATCCGGTAAT","HSC_E12","C7"
"BC_CACAGATAGAAGGTAG","HSC_E12","C7"
"BC_CACAGATCAGCATACT","HSC_E12","C7"
"BC_CACAGATCAGGTTCAT","HSC_E12","C5"
"BC_CACAGATGTCAAGGCA","HSC_E12","C7"
"BC_CACAGATTCGTGCAGC","HSC_E12","C7"
"BC_CACAGGCAGCACTAAA","HSC_E12","C6"
"BC_CACAGGCAGCATGCGA","HSC_E12","C5"
"BC_CACAGGCGTAACGATA","HSC_E12","C8"
"BC_CACATGAAGAGCACTG","HSC_E12","C7"
"BC_CACCAAACACTCAGAT","HSC_E12","C7"
"BC_CACCAAACAGCTGAAG","HSC_E12","C7"
"BC_CACCGTTTCCACAGCG","HSC_E12","C6"
"BC_CACGGGTAGGGCTGAT","HSC_E12","C6"
"BC_CACGGGTAGTTGCTCA","HSC_E12","C5"
"BC_CACGGGTCACTACTTT","HSC_E12","C5"
"BC_CACGTGGCATAGCACT","HSC_E12","C7"
"BC_CACGTGGTCGTCCATC","HSC_E12","C8"
"BC_CACGTTCAGAGTCAGC","HSC_E12","C6"
"BC_CACTAAGCATCTCATT","HSC_E12","C7"
"BC_CACTAAGCATTGCTTT","HSC_E12","C7"
"BC_CACTAAGGTCTATGAC","HSC_E12","C5"
"BC_CACTGGGCATGGCACC","HSC_E12","C5"
"BC_CACTGTCGTAAGTTAG","HSC_E12","C6"
"BC_CACTGTCGTTAAGTCC","HSC_E12","C6"
"BC_CACTGTCTCACCTCTG","HSC_E12","C7"
"BC_CACTTCGCAGATAAAC","HSC_E12","C6"
"BC_CAGATCAAGCAAATCA","HSC_E12","C8"
"BC_CAGATCAAGTCTTGGT","HSC_E12","C7"
"BC_CAGATCAGTACACGTT","HSC_E12","C6"
"BC_CAGATCAGTCCAGCAC","HSC_E12","C8"
"BC_CAGATTGCAGGAGACT","HSC_E12","C3"
"BC_CAGCAATGTTTGGGAG","HSC_E12","C5"
"BC_CAGCACGGTGAGCTCC","HSC_E12","C7"
"BC_CAGCACGTCGCAGAGA","HSC_E12","C7"
"BC_CAGCGTGGTCATCGCG","HSC_E12","C7"
"BC_CAGCGTGGTTAAACCC","HSC_E12","C7"
"BC_CAGGCCAAGGCTGGAT","HSC_E12","C5"
"BC_CAGGCCATCGGTGCAC","HSC_E12","C5"
"BC_CAGGGCTAGCCGTAAG","HSC_E12","C7"
"BC_CAGGTATAGACCAAAT","HSC_E12","C5"
"BC_CAGGTATAGCTCCGAC","HSC_E12","C5"
"BC_CAGGTATAGGACTTCT","HSC_E12","C7"
"BC_CAGGTATGTAATACCC","HSC_E12","C6"
"BC_CATAAGCAGACATATG","HSC_E12","C5"
"BC_CATAAGCTCTCCTGCA","HSC_E12","C7"
"BC_CATACAGTCGCCTTGT","HSC_E12","C8"
"BC_CATCAAGTCCGATTAG","HSC_E12","C6"
"BC_CATCAAGTCGATGCAT","HSC_E12","C7"
"BC_CATCCACGTAAGATCA","HSC_E12","C6"
"BC_CATCCACGTCGCAGTC","HSC_E12","C7"
"BC_CATCCCATCGCCAGAC","HSC_E12","C7"
"BC_CATCGCTAGTCGCGAA","HSC_E12","C5"
"BC_CATCGCTCAGTCGCTG","HSC_E12","C8"
"BC_CATCGTCTCGCTTTAT","HSC_E12","C5"
"BC_CATGAGTAGAGGACTC","HSC_E12","C8"
"BC_CATGAGTAGCTGTTCA","HSC_E12","C7"
"BC_CATGCCTGTATTAAGG","HSC_E12","C8"
"BC_CATTCATAGAGCTTTC","HSC_E12","C5"
"BC_CATTCATGTCTTTCTA","HSC_E12","C6"
"BC_CATTCCGAGATAGCAT","HSC_E12","C7"
"BC_CATTCCGTCCCTTGTG","HSC_E12","C7"
"BC_CATTCCGTCGAGAGAC","HSC_E12","C7"
"BC_CATTCTATCCGTGTCT","HSC_E12","C6"
"BC_CATTGAGCAACCAGAG","HSC_E12","C7"
"BC_CATTGAGCATCAGCAT","HSC_E12","C8"
"BC_CATTGCCAGGTCGACA","HSC_E12","C5"
"BC_CATTGCCGTACAGTAA","HSC_E12","C8"
"BC_CATTGCCGTGCTCTTC","HSC_E12","C7"
"BC_CCAAGCGCAGTCGGAA","HSC_E12","C6"
"BC_CCAATGAAGAGATTCA","HSC_E12","C7"
"BC_CCAATGATCTCAACCC","HSC_E12","C5"
"BC_CCACACTCAGATGCGA","HSC_E12","C6"
"BC_CCACGAGGTCGTGCCA","HSC_E12","C6"
"BC_CCACGTTTCGATTGGT","HSC_E12","C7"
"BC_CCACTTGCATGACGAG","HSC_E12","C6"
"BC_CCATAAGTCGTGGCTG","HSC_E12","C7"
"BC_CCATCACAGTCACGAG","HSC_E12","C6"
"BC_CCATCACGTCACTTCC","HSC_E12","C6"
"BC_CCCAACTGTCGCTTAA","HSC_E12","C8"
"BC_CCCAACTGTTCTGACA","HSC_E12","C7"
"BC_CCCATTGAGTATGGCG","HSC_E12","C7"
"BC_CCCATTGTCGATACAC","HSC_E12","C5"
"BC_CCCATTGTCTCTGACC","HSC_E12","C6"
"BC_CCCATTGTCTCTGCCA","HSC_E12","C6"
"BC_CCCTAACTCTTGTTAC","HSC_E12","C6"
"BC_CCCTCTCAGACGACGT","HSC_E12","C3"
"BC_CCCTGATAGCCGTAAG","HSC_E12","C8"
"BC_CCCTGATAGCGACTGA","HSC_E12","C5"
"BC_CCCTGATGTAGCTGAG","HSC_E12","C7"
"BC_CCCTTAGAGCCGATAG","HSC_E12","C6"
"BC_CCCTTAGTCCCGTGAG","HSC_E12","C5"
"BC_CCGAACGGTAGCTGAG","HSC_E12","C6"
"BC_CCGATGGCAACACACT","HSC_E12","C5"
"BC_CCGCAAGGTCATACCA","HSC_E12","C5"
"BC_CCGCAAGGTGTTCGTA","HSC_E12","C6"
"BC_CCGGGTACATGTGCCG","HSC_E12","C5"
"BC_CCGTAGGTCCTCACTG","HSC_E12","C5"
"BC_CCGTGAGCAGGTCTCG","HSC_E12","C8"
"BC_CCGTGAGGTTATGACC","HSC_E12","C7"
"BC_CCGTTCAGTGGAGGTT","HSC_E12","C7"
"BC_CCGTTCATCAGAACCT","HSC_E12","C7"
"BC_CCTAACCCACCTGCGA","HSC_E12","C7"
"BC_CCTAACCCACTCAAGT","HSC_E12","C7"
"BC_CCTAAGAAGACAGCTG","HSC_E12","C7"
"BC_CCTAAGAGTCTACAAC","HSC_E12","C7"
"BC_CCTACGTCAGGCGAAT","HSC_E12","C6"
"BC_CCTATCGTCGTTAGAC","HSC_E12","C5"
"BC_CCTCAACAGTGGAAAG","HSC_E12","C5"
"BC_CCTCACAGTGGCTTGC","HSC_E12","C8"
"BC_CCTCATGGTAACAGTA","HSC_E12","C7"
"BC_CCTCATGTCCAGCAAT","HSC_E12","C8"
"BC_CCTCCAATCATTTCGT","HSC_E12","C7"
"BC_CCTCCAATCCCTATTA","HSC_E12","C5"
"BC_CCTCTAGGTACATTGC","HSC_E12","C7"
"BC_CCTCTCCGTGATTAGA","HSC_E12","C5"
"BC_CCTGCATGTTTACCTT","HSC_E12","C8"
"BC_CCTTCAGAGGGTTTCT","HSC_E12","C7"
"BC_CCTTCAGTCGGAGATG","HSC_E12","C7"
"BC_CCTTGTGGTAAGGCCA","HSC_E12","C7"
"BC_CCTTTGGAGATACATG","HSC_E12","C6"
"BC_CCTTTGGAGCTGTCCG","HSC_E12","C7"
"BC_CGAAGGATCTCATAGG","HSC_E12","C7"
"BC_CGAAGTTGTTCGGGTC","HSC_E12","C6"
"BC_CGACAGCAGTCCCAAT","HSC_E12","C5"
"BC_CGACAGCCATCCGATA","HSC_E12","C6"
"BC_CGACAGCCATCTTCGC","HSC_E12","C6"
"BC_CGACAGCGTTTCACTT","HSC_E12","C6"
"BC_CGAGAAGTCTGTCCGT","HSC_E12","C6"
"BC_CGAGGAACAACGAGGT","HSC_E12","C6"
"BC_CGAGGCTAGTGACCTT","HSC_E12","C6"
"BC_CGAGGCTCAGCCGGTT","HSC_E12","C7"
"BC_CGAGGCTGTAGGCAAC","HSC_E12","C7"
"BC_CGAGGCTTCCCGGTAG","HSC_E12","C7"
"BC_CGAGTGCAGGGATCTG","HSC_E12","C7"
"BC_CGAGTGCTCCCGAACG","HSC_E12","C5"
"BC_CGAGTTATCCTGGGTG","HSC_E12","C5"
"BC_CGATCGGAGAGTCACG","HSC_E12","C8"
"BC_CGATCGGGTAAGTTAG","HSC_E12","C5"
"BC_CGATCGGGTTTCGTTT","HSC_E12","C8"
"BC_CGCATGGCAAGCGAAC","HSC_E12","C6"
"BC_CGCATGGGTATGGGAC","HSC_E12","C6"
"BC_CGCCATTGTGCAATGG","HSC_E12","C5"
"BC_CGCGTGAAGTAAGGGA","HSC_E12","C8"
"BC_CGCGTGAAGTCATGGG","HSC_E12","C7"
"BC_CGCGTGATCGCGTGCA","HSC_E12","C7"
"BC_CGGAACCGTCTGATCA","HSC_E12","C5"
"BC_CGGAACCTCCTTCAGC","HSC_E12","C6"
"BC_CGGAATTAGAGGGCGA","HSC_E12","C6"
"BC_CGGAATTAGGGTACGT","HSC_E12","C5"
"BC_CGGAGAAAGGGCAACT","HSC_E12","C1"
"BC_CGGAGAAGTGTAAACA","HSC_E12","C7"
"BC_CGGAGAAGTTATTCCT","HSC_E12","C6"
"BC_CGGAGAAGTTCTCCTG","HSC_E12","C7"
"BC_CGGCAGTAGACGGAAA","HSC_E12","C7"
"BC_CGGCAGTAGTCCCTAA","HSC_E12","C6"
"BC_CGGCAGTGTCTCACGG","HSC_E12","C7"
"BC_CGGGACTCACTGCTTC","HSC_E12","C5"
"BC_CGGGACTCAGGTATGG","HSC_E12","C7"
"BC_CGGGCATAGATTACCC","HSC_E12","C7"
"BC_CGGGCATCATTGGCAT","HSC_E12","C6"
"BC_CGGGCATGTGACAGCA","HSC_E12","C7"
"BC_CGGGCATTCTTAATCC","HSC_E12","C5"
"BC_CGGGTGTAGACCCTTA","HSC_E12","C6"
"BC_CGGGTGTGTAACGATA","HSC_E12","C6"
"BC_CGGGTGTTCAGCTAGT","HSC_E12","C5"
"BC_CGGTCAGAGTAATCCC","HSC_E12","C3"
"BC_CGGTCAGCAAAGCGTG","HSC_E12","C7"
"BC_CGTAAGTTCAAACGTC","HSC_E12","C5"
"BC_CGTAGTATCGATGCAT","HSC_E12","C8"
"BC_CGTCAAAGTCACCGCA","HSC_E12","C6"
"BC_CGTCAAAGTGTCTAAC","HSC_E12","C7"
"BC_CGTCCATCAGCTGAAG","HSC_E12","C6"
"BC_CGTGAATAGCCTCATA","HSC_E12","C7"
"BC_CGTGAATGTTAGCTAC","HSC_E12","C5"
"BC_CGTGATATCAAACCTG","HSC_E12","C5"
"BC_CGTGTCTCATGGATCT","HSC_E12","C6"
"BC_CGTGTCTTCTTTACAC","HSC_E12","C7"
"BC_CGTGTCTTCTTTGCAT","HSC_E12","C5"
"BC_CGTTAGAAGAGGCCAT","HSC_E12","C8"
"BC_CGTTCTGAGGGCGAGA","HSC_E12","C3"
"BC_CGTTGGGAGGTAGGCT","HSC_E12","C6"
"BC_CGTTGGGTCACTAGCA","HSC_E12","C6"
"BC_CGTTGGGTCGACCAAT","HSC_E12","C8"
"BC_CGTTGGGTCGTAGCCG","HSC_E12","C5"
"BC_CTAACCCAGAGAGGGC","HSC_E12","C8"
"BC_CTAACCCCAGAGAGGG","HSC_E12","C8"
"BC_CTAACCCCATAGCTGT","HSC_E12","C6"
"BC_CTAACCCGTTGCAAGG","HSC_E12","C7"
"BC_CTAACTTAGTTCCTGA","HSC_E12","C6"
"BC_CTAACTTGTCTTGCTC","HSC_E12","C6"
"BC_CTAAGTGCACCGTCTT","HSC_E12","C8"
"BC_CTAAGTGCATGAGGGT","HSC_E12","C6"
"BC_CTACAGACATCGGCCA","HSC_E12","C7"
"BC_CTACATTCAGACCGCT","HSC_E12","C8"
"BC_CTACCTGCAAGTAGTA","HSC_E12","C6"
"BC_CTACCTGCACGTGTGC","HSC_E12","C7"
"BC_CTACCTGCATCCGAGC","HSC_E12","C6"
"BC_CTACCTGCATGATGCT","HSC_E12","C2"
"BC_CTACCTGTCTTGCAGA","HSC_E12","C5"
"BC_CTACTATAGTCTGGTT","HSC_E12","C6"
"BC_CTAGACACATAGACTC","HSC_E12","C5"
"BC_CTAGACATCGGCTATA","HSC_E12","C7"
"BC_CTAGGTACAGAGGCAT","HSC_E12","C8"
"BC_CTAGGTAGTCTCACAA","HSC_E12","C6"
"BC_CTATAGGGTAGGACCA","HSC_E12","C5"
"BC_CTATCTAGTACAGTAA","HSC_E12","C7"
"BC_CTCAAGAAGACGACTG","HSC_E12","C7"
"BC_CTCAAGACACACCGCA","HSC_E12","C7"
"BC_CTCAAGAGTAGTCGGA","HSC_E12","C6"
"BC_CTCAATTTCTCGACGG","HSC_E12","C6"
"BC_CTCACTGAGCGCGTTC","HSC_E12","C7"
"BC_CTCACTGCACCGTGCA","HSC_E12","C6"
"BC_CTCACTGGTCCAAGAG","HSC_E12","C7"
"BC_CTCAGAATCTACGGTA","HSC_E12","C7"
"BC_CTCAGTCAGTGGTTAA","HSC_E12","C8"
"BC_CTCATCGTCTGCGGCA","HSC_E12","C7"
"BC_CTCATTAAGGACGGAG","HSC_E12","C6"
"BC_CTCATTAGTTTCGTTT","HSC_E12","C7"
"BC_CTCCAACAGACCATAA","HSC_E12","C8"
"BC_CTCCAACGTTCCTTGC","HSC_E12","C5"
"BC_CTCCACAGTACGTACT","HSC_E12","C6"
"BC_CTCCACATCCATCTGC","HSC_E12","C7"
"BC_CTCCATGGTATCCTTT","HSC_E12","C5"
"BC_CTCCATGTCGGTGCAC","HSC_E12","C7"
"BC_CTCCCAAAGGGAGAAT","HSC_E12","C6"
"BC_CTCCCAATCAAACCTG","HSC_E12","C5"
"BC_CTCCCTCCAGTCGGAA","HSC_E12","C6"
"BC_CTCCCTCGTATCGAGG","HSC_E12","C6"
"BC_CTCCTTTAGCCTGAGA","HSC_E12","C5"
"BC_CTCTGGTTCGTGGCTG","HSC_E12","C5"
"BC_CTGAGCGCAAAGGAGA","HSC_E12","C7"
"BC_CTGAGCGCAACTCCAA","HSC_E12","C7"
"BC_CTGAGCGTCGGCCTTT","HSC_E12","C7"
"BC_CTGAGGCCATGGCCCA","HSC_E12","C7"
"BC_CTGAGGCTCCGTATGA","HSC_E12","C5"
"BC_CTGCGAGAGCACTGGA","HSC_E12","C5"
"BC_CTGCTCAAGCACTCGC","HSC_E12","C7"
"BC_CTGCTCAGTTCGTACA","HSC_E12","C6"
"BC_CTGGCAGTCAAACCTG","HSC_E12","C7"
"BC_CTGGTCTCAGCAGTTT","HSC_E12","C5"
"BC_CTGGTCTGTCCAACGC","HSC_E12","C5"
"BC_CTGTACCCAACACACT","HSC_E12","C7"
"BC_CTGTACCCAGAGTTCT","HSC_E12","C7"
"BC_CTGTAGACATCAACCA","HSC_E12","C6"
"BC_CTGTATTCATTGAAAG","HSC_E12","C6"
"BC_CTGTGAAGTGGGTCAA","HSC_E12","C7"
"BC_CTGTGAATCGTCGACG","HSC_E12","C5"
"BC_CTTACCGAGGCGTCCT","HSC_E12","C7"
"BC_CTTAGGACACCTATCC","HSC_E12","C6"
"BC_CTTCAATGTGGCTTGC","HSC_E12","C6"
"BC_CTTCCGAAGAGTCACG","HSC_E12","C7"
"BC_CTTCCGATCGTACCTC","HSC_E12","C7"
"BC_CTTCCTTAGCAACAGC","HSC_E12","C6"
"BC_CTTCTAATCGATGGAG","HSC_E12","C5"
"BC_CTTGAGAGTTGCAACT","HSC_E12","C6"
"BC_CTTGATTGTCACTCAA","HSC_E12","C6"
"BC_CTTTCAAGTATAATGG","HSC_E12","C7"
"BC_CTTTCAAGTCATGGCC","HSC_E12","C7"
"BC_CTTTCAATCGCCAGAC","HSC_E12","C8"
"BC_CTTTCGGCAGAGACTG","HSC_E12","C7"
"BC_CTTTCGGCATCTAACG","HSC_E12","C7"
"BC_CTTTCGGTCTAACGCA","HSC_E12","C6"
"BC_GAAACCTGTCTTGAGT","HSC_E12","C5"
"BC_GAAATGAAGGTAGACC","HSC_E12","C5"
"BC_GAAATGATCCCAGCGA","HSC_E12","C6"
"BC_GAACACTAGTAAGACT","HSC_E12","C6"
"BC_GAACACTCACAAAGTA","HSC_E12","C5"
"BC_GAACACTTCGTGCAGC","HSC_E12","C5"
"BC_GAACGTTCACAGAAGC","HSC_E12","C6"
"BC_GAACTGTCATGAGATA","HSC_E12","C5"
"BC_GAAGAATAGGCGAACT","HSC_E12","C6"
"BC_GAAGCCCAGCGGTAAC","HSC_E12","C7"
"BC_GAAGCCCCAAGCGCAA","HSC_E12","C7"
"BC_GAAGCCCCACCAAAGG","HSC_E12","C6"
"BC_GAAGCCCTCCGATAGT","HSC_E12","C6"
"BC_GAAGGACAGGCATCGA","HSC_E12","C7"
"BC_GAAGGACGTCGACGCT","HSC_E12","C7"
"BC_GAAGTAAAGGTACATA","HSC_E12","C5"
"BC_GAATAGATCGTGCGAC","HSC_E12","C7"
"BC_GAATCACAGAATTGTG","HSC_E12","C6"
"BC_GAATCACAGGAAGTCC","HSC_E12","C7"
"BC_GAATCACAGTCATTGC","HSC_E12","C7"
"BC_GAATCACCAAGCACCC","HSC_E12","C7"
"BC_GAATCACCACCACTGG","HSC_E12","C7"
"BC_GACACGCAGCATGGGT","HSC_E12","C6"
"BC_GACACGCTCGATACAC","HSC_E12","C7"
"BC_GACAGCCAGAACTGAT","HSC_E12","C8"
"BC_GACAGCCAGTGTCATC","HSC_E12","C6"
"BC_GACAGCCTCAGGACAG","HSC_E12","C7"
"BC_GACCAATAGTTGGGAC","HSC_E12","C7"
"BC_GACCAATCAGGTGGAT","HSC_E12","C6"
"BC_GACCCTTGTAGGAGGG","HSC_E12","C7"
"BC_GACCGTGAGGATTTGA","HSC_E12","C7"
"BC_GACCGTGCAAATGGCG","HSC_E12","C6"
"BC_GACCGTGGTGAATGTA","HSC_E12","C6"
"BC_GACCGTGGTGTCCGGT","HSC_E12","C7"
"BC_GACCGTGTCTCTGCTG","HSC_E12","C6"
"BC_GACCTTCAGCGTCAAG","HSC_E12","C6"
"BC_GACGCTGAGATGCTAA","HSC_E12","C7"
"BC_GACGCTGAGCTAGAAT","HSC_E12","C5"
"BC_GACGCTGCACAATTCG","HSC_E12","C6"
"BC_GACGTTACACTCCTTG","HSC_E12","C6"
"BC_GACTATGAGGAGACCT","HSC_E12","C6"
"BC_GACTATGAGTCATCCA","HSC_E12","C6"
"BC_GACTCAACACTCGATA","HSC_E12","C7"
"BC_GACTCTCTCCCGGTAG","HSC_E12","C5"
"BC_GACTTCCAGAATTGTG","HSC_E12","C7"
"BC_GACTTCCCAACCGCTG","HSC_E12","C7"
"BC_GACTTCCCAGGTAGTG","HSC_E12","C5"
"BC_GAGAAATAGTCAAGCG","HSC_E12","C8"
"BC_GAGACCCAGACTTCCA","HSC_E12","C6"
"BC_GAGACCCAGCCGAACA","HSC_E12","C6"
"BC_GAGACTTAGCGACATG","HSC_E12","C6"
"BC_GAGAGGTGTTGCTTGA","HSC_E12","C7"
"BC_GAGATGGTCGTAGGAG","HSC_E12","C8"
"BC_GAGCTGCAGCCAGACA","HSC_E12","C6"
"BC_GAGCTGCCACACGGTC","HSC_E12","C7"
"BC_GAGCTGCGTGCTGATT","HSC_E12","C7"
"BC_GAGGGTACAGTAGATA","HSC_E12","C6"
"BC_GAGTCTAGTATAATGG","HSC_E12","C7"
"BC_GAGTGAGAGGAAAGAC","HSC_E12","C6"
"BC_GAGTGAGAGTATGCAA","HSC_E12","C7"
"BC_GAGTGAGGTCCGGCAT","HSC_E12","C7"
"BC_GAGTGAGTCGCCCAGA","HSC_E12","C7"
"BC_GAGTGTTTCGATGCAT","HSC_E12","C5"
"BC_GAGTTGTAGTAAGCAT","HSC_E12","C2"
"BC_GAGTTGTTCCTAACAG","HSC_E12","C6"
"BC_GAGTTTGTCCGCTAGG","HSC_E12","C5"
"BC_GATAGAAAGACATACA","HSC_E12","C6"
"BC_GATAGAACAGGTATGG","HSC_E12","C6"
"BC_GATAGAACATCGCCTT","HSC_E12","C6"
"BC_GATAGAAGTGTGTCGC","HSC_E12","C6"
"BC_GATAGCTCATCTCCCA","HSC_E12","C7"
"BC_GATCACAAGACCGCCT","HSC_E12","C6"
"BC_GATCACAGTGTGATGG","HSC_E12","C7"
"BC_GATCATGGTAGGTAGC","HSC_E12","C5"
"BC_GATCCCTAGCTAGCCC","HSC_E12","C8"
"BC_GATCCCTCACTATCCC","HSC_E12","C7"
"BC_GATCGTACAACGGGTA","HSC_E12","C7"
"BC_GATGATCAGGTTTGAA","HSC_E12","C7"
"BC_GATGATCGTAATTGGA","HSC_E12","C6"
"BC_GATGCTAAGTGCCTCG","HSC_E12","C5"
"BC_GATGCTACACCCTAGG","HSC_E12","C5"
"BC_GATTCGACACGCGTCA","HSC_E12","C7"
"BC_GATTCGATCCACCTCA","HSC_E12","C7"
"BC_GATTGGTGTGTCCATA","HSC_E12","C5"
"BC_GCAACATTCACACCCT","HSC_E12","C5"
"BC_GCAACCGGTATTTCTC","HSC_E12","C6"
"BC_GCACATAAGGTCGAGT","HSC_E12","C7"
"BC_GCACGGTTCAAAGGTA","HSC_E12","C8"
"BC_GCAGCCAGTCGAGATG","HSC_E12","C7"
"BC_GCAGCCAGTGTCATTG","HSC_E12","C7"
"BC_GCAGCTGGTACAGTTC","HSC_E12","C8"
"BC_GCAGGCTGTCAATGGG","HSC_E12","C6"
"BC_GCATCGGGTCCGAAAG","HSC_E12","C6"
"BC_GCATCGGTCCGTCCTA","HSC_E12","C5"
"BC_GCATGATAGGTAGTCG","HSC_E12","C8"
"BC_GCATTAGAGATGGTAT","HSC_E12","C7"
"BC_GCATTAGAGCATTTGC","HSC_E12","C7"
"BC_GCATTAGAGGTCGTGA","HSC_E12","C7"
"BC_GCATTAGTCCCGAATA","HSC_E12","C6"
"BC_GCCAACGAGAAACTGT","HSC_E12","C7"
"BC_GCCAGCAAGGGATGTC","HSC_E12","C7"
"BC_GCCAGCAAGGTAGTAT","HSC_E12","C5"
"BC_GCCAGCACACACGTGC","HSC_E12","C7"
"BC_GCCAGCATCCTCCACA","HSC_E12","C7"
"BC_GCCAGCATCTAGAGCT","HSC_E12","C5"
"BC_GCCAGCATCTCAGTCC","HSC_E12","C5"
"BC_GCCAGGTAGTGCTCGC","HSC_E12","C7"
"BC_GCCAGGTCAAGTACCT","HSC_E12","C6"
"BC_GCCATTCCAGGCACAA","HSC_E12","C5"
"BC_GCCCAGACACTGGCGT","HSC_E12","C7"
"BC_GCCCAGAGTATCAGCT","HSC_E12","C5"
"BC_GCCCAGAGTTGTGTTG","HSC_E12","C7"
"BC_GCCCGAATCGACACCG","HSC_E12","C7"
"BC_GCCGATGGTCCTGGGT","HSC_E12","C6"
"BC_GCCGATGGTCTTTATC","HSC_E12","C6"
"BC_GCCGATGTCCAAAGGG","HSC_E12","C5"
"BC_GCCGTGATCCGAAGGA","HSC_E12","C7"
"BC_GCGAGAATCCACAAGT","HSC_E12","C5"
"BC_GCGATCGCACGTAGTT","HSC_E12","C6"
"BC_GCGGAAATCGTGACTA","HSC_E12","C6"
"BC_GCGGAAATCGTGGTAT","HSC_E12","C7"
"BC_GCGGATCGTTTGATCG","HSC_E12","C8"
"BC_GCGTTTCAGTGCACAG","HSC_E12","C6"
"BC_GCGTTTCGTGGCAACA","HSC_E12","C5"
"BC_GCTACAATCTACGGGC","HSC_E12","C5"
"BC_GCTGAATAGCGCCGTT","HSC_E12","C6"
"BC_GCTGAATGTTCGGACC","HSC_E12","C6"
"BC_GCTGCAGAGATCCTAC","HSC_E12","C5"
"BC_GCTGGGTCAACCTAAC","HSC_E12","C6"
"BC_GCTTGGGAGCATGCAG","HSC_E12","C7"
"BC_GCTTGGGCAAGGCAAC","HSC_E12","C5"
"BC_GGAACCCAGCCGAACA","HSC_E12","C6"
"BC_GGAACCCCAGAGAGGG","HSC_E12","C8"
"BC_GGAACCCCATTCATCT","HSC_E12","C6"
"BC_GGAACCCGTATCAAGA","HSC_E12","C7"
"BC_GGAAGTGGTACAGGTG","HSC_E12","C5"
"BC_GGAAGTGGTAGTAAGT","HSC_E12","C6"
"BC_GGACGTCAGTCTGCAT","HSC_E12","C6"
"BC_GGACGTCTCCCAACTC","HSC_E12","C5"
"BC_GGAGAACAGGTTGACG","HSC_E12","C5"
"BC_GGAGAACGTCATCGGC","HSC_E12","C8"
"BC_GGAGATGCACACGCCA","HSC_E12","C2"
"BC_GGAGCAATCTGTCGTC","HSC_E12","C7"
"BC_GGAGGATGTGGGATTG","HSC_E12","C5"
"BC_GGAGGATTCCACAGCG","HSC_E12","C5"
"BC_GGATCTAAGCCTGTCG","HSC_E12","C5"
"BC_GGATCTAAGTCATAGA","HSC_E12","C7"
"BC_GGATGTTCACGTGAGA","HSC_E12","C6"
"BC_GGATGTTTCTGGAGAG","HSC_E12","C5"
"BC_GGCAGTCGTATCAGCT","HSC_E12","C6"
"BC_GGCAGTCGTCAACACT","HSC_E12","C6"
"BC_GGCAGTCGTCTTAGTG","HSC_E12","C7"
"BC_GGCGTCAAGAGGTCGT","HSC_E12","C7"
"BC_GGCGTCAGTTCAACGT","HSC_E12","C5"
"BC_GGCTGTGAGCTATCCA","HSC_E12","C6"
"BC_GGCTGTGCAAGACTGG","HSC_E12","C8"
"BC_GGGAAGTAGTATTAGG","HSC_E12","C8"
"BC_GGGAAGTCATTCTCTA","HSC_E12","C5"
"BC_GGGACAATCCGTACGG","HSC_E12","C6"
"BC_GGGACAATCTGGACTA","HSC_E12","C7"
"BC_GGGACTCAGACCATTC","HSC_E12","C7"
"BC_GGGACTCGTTTAGTCG","HSC_E12","C7"
"BC_GGGAGATTCAGGCGAA","HSC_E12","C5"
"BC_GGGAGTATCAGCCTCT","HSC_E12","C6"
"BC_GGGATCCTCTCCAATT","HSC_E12","C6"
"BC_GGGATCCTCTGTTGGA","HSC_E12","C6"
"BC_GGGCGTTAGGCCTAAG","HSC_E12","C6"
"BC_GGGCTACCATCCTCAC","HSC_E12","C8"
"BC_GGGTAGACATCACAGT","HSC_E12","C5"
"BC_GGGTAGAGTTCCAAAC","HSC_E12","C7"
"BC_GGGTCTGCAGACTCTA","HSC_E12","C6"
"BC_GGGTGAAAGCACTTTG","HSC_E12","C7"
"BC_GGGTGTCCACAGCATT","HSC_E12","C5"
"BC_GGGTGTCTCCTATTTG","HSC_E12","C6"
"BC_GGGTTTATCCAGTGCG","HSC_E12","C7"
"BC_GGTAACTCAATGCAGG","HSC_E12","C6"
"BC_GGTAATCAGATTGCGG","HSC_E12","C7"
"BC_GGTAATCAGGTTTGAA","HSC_E12","C7"
"BC_GGTCACGCACAAATAG","HSC_E12","C7"
"BC_GGTCACGGTACTTGTG","HSC_E12","C7"
"BC_GGTCACGGTTAGGGAC","HSC_E12","C8"
"BC_GGTCACGTCCGGACTG","HSC_E12","C5"
"BC_GGTCTGGAGAGAATCT","HSC_E12","C6"
"BC_GGTCTGGGTATGAGAT","HSC_E12","C6"
"BC_GGTCTGGGTGAGGATC","HSC_E12","C7"
"BC_GGTCTGGTCTGGCCAG","HSC_E12","C6"
"BC_GGTGAAGAGCACTCCG","HSC_E12","C6"
"BC_GGTGGCTAGCGACAGT","HSC_E12","C6"
"BC_GGTTAACAGACGTCCC","HSC_E12","C8"
"BC_GGTTCTCCACAACGCC","HSC_E12","C5"
"BC_GGTTGTACAATGAAAC","HSC_E12","C6"
"BC_GTAACACTCGGCTTGG","HSC_E12","C7"
"BC_GTAACCATCAATCTTC","HSC_E12","C8"
"BC_GTAATCGAGTGCCTCG","HSC_E12","C6"
"BC_GTAATCGCATGAATAG","HSC_E12","C5"
"BC_GTACAACCACGATAGG","HSC_E12","C8"
"BC_GTACAACCATACCAGT","HSC_E12","C7"
"BC_GTACAACGTGTTGATC","HSC_E12","C5"
"BC_GTAGAGGAGGATACGC","HSC_E12","C7"
"BC_GTAGAGGGTTGTAAAG","HSC_E12","C8"
"BC_GTAGCTACAACGATTC","HSC_E12","C5"
"BC_GTAGCTATCTGATTCT","HSC_E12","C7"
"BC_GTAGGAGCAATGAGCG","HSC_E12","C7"
"BC_GTAGGTTCAACACAAA","HSC_E12","C5"
"BC_GTAGTACAGACAAGCC","HSC_E12","C5"
"BC_GTAGTACAGCAGCCTC","HSC_E12","C7"
"BC_GTAGTACCAACCAATC","HSC_E12","C7"
"BC_GTATTGGGTCCATAGT","HSC_E12","C7"
"BC_GTATTGGGTGCTTATG","HSC_E12","C6"
"BC_GTATTTCAGAGCCGTA","HSC_E12","C5"
"BC_GTCAAGTGTGCATTTG","HSC_E12","C8"
"BC_GTCAAGTTCCCACAGG","HSC_E12","C5"
"BC_GTCACGGCATGGAATA","HSC_E12","C7"
"BC_GTCACTCAGCTACTAC","HSC_E12","C6"
"BC_GTCACTCGTTTCACTT","HSC_E12","C5"
"BC_GTCAGCGAGAGCCGAT","HSC_E12","C5"
"BC_GTCAGCGAGGATACCG","HSC_E12","C6"
"BC_GTCAGCGGTGGTACAG","HSC_E12","C7"
"BC_GTCAGCGGTGTTGAGG","HSC_E12","C7"
"BC_GTCATGAAGCTTCATG","HSC_E12","C5"
"BC_GTCATTTGTCTTGAAC","HSC_E12","C7"
"BC_GTCCACTCAGCTACTA","HSC_E12","C7"
"BC_GTCCCATAGAGTGTGC","HSC_E12","C7"
"BC_GTCCCATCAGACGATG","HSC_E12","C7"
"BC_GTCCCATTCCCTAGGG","HSC_E12","C5"
"BC_GTCCTCACAGAGATTA","HSC_E12","C5"
"BC_GTCGAATCAGAATGTA","HSC_E12","C5"
"BC_GTCGTTCAGAAACCCG","HSC_E12","C5"
"BC_GTCGTTCGTATCGCGC","HSC_E12","C7"
"BC_GTCTACCCAACAAGTA","HSC_E12","C5"
"BC_GTCTACCGTCGACTGC","HSC_E12","C6"
"BC_GTCTACCTCCTACGAA","HSC_E12","C6"
"BC_GTCTACCTCCTCTAAT","HSC_E12","C8"
"BC_GTCTCACGTCCTCATC","HSC_E12","C6"
"BC_GTGACGCCACGAAAGC","HSC_E12","C6"
"BC_GTGAGCCAGTCAGCCC","HSC_E12","C7"
"BC_GTGAGCCTCCTAGAGT","HSC_E12","C7"
"BC_GTGAGTTGTATAGGAT","HSC_E12","C7"
"BC_GTGCACGTCGCCTCTA","HSC_E12","C5"
"BC_GTGGAGAAGCTGAGTG","HSC_E12","C5"
"BC_GTGGAGATCCCGTTGT","HSC_E12","C6"
"BC_GTGGAGATCCCTCTAG","HSC_E12","C8"
"BC_GTGGCGTCAGTTCCAA","HSC_E12","C7"
"BC_GTGGGAAAGAGGTTAT","HSC_E12","C6"
"BC_GTGGTTAAGACCACGA","HSC_E12","C8"
"BC_GTGGTTAGTTGTACGT","HSC_E12","C7"
"BC_GTGTCCTTCAATCCAG","HSC_E12","C6"
"BC_GTGTGATCAGTCTGGC","HSC_E12","C5"
"BC_GTGTGATGTTCAGCTA","HSC_E12","C6"
"BC_GTGTGGCAGAGTAACT","HSC_E12","C7"
"BC_GTGTTCCAGGCGTTAG","HSC_E12","C6"
"BC_GTGTTCCTCAGCCCAG","HSC_E12","C6"
"BC_GTTACAGCATGTTCGA","HSC_E12","C8"
"BC_GTTACCCAGCCGAACA","HSC_E12","C7"
"BC_GTTACCCCACACACTA","HSC_E12","C8"
"BC_GTTACCCCAGAGAGGG","HSC_E12","C8"
"BC_GTTACGAAGGTTCTTG","HSC_E12","C7"
"BC_GTTACGACAACAAGAT","HSC_E12","C5"
"BC_GTTACGACAACTGAAA","HSC_E12","C6"
"BC_GTTACGATCAGACTGT","HSC_E12","C6"
"BC_GTTAGTGAGGGTAGCT","HSC_E12","C6"
"BC_GTTATGGGTTACCCAA","HSC_E12","C7"
"BC_GTTCATTCACAATGAA","HSC_E12","C6"
"BC_GTTGAACTCTCCATAT","HSC_E12","C7"
"BC_GTTGCTCGTACCGCGT","HSC_E12","C7"
"BC_GTTGCTCGTTCATCTT","HSC_E12","C7"
"BC_GTTGTAGTCTCCCTAG","HSC_E12","C6"
"BC_GTTGTCCGTCCTCCTA","HSC_E12","C5"
"BC_GTTGTCCTCTTGGTCC","HSC_E12","C6"
"BC_GTTGTGAAGCAATAGT","HSC_E12","C8"
"BC_GTTTACTCAAACTGCT","HSC_E12","C6"
"BC_GTTTGGACATGAGATA","HSC_E12","C6"
"BC_TAACCAGCAATACCTG","HSC_E12","C7"
"BC_TAACCAGTCCGTGTAA","HSC_E12","C3"
"BC_TAACCAGTCCTTCAGC","HSC_E12","C5"
"BC_TAACTTCAGTTCATGC","HSC_E12","C7"
"BC_TAACTTCGTGTTAAAG","HSC_E12","C6"
"BC_TAAGCACTCGCAAGAG","HSC_E12","C7"
"BC_TAAGCCACATTGAGCT","HSC_E12","C5"
"BC_TAAGCGTAGTCGAAGC","HSC_E12","C7"
"BC_TAAGTCGAGCGGGTTA","HSC_E12","C5"
"BC_TAAGTCGTCATCCTAT","HSC_E12","C7"
"BC_TAATCTCGTATGAGCG","HSC_E12","C7"
"BC_TAATCTCGTCAACGCC","HSC_E12","C5"
"BC_TAATCTCGTTAGGACG","HSC_E12","C5"
"BC_TACAGGTTCCTAGCTC","HSC_E12","C7"
"BC_TACATTCGTCCCTAAA","HSC_E12","C5"
"BC_TACCGGGCAAGCACCC","HSC_E12","C7"
"BC_TACCTGCCACCTCAGG","HSC_E12","C7"
"BC_TACGGGCCAGTAACAA","HSC_E12","C7"
"BC_TACTGCCCAAGCTACT","HSC_E12","C6"
"BC_TACTGCCGTGGTAACG","HSC_E12","C7"
"BC_TACTGCCTCCTTACCG","HSC_E12","C7"
"BC_TACTTACCAGACTGCC","HSC_E12","C7"
"BC_TACTTACTCGAAACAA","HSC_E12","C6"
"BC_TACTTACTCGTGTGAT","HSC_E12","C8"
"BC_TACTTCAAGGGATCTG","HSC_E12","C6"
"BC_TACTTCAGTCCGAAAG","HSC_E12","C6"
"BC_TACTTCAGTGAGGAAA","HSC_E12","C6"
"BC_TACTTCAGTGGGTTGA","HSC_E12","C6"
"BC_TACTTGTAGGCGTTGA","HSC_E12","C7"
"BC_TACTTGTCAAAGGAGA","HSC_E12","C7"
"BC_TACTTGTCACCAGTAT","HSC_E12","C7"
"BC_TAGACCACAAATGGCG","HSC_E12","C7"
"BC_TAGACCATCTACAGGT","HSC_E12","C7"
"BC_TAGACTGAGGTGCCTC","HSC_E12","C5"
"BC_TAGAGTCAGGACAGCT","HSC_E12","C7"
"BC_TAGAGTCTCAGTGTGT","HSC_E12","C5"
"BC_TAGATCGCACCTCTGT","HSC_E12","C7"
"BC_TAGGAGGAGCCAGTAG","HSC_E12","C8"
"BC_TAGGAGGTCTTGCAGA","HSC_E12","C7"
"BC_TAGGGTTCAAGTTCCA","HSC_E12","C6"
"BC_TAGGGTTCACTACGGC","HSC_E12","C6"
"BC_TAGGGTTGTCATCTAG","HSC_E12","C7"
"BC_TAGGTACAGGAGACCT","HSC_E12","C8"
"BC_TAGGTTGAGAGAAGGT","HSC_E12","C5"
"BC_TATATCCGTTGTGCAT","HSC_E12","C6"
"BC_TATCAGGAGCGAGTCA","HSC_E12","C6"
"BC_TATCGCCCAATGGCCC","HSC_E12","C7"
"BC_TATCTGTCAATAACCC","HSC_E12","C8"
"BC_TATCTGTTCATTGTTC","HSC_E12","C7"
"BC_TATGTTCCAGTGGGTA","HSC_E12","C5"
"BC_TATTCCACACCGGAAA","HSC_E12","C5"
"BC_TATTCCAGTGGACCTC","HSC_E12","C7"
"BC_TATTCCAGTGTCTTGA","HSC_E12","C8"
"BC_TATTCCATCGCTAAAC","HSC_E12","C5"
"BC_TATTGGGAGCATCGAG","HSC_E12","C6"
"BC_TATTTCGCAAGAGAGA","HSC_E12","C8"
"BC_TATTTCGGTATGCAAA","HSC_E12","C7"
"BC_TATTTCGGTCTTGAAC","HSC_E12","C7"
"BC_TATTTCGTCCCTTGTG","HSC_E12","C5"
"BC_TATTTCGTCGGTCTAA","HSC_E12","C5"
"BC_TATTTCGTCTCAATCT","HSC_E12","C7"
"BC_TCAAGACTCAACACCA","HSC_E12","C6"
"BC_TCAAGTGCAAGAGTAT","HSC_E12","C5"
"BC_TCAATCTCACGGTGTC","HSC_E12","C6"
"BC_TCAATTCCATAAGCAA","HSC_E12","C7"
"BC_TCAATTCGTATGTCAC","HSC_E12","C7"
"BC_TCACGGGGTAGAGCTG","HSC_E12","C8"
"BC_TCACTATCACTGAGGA","HSC_E12","C6"
"BC_TCACTCGCAACTGCTA","HSC_E12","C7"
"BC_TCACTCGCACTACCCT","HSC_E12","C6"
"BC_TCAGCAAGTACCGCGT","HSC_E12","C6"
"BC_TCAGCAAGTCGGCTAC","HSC_E12","C6"
"BC_TCAGCCTCAAAGAACT","HSC_E12","C5"
"BC_TCAGGGCTCAAGCCGC","HSC_E12","C5"
"BC_TCAGGTAAGTCGAAGC","HSC_E12","C7"
"BC_TCAGTCCAGACGACTG","HSC_E12","C6"
"BC_TCAGTCCTCTGGCCGA","HSC_E12","C7"
"BC_TCAGTGACATCACGGC","HSC_E12","C5"
"BC_TCAGTTTGTAGACAAT","HSC_E12","C7"
"BC_TCATACTTCACGGTCG","HSC_E12","C8"
"BC_TCATCCGAGAGTTGCG","HSC_E12","C7"
"BC_TCATCCGCAGGAATAT","HSC_E12","C7"
"BC_TCATGCCAGCAACTCT","HSC_E12","C5"
"BC_TCATGCCAGGAAACGA","HSC_E12","C6"
"BC_TCATGCCCAATTGCGT","HSC_E12","C7"
"BC_TCATGTTAGAATTGCA","HSC_E12","C6"
"BC_TCATTCAGTCGTTTCC","HSC_E12","C7"
"BC_TCATTCAGTTTCGATG","HSC_E12","C6"
"BC_TCATTCATCACACCCT","HSC_E12","C6"
"BC_TCATTTGTCGAGAAAT","HSC_E12","C7"
"BC_TCCACCAAGCACTGGA","HSC_E12","C5"
"BC_TCCACCACAATGAACA","HSC_E12","C5"
"BC_TCCACCATCGGCCCAA","HSC_E12","C7"
"BC_TCCACGTTCCCTCTAG","HSC_E12","C7"
"BC_TCCAGAAAGCATGCAG","HSC_E12","C7"
"BC_TCCAGAACACGCGCTA","HSC_E12","C7"
"BC_TCCATGCTCTAGTACG","HSC_E12","C1"
"BC_TCCCACAAGAAACTGT","HSC_E12","C8"
"BC_TCCCACAAGAGAGTTT","HSC_E12","C7"
"BC_TCCCACAAGATTGATG","HSC_E12","C6"
"BC_TCCCAGTAGAAAGCGA","HSC_E12","C6"
"BC_TCCCAGTTCCCAGTGG","HSC_E12","C5"
"BC_TCCCAGTTCTCGGTAA","HSC_E12","C6"
"BC_TCCCATGTCTGTAAGC","HSC_E12","C7"
"BC_TCCGGGACAATCGCAT","HSC_E12","C6"
"BC_TCCGGGAGTCCCGTGA","HSC_E12","C6"
"BC_TCCGGGAGTTCTGACA","HSC_E12","C8"
"BC_TCCGGGATCATTGAGC","HSC_E12","C5"
"BC_TCCGTGTGTTGGACTT","HSC_E12","C6"
"BC_TCCTAATCAGGAATAT","HSC_E12","C7"
"BC_TCCTCCCCATACTTTC","HSC_E12","C7"
"BC_TCCTGCAAGATTCGAA","HSC_E12","C8"
"BC_TCGAACAAGCCTATCA","HSC_E12","C7"
"BC_TCGAAGTCATTCCTAT","HSC_E12","C5"
"BC_TCGAAGTTCACTTCTA","HSC_E12","C6"
"BC_TCGACCTAGAGGTCAC","HSC_E12","C7"
"BC_TCGACGGCAATCGAAA","HSC_E12","C5"
"BC_TCGATTTAGACATGCG","HSC_E12","C6"
"BC_TCGCTCAAGAAGTCCG","HSC_E12","C7"
"BC_TCGGATAGTACTAAGA","HSC_E12","C7"
"BC_TCGGATATCCTTCTAA","HSC_E12","C7"
"BC_TCGGGACCAACACGAG","HSC_E12","C6"
"BC_TCGGGACTCGAGATGG","HSC_E12","C6"
"BC_TCGGGACTCGTTCATT","HSC_E12","C5"
"BC_TCGGGCACACTCCCTA","HSC_E12","C6"
"BC_TCGGGTGCAACTACGT","HSC_E12","C7"
"BC_TCGGGTGCAGATCACT","HSC_E12","C5"
"BC_TCGGTCTAGCCACAAG","HSC_E12","C7"
"BC_TCGGTCTCATCCTGTC","HSC_E12","C5"
"BC_TCGTAGAAGCCGGAAT","HSC_E12","C6"
"BC_TCGTAGAAGCTGAAAT","HSC_E12","C7"
"BC_TCGTAGACAATGGCAG","HSC_E12","C8"
"BC_TCGTAGATCAAGCTTG","HSC_E12","C5"
"BC_TCGTAGATCCACATAG","HSC_E12","C5"
"BC_TCGTCCAAGCCAGAGT","HSC_E12","C8"
"BC_TCGTCCAGTATGGAAT","HSC_E12","C5"
"BC_TCGTGCTCACTAGTAC","HSC_E12","C7"
"BC_TCTAACTAGGTGCCAA","HSC_E12","C6"
"BC_TCTAACTGTGTAACGG","HSC_E12","C6"
"BC_TCTACATAGGACTATA","HSC_E12","C7"
"BC_TCTACATAGGTAAGAG","HSC_E12","C7"
"BC_TCTACCGGTTAAGTCC","HSC_E12","C7"
"BC_TCTCTGGAGAGCAACC","HSC_E12","C7"
"BC_TCTCTGGGTCGCTTGG","HSC_E12","C7"
"BC_TCTGCCAAGGATTCCT","HSC_E12","C8"
"BC_TCTGCCAAGGTCCAGA","HSC_E12","C8"
"BC_TCTGGCTAGAAGAGCA","HSC_E12","C7"
"BC_TCTGGCTCATAATCGC","HSC_E12","C6"
"BC_TCTGTCGTCGTTCAGA","HSC_E12","C6"
"BC_TCTTAGTAGTTGCGAG","HSC_E12","C5"
"BC_TCTTAGTCAGGTTTAC","HSC_E12","C5"
"BC_TCTTAGTTCGTGGTAT","HSC_E12","C7"
"BC_TGAACGTTCACGGGAA","HSC_E12","C7"
"BC_TGAATCGCAATCCTAG","HSC_E12","C8"
"BC_TGAATGCCATTCTCTA","HSC_E12","C7"
"BC_TGAATGCTCGTTCCTG","HSC_E12","C7"
"BC_TGACAGTGTACAATAG","HSC_E12","C6"
"BC_TGACTCCCAATGTCAC","HSC_E12","C6"
"BC_TGACTCCTCATGCCAA","HSC_E12","C5"
"BC_TGAGCATAGTAGATCA","HSC_E12","C7"
"BC_TGAGCGCTCGTGGACC","HSC_E12","C7"
"BC_TGAGGAGGTGCCAAGA","HSC_E12","C7"
"BC_TGAGGGAAGCACTCCG","HSC_E12","C7"
"BC_TGAGGTTTCGACCATA","HSC_E12","C6"
"BC_TGATCTTAGTGCCAGA","HSC_E12","C5"
"BC_TGATCTTGTTGAGGAC","HSC_E12","C3"
"BC_TGATGCAAGACAGCTG","HSC_E12","C8"
"BC_TGATGCAAGCTCCATA","HSC_E12","C5"
"BC_TGATGCAAGTCAGCCC","HSC_E12","C6"
"BC_TGATGCATCTATCACT","HSC_E12","C7"
"BC_TGATGCATCTCATTAC","HSC_E12","C7"
"BC_TGCACGGTCATCACCC","HSC_E12","C5"
"BC_TGCAGATTCGGTAAGG","HSC_E12","C7"
"BC_TGCAGGCTCCATTTGT","HSC_E12","C7"
"BC_TGCAGTAGTTAATCGC","HSC_E12","C6"
"BC_TGCAGTATCCGAGGCT","HSC_E12","C7"
"BC_TGCATCCCACAAGCTT","HSC_E12","C5"
"BC_TGCATGAAGGCTCACC","HSC_E12","C7"
"BC_TGCATGAAGTCCCAGC","HSC_E12","C7"
"BC_TGCATGACAACCAGAG","HSC_E12","C7"
"BC_TGCCGAGCAATTCTTC","HSC_E12","C7"
"BC_TGCCGAGCAGACCGCT","HSC_E12","C5"
"BC_TGCGACGAGCTGACAG","HSC_E12","C7"
"BC_TGCGACGAGTCCTACA","HSC_E12","C5"
"BC_TGCGACGGTTTGGCTA","HSC_E12","C6"
"BC_TGCGATACAGGTGGAT","HSC_E12","C6"
"BC_TGCGGCAAGCATTGAA","HSC_E12","C7"
"BC_TGCGGCAGTGCAGTGA","HSC_E12","C6"
"BC_TGCGGCAGTGCGAACA","HSC_E12","C7"
"BC_TGCTCCACAGGCTCTG","HSC_E12","C5"
"BC_TGCTCGTAGTACTGGG","HSC_E12","C6"
"BC_TGGAACTTCAAATAGG","HSC_E12","C6"
"BC_TGGAGAGAGACCATAA","HSC_E12","C6"
"BC_TGGAGAGCAATTCTCT","HSC_E12","C6"
"BC_TGGATGTCATTGGATC","HSC_E12","C7"
"BC_TGGCGTGAGGGCAGTT","HSC_E12","C6"
"BC_TGGGAAGGTAGCTGCC","HSC_E12","C6"
"BC_TGGGAAGTCTTTCAGT","HSC_E12","C5"
"BC_TGGGAGACAGTCAGAG","HSC_E12","C6"
"BC_TGGGATTAGAAGTCAT","HSC_E12","C6"
"BC_TGGGATTTCCTTGACC","HSC_E12","C6"
"BC_TGGGCGTCAACTGCTA","HSC_E12","C6"
"BC_TGGGCTGTCAACCGAT","HSC_E12","C8"
"BC_TGGTAGTAGGTTCTTG","HSC_E12","C6"
"BC_TGGTGATCATTAGGAA","HSC_E12","C5"
"BC_TGGTTAGTCATACAGC","HSC_E12","C6"
"BC_TGTAAGCAGTGCAACG","HSC_E12","C8"
"BC_TGTAGACGTGGTCTAT","HSC_E12","C7"
"BC_TGTCAGATCGAGATAA","HSC_E12","C5"
"BC_TGTCCACAGGTGAGAA","HSC_E12","C8"
"BC_TGTCCACCAAAGAACT","HSC_E12","C6"
"BC_TGTCCCAAGTTCCGTA","HSC_E12","C7"
"BC_TGTCCCATCCTCACGT","HSC_E12","C7"
"BC_TGTGAGTTCACTCCGT","HSC_E12","C6"
"BC_TGTGATGAGTGATAAC","HSC_E12","C8"
"BC_TGTGATGCAAGACTGG","HSC_E12","C7"
"BC_TGTGATGGTTGTCTAG","HSC_E12","C6"
"BC_TGTGATGTCCTACGGG","HSC_E12","C6"
"BC_TGTGATGTCTCGTTTA","HSC_E12","C5"
"BC_TGTGCGGGTCAACCAT","HSC_E12","C5"
"BC_TGTGGCGCAGTGTACT","HSC_E12","C8"
"BC_TGTGTGAAGGTAGGCT","HSC_E12","C5"
"BC_TGTGTGAGTATGAGCG","HSC_E12","C5"
"BC_TGTTACTAGCATCAAA","HSC_E12","C5"
"BC_TGTTACTTCGTTCATT","HSC_E12","C7"
"BC_TGTTCATGTGACTGTT","HSC_E12","C8"
"BC_TGTTCCGCACAGCATT","HSC_E12","C7"
"BC_TGTTCTATCGCCGATG","HSC_E12","C5"
"BC_TGTTGGAGTTCGAGCC","HSC_E12","C5"
"BC_TGTTTGTCAGGTCCGT","HSC_E12","C7"
"BC_TTACAGGAGCATGAAT","HSC_E12","C5"
"BC_TTACCATCAATAACGA","HSC_E12","C5"
"BC_TTACCATGTCCGGTGT","HSC_E12","C5"
"BC_TTACCATGTTGCGGAA","HSC_E12","C6"
"BC_TTACGCCCAACACAAA","HSC_E12","C7"
"BC_TTACGCCCACCGTCTT","HSC_E12","C8"
"BC_TTACGCCGTGCAATAA","HSC_E12","C7"
"BC_TTACGTTCAAATAGCA","HSC_E12","C7"
"BC_TTAGTCTAGGCTCTAT","HSC_E12","C7"
"BC_TTAGTCTCATCGAGCC","HSC_E12","C7"
"BC_TTAGTCTTCTGCCTGT","HSC_E12","C5"
"BC_TTATTGCTCGTCCTTG","HSC_E12","C6"
"BC_TTCAATCCACTTGGCG","HSC_E12","C5"
"BC_TTCACCGAGTATGGAT","HSC_E12","C6"
"BC_TTCACGCAGTCATGAA","HSC_E12","C8"
"BC_TTCACGCCAGGTGTTT","HSC_E12","C8"
"BC_TTCACGCTCAAATGCC","HSC_E12","C5"
"BC_TTCACGCTCCAACCGG","HSC_E12","C6"
"BC_TTCAGGAAGGTGGCTA","HSC_E12","C7"
"BC_TTCAGGAGTCCACAGC","HSC_E12","C8"
"BC_TTCATGTAGTTATGGA","HSC_E12","C6"
"BC_TTCATTGAGCTACGTT","HSC_E12","C6"
"BC_TTCCAATGTTACCTTT","HSC_E12","C7"
"BC_TTCCGTGAGGTAGTCG","HSC_E12","C7"
"BC_TTCCGTGGTCAATCTG","HSC_E12","C8"
"BC_TTCCGTGTCTAGTGAC","HSC_E12","C7"
"BC_TTCCTAAAGCTGGTGA","HSC_E12","C7"
"BC_TTCCTAAAGTTACGAA","HSC_E12","C6"
"BC_TTCCTTCCACGTGAGA","HSC_E12","C6"
"BC_TTCCTTCCATTCATCT","HSC_E12","C7"
"BC_TTCCTTCTCGCTGTCT","HSC_E12","C7"
"BC_TTCGATTCATGACGTT","HSC_E12","C7"
"BC_TTCGCTGGTACCGGAA","HSC_E12","C5"
"BC_TTCGCTGTCACGACTA","HSC_E12","C7"
"BC_TTCGGTCTCTAAGCGT","HSC_E12","C6"
"BC_TTCTAACTCAAGGCTT","HSC_E12","C6"
"BC_TTCTCTCAGGCCACTC","HSC_E12","C7"
"BC_TTCTGTATCCAACACA","HSC_E12","C6"
"BC_TTCTTGAAGCCTGGAA","HSC_E12","C5"
"BC_TTCTTGAAGTTGGACG","HSC_E12","C8"
"BC_TTGAACGAGCTAGATA","HSC_E12","C6"
"BC_TTGAACGGTAGTCTGT","HSC_E12","C6"
"BC_TTGACCCAGACTTCCA","HSC_E12","C7"
"BC_TTGACCCCAATTCTTC","HSC_E12","C6"
"BC_TTGAGTGTCAGGGTAG","HSC_E12","C5"
"BC_TTGATGGTCATCGCAA","HSC_E12","C7"
"BC_TTGATGGTCTGGACTA","HSC_E12","C6"
"BC_TTGCATTCACTCCGGA","HSC_E12","C7"
"BC_TTGCATTCAGGGATAC","HSC_E12","C5"
"BC_TTGCATTTCAAGCCTA","HSC_E12","C5"
"BC_TTGCCTGAGACGCCAA","HSC_E12","C6"
"BC_TTGCCTGAGCAGTAAT","HSC_E12","C7"
"BC_TTGCTGCCAGTTCACA","HSC_E12","C6"
"BC_TTGGGCGTCCTTATAC","HSC_E12","C7"
"BC_TTGTGGAAGCGATGGT","HSC_E12","C7"
"BC_TTGTGGAGTTCCGCAG","HSC_E12","C6"
"BC_TTGTGTTGTTGGACCC","HSC_E12","C7"
"BC_TTGTTCACAGCTACTA","HSC_E12","C7"
"BC_TTGTTCAGTGCCCAGT","HSC_E12","C7"
"BC_TTGTTTGAGGTCCCTG","HSC_E12","C7"
"BC_TTGTTTGCATGCCGGT","HSC_E12","C7"
"BC_TTGTTTGTCTATACTC","HSC_E12","C7"
"BC_TTTACCATCAGCTTCC","HSC_E12","C5"
"BC_TTTACCATCGCATTAG","HSC_E12","C5"
"BC_TTTACGTGTATAGGGC","HSC_E12","C5"
"BC_TTTACGTGTCTGTAGT","HSC_E12","C5"
"BC_TTTACGTTCCTTCGAC","HSC_E12","C5"
"BC_TTTACTGAGGATTTAG","HSC_E12","C6"
"BC_TTTACTGCAATACCCA","HSC_E12","C6"
"BC_TTTAGTCGTGCATTAC","HSC_E12","C5"
"BC_TTTCACAAGTTCATGC","HSC_E12","C7"
"BC_TTTCACACAAGTGGGT","HSC_E12","C7"
"BC_TTTCACATCTATTCGT","HSC_E12","C7"
"BC_TTTCAGTGTGCATACT","HSC_E12","C8"
"BC_TTTCCTCAGCACACAG","HSC_E12","C7"
"BC_TTTCGATAGGGCAAGG","HSC_E12","C7"
"BC_TTTCGATCAAGCACAG","HSC_E12","C6"
"BC_TTTCGATCACTGGACC","HSC_E12","C5"
"BC_TTTGACTCACATGAAA","HSC_E12","C5"
"BC_TTTGACTCATCTCAAG","HSC_E12","C5"
"BC_TTTGGAGAGCGATGCA","HSC_E12","C7"
"BC_TTTGGAGAGGGCAGAG","HSC_E12","C7"
"BC_TTTGGAGGTCCCGCAA","HSC_E12","C7"
"BC_TTTGGAGGTGGGCTCT","HSC_E12","C5"
"BC_TTTGGTTAGAACTCCT","HSC_E12","C5"
"BC_TTTGGTTAGAATTTGG","HSC_E12","C5"
"BC_TTTGGTTTCCTTATCA","HSC_E12","C5"
"BC_TTTGTTGCAAAGGCGT","HSC_E12","C6"
"BC_TTTGTTGCAAGAGTTA","HSC_E12","C7"
"BC_TTTGTTGTCTAGAGCT","HSC_E12","C5"
"BC_AAACCCAAGAAGTATC","HSC_F12","C5"
"BC_AAACCCACATCCTGTC","HSC_F12","C6"
"BC_AAACCCAGTGATGTAA","HSC_F12","C7"
"BC_AAACGAAAGTCCCGAC","HSC_F12","C5"
"BC_AAACGAACAGATCCAT","HSC_F12","C5"
"BC_AAACGCTCAAATGCTC","HSC_F12","C6"
"BC_AAACGCTTCATTACTC","HSC_F12","C6"
"BC_AAACGCTTCTTGCAAG","HSC_F12","C7"
"BC_AAAGAACAGGTCGTAG","HSC_F12","C7"
"BC_AAAGAACAGTTAACAG","HSC_F12","C5"
"BC_AAAGAACCAGACACCC","HSC_F12","C5"
"BC_AAAGAACCATGACCCG","HSC_F12","C7"
"BC_AAAGAACGTAGTGTGG","HSC_F12","C7"
"BC_AAAGAACGTGCAAGAC","HSC_F12","C7"
"BC_AAAGAACGTGGTCCGT","HSC_F12","C6"
"BC_AAAGAACTCTCTGCTG","HSC_F12","C7"
"BC_AAAGGATGTGGCTTGC","HSC_F12","C6"
"BC_AAAGGATGTGTCATTG","HSC_F12","C5"
"BC_AAAGGATGTTTGAACC","HSC_F12","C6"
"BC_AAAGGGCCACAGCGCT","HSC_F12","C5"
"BC_AAAGGGCGTGGATCAG","HSC_F12","C6"
"BC_AAAGGGCGTTGGATCT","HSC_F12","C6"
"BC_AAAGGGCTCCACCTCA","HSC_F12","C7"
"BC_AAAGGTACAAAGGAGA","HSC_F12","C7"
"BC_AAAGGTACACATGACT","HSC_F12","C7"
"BC_AAAGGTATCATCACCC","HSC_F12","C6"
"BC_AAAGGTATCCGTGGCA","HSC_F12","C7"
"BC_AAAGGTATCCGTGGTG","HSC_F12","C5"
"BC_AAAGTCCTCTTGCAGA","HSC_F12","C6"
"BC_AAAGTGAAGGAAGTGA","HSC_F12","C7"
"BC_AAAGTGAAGTGCCTCG","HSC_F12","C7"
"BC_AAAGTGACAAACTAGA","HSC_F12","C6"
"BC_AAAGTGACACAACGTT","HSC_F12","C7"
"BC_AAAGTGACATCCGGTG","HSC_F12","C6"
"BC_AAAGTGAGTGTCGATT","HSC_F12","C6"
"BC_AAATGGAAGGGTGGGA","HSC_F12","C6"
"BC_AAATGGAAGTAAATGC","HSC_F12","C7"
"BC_AAATGGAAGTCAGGGT","HSC_F12","C7"
"BC_AAATGGAGTTAAACCC","HSC_F12","C5"
"BC_AAATGGATCAGTCTTT","HSC_F12","C6"
"BC_AACAAAGAGTTGTCAC","HSC_F12","C7"
"BC_AACAAAGTCGCATTAG","HSC_F12","C6"
"BC_AACAAAGTCGGATACT","HSC_F12","C6"
"BC_AACAAGAAGTGCACCC","HSC_F12","C6"
"BC_AACAAGAGTATGAGCG","HSC_F12","C7"
"BC_AACAAGAGTTTCAGAC","HSC_F12","C7"
"BC_AACAAGATCCCATAAG","HSC_F12","C7"
"BC_AACACACCATGATGCT","HSC_F12","C6"
"BC_AACACACGTCAGCTTA","HSC_F12","C6"
"BC_AACACACGTTCAAGTC","HSC_F12","C6"
"BC_AACAGGGGTTGATGTC","HSC_F12","C6"
"BC_AACAGGGTCGCAGAGA","HSC_F12","C6"
"BC_AACCAACAGTGGACTG","HSC_F12","C6"
"BC_AACCAACCATAATCGC","HSC_F12","C6"
"BC_AACCAACGTGTTTGCA","HSC_F12","C6"
"BC_AACCAACTCAGACAAA","HSC_F12","C5"
"BC_AACCACAAGCGTACAG","HSC_F12","C6"
"BC_AACCACAAGGCCTGCT","HSC_F12","C6"
"BC_AACCACACACTCCGGA","HSC_F12","C7"
"BC_AACCACACAGATACCT","HSC_F12","C6"
"BC_AACCATGAGGCAGGTT","HSC_F12","C7"
"BC_AACCATGCATCAACCA","HSC_F12","C7"
"BC_AACCATGGTTGAGAGC","HSC_F12","C6"
"BC_AACCCAATCGTACCTC","HSC_F12","C6"
"BC_AACCTGACATGGGCAA","HSC_F12","C7"
"BC_AACCTGATCACTTCTA","HSC_F12","C7"
"BC_AACCTGATCATCTCTA","HSC_F12","C7"
"BC_AACCTTTAGGACTTCT","HSC_F12","C5"
"BC_AACCTTTAGTATCCTG","HSC_F12","C5"
"BC_AACCTTTGTAAGACCG","HSC_F12","C6"
"BC_AACCTTTGTCGCTCGA","HSC_F12","C7"
"BC_AACGAAAAGAGTCACG","HSC_F12","C6"
"BC_AACGAAACATCATTTC","HSC_F12","C6"
"BC_AACGAAAGTATGTCCA","HSC_F12","C6"
"BC_AACGAAAGTCAGACTT","HSC_F12","C6"
"BC_AACGAAATCGATAACC","HSC_F12","C7"
"BC_AACGGGAAGTGGGAAA","HSC_F12","C6"
"BC_AACGGGAGTGATGAAT","HSC_F12","C7"
"BC_AACGGGAGTTAGAAGT","HSC_F12","C6"
"BC_AACGGGAGTTGGAGAC","HSC_F12","C6"
"BC_AACGTCAAGAGGGCGA","HSC_F12","C7"
"BC_AACGTCAAGGCAATGC","HSC_F12","C6"
"BC_AACGTCAAGTAAGGGA","HSC_F12","C7"
"BC_AACGTCACACACCTAA","HSC_F12","C6"
"BC_AACGTCACACGCTGAC","HSC_F12","C7"
"BC_AACGTCAGTAATCAAG","HSC_F12","C6"
"BC_AACGTCATCATCCTAT","HSC_F12","C5"
"BC_AACTTCTAGCCATGCC","HSC_F12","C3"
"BC_AACTTCTGTACCCACG","HSC_F12","C6"
"BC_AACTTCTGTTCATCTT","HSC_F12","C6"
"BC_AACTTCTTCTCGGGAC","HSC_F12","C6"
"BC_AAGAACAAGCATCAAA","HSC_F12","C6"
"BC_AAGAACAAGTTTCTTC","HSC_F12","C7"
"BC_AAGAACACACAAGTTC","HSC_F12","C6"
"BC_AAGAACATCGGTGAAG","HSC_F12","C6"
"BC_AAGACAAGTCCCGTGA","HSC_F12","C6"
"BC_AAGACAAGTGTTAACC","HSC_F12","C7"
"BC_AAGACAAGTTTCGATG","HSC_F12","C7"
"BC_AAGACAATCGTTTACT","HSC_F12","C7"
"BC_AAGACTCAGCTCCATA","HSC_F12","C6"
"BC_AAGACTCGTGTCACAT","HSC_F12","C7"
"BC_AAGATAGAGTGAGTTA","HSC_F12","C7"
"BC_AAGATAGCACGCAAAG","HSC_F12","C6"
"BC_AAGATAGCATGCTGCG","HSC_F12","C7"
"BC_AAGATAGGTCAAAGTA","HSC_F12","C7"
"BC_AAGATAGGTGCTCGTG","HSC_F12","C8"
"BC_AAGCATCAGAGAGCAA","HSC_F12","C5"
"BC_AAGCATCCATGTGGTT","HSC_F12","C6"
"BC_AAGCCATAGGAGAGGC","HSC_F12","C7"
"BC_AAGCCATCACTCCTGT","HSC_F12","C7"
"BC_AAGCCATTCTGAGAAA","HSC_F12","C6"
"BC_AAGCGAGAGCAGCAGT","HSC_F12","C6"
"BC_AAGCGAGCATCTTCGC","HSC_F12","C7"
"BC_AAGCGAGGTAGCACAG","HSC_F12","C7"
"BC_AAGCGAGTCCGAACGC","HSC_F12","C7"
"BC_AAGCGTTAGTAATACG","HSC_F12","C6"
"BC_AAGCGTTAGTAGGGTC","HSC_F12","C7"
"BC_AAGCGTTGTGGCTTGC","HSC_F12","C5"
"BC_AAGCGTTTCAGCATTG","HSC_F12","C6"
"BC_AAGCGTTTCAGTGTGT","HSC_F12","C5"
"BC_AAGGAATAGGGTCACA","HSC_F12","C5"
"BC_AAGGAATCAACGGGTA","HSC_F12","C6"
"BC_AAGGAATCACGGCACT","HSC_F12","C7"
"BC_AAGGAATGTGATAGAT","HSC_F12","C7"
"BC_AAGGAATGTGTGGTCC","HSC_F12","C6"
"BC_AAGGTAACAAAGCAAT","HSC_F12","C6"
"BC_AAGGTAACAAGTCCCG","HSC_F12","C7"
"BC_AAGTACCAGCTCCGAC","HSC_F12","C7"
"BC_AAGTACCCAATAGTCC","HSC_F12","C6"
"BC_AAGTACCCAGGACTAG","HSC_F12","C6"
"BC_AAGTACCGTCAAGGCA","HSC_F12","C5"
"BC_AAGTACCGTCCGGTGT","HSC_F12","C6"
"BC_AAGTACCGTCCTATAG","HSC_F12","C6"
"BC_AAGTACCGTGCCTTTC","HSC_F12","C7"
"BC_AAGTACCGTGTGTCGC","HSC_F12","C5"
"BC_AAGTCGTAGAATTCAG","HSC_F12","C5"
"BC_AAGTCGTTCCGAACGC","HSC_F12","C7"
"BC_AAGTGAAAGGAGGCAG","HSC_F12","C7"
"BC_AAGTGAAAGGTAGCCA","HSC_F12","C6"
"BC_AAGTGAATCTAAGCGT","HSC_F12","C6"
"BC_AAGTGAATCTATTGTC","HSC_F12","C6"
"BC_AAGTTCGGTAGATTAG","HSC_F12","C7"
"BC_AATAGAGCAATGGCCC","HSC_F12","C6"
"BC_AATAGAGGTCTGTGTA","HSC_F12","C6"
"BC_AATCACGGTACCGGCT","HSC_F12","C6"
"BC_AATCACGGTACTCCGG","HSC_F12","C5"
"BC_AATCGACAGATGTTAG","HSC_F12","C6"
"BC_AATCGACCAGAGAAAG","HSC_F12","C3"
"BC_AATCGACGTCTAGATC","HSC_F12","C7"
"BC_AATCGACTCAAGTTGC","HSC_F12","C6"
"BC_AATCGTGGTATGGTAA","HSC_F12","C6"
"BC_AATGAAGAGCCTGAGA","HSC_F12","C6"
"BC_AATGAAGAGGATGAGA","HSC_F12","C2"
"BC_AATGAAGCAATCGCGC","HSC_F12","C6"
"BC_AATGACCAGTAGTCCT","HSC_F12","C6"
"BC_AATGACCCAAAGACGC","HSC_F12","C6"
"BC_AATGACCGTCGGCACT","HSC_F12","C6"
"BC_AATGACCGTGCCGTTG","HSC_F12","C7"
"BC_AATGACCGTTGCTCCT","HSC_F12","C5"
"BC_AATGCCAAGAAGATCT","HSC_F12","C5"
"BC_AATGCCAAGCAATTCC","HSC_F12","C7"
"BC_AATGCCAAGGATTACA","HSC_F12","C7"
"BC_AATGCCAGTTCGCGTG","HSC_F12","C6"
"BC_AATGGAACAGGAAGTC","HSC_F12","C5"
"BC_AATTCCTAGCACTGGA","HSC_F12","C7"
"BC_AATTCCTAGGTCCTGC","HSC_F12","C5"
"BC_AATTCCTCAGTCTACA","HSC_F12","C6"
"BC_AATTCCTTCATGTCAG","HSC_F12","C6"
"BC_AATTCCTTCGACGATT","HSC_F12","C6"
"BC_AATTTCCAGATAGCAT","HSC_F12","C6"
"BC_AATTTCCAGGCTTCCG","HSC_F12","C5"
"BC_AATTTCCAGGGTAGCT","HSC_F12","C6"
"BC_AATTTCCAGGTCGTAG","HSC_F12","C5"
"BC_AATTTCCGTGCTCTCT","HSC_F12","C7"
"BC_ACAAAGACACAAGCAG","HSC_F12","C6"
"BC_ACAACCAAGATGATTG","HSC_F12","C6"
"BC_ACAACCACAGACTGCC","HSC_F12","C6"
"BC_ACAACCAGTACCCGAC","HSC_F12","C6"
"BC_ACAACCAGTACGTGTT","HSC_F12","C7"
"BC_ACAACCAGTAGCTCGC","HSC_F12","C6"
"BC_ACAACCAGTCTTCATT","HSC_F12","C6"
"BC_ACAACCATCTCTCTAA","HSC_F12","C7"
"BC_ACAAGCTAGCACACCC","HSC_F12","C6"
"BC_ACAAGCTAGTGAGGCT","HSC_F12","C7"
"BC_ACAAGCTCACAAATAG","HSC_F12","C7"
"BC_ACAAGCTCACACGTGC","HSC_F12","C7"
"BC_ACAAGCTTCATGCTAG","HSC_F12","C6"
"BC_ACAAGCTTCCAGTGCG","HSC_F12","C6"
"BC_ACACAGTAGCTGTTCA","HSC_F12","C7"
"BC_ACACAGTAGGTTTACC","HSC_F12","C6"
"BC_ACACAGTAGTTCCATG","HSC_F12","C7"
"BC_ACACAGTGTGGCTCTG","HSC_F12","C5"
"BC_ACACAGTTCACCTCAC","HSC_F12","C7"
"BC_ACACAGTTCTCAGTCC","HSC_F12","C7"
"BC_ACACCAAAGAGGCCAT","HSC_F12","C6"
"BC_ACACCAACAACGGCCT","HSC_F12","C6"
"BC_ACACCAACATAATGCC","HSC_F12","C6"
"BC_ACACCAATCTAGGCCG","HSC_F12","C7"
"BC_ACACGCGAGTTGCCCG","HSC_F12","C7"
"BC_ACACGCGGTCGTCAGC","HSC_F12","C7"
"BC_ACACGCGTCTGAGGCC","HSC_F12","C6"
"BC_ACACTGACACCAGCCA","HSC_F12","C6"
"BC_ACACTGAGTCTTGGTA","HSC_F12","C7"
"BC_ACACTGATCGTACACA","HSC_F12","C7"
"BC_ACAGAAAAGGCCTTGC","HSC_F12","C6"
"BC_ACAGAAATCATGGTAC","HSC_F12","C6"
"BC_ACAGAAATCCATTGCC","HSC_F12","C6"
"BC_ACAGCCGCAAGTCATC","HSC_F12","C5"
"BC_ACAGCCGCAGCTACAT","HSC_F12","C5"
"BC_ACAGCCGGTAAGATCA","HSC_F12","C7"
"BC_ACAGCCGGTACCCACG","HSC_F12","C7"
"BC_ACAGGGACACGAAGAC","HSC_F12","C5"
"BC_ACAGGGACACTACTTT","HSC_F12","C6"
"BC_ACAGGGAGTGTCTTCC","HSC_F12","C6"
"BC_ACAGGGATCACGTCCT","HSC_F12","C5"
"BC_ACAGGGATCATTACTC","HSC_F12","C6"
"BC_ACAGGGATCCGAAATC","HSC_F12","C5"
"BC_ACAGGGATCGATTTCT","HSC_F12","C7"
"BC_ACATCCCCAAACAGGC","HSC_F12","C7"
"BC_ACATCCCCACCCAACG","HSC_F12","C6"
"BC_ACATCCCCAGACGGAT","HSC_F12","C5"
"BC_ACATCCCCATTGACCA","HSC_F12","C7"
"BC_ACATCCCGTAGACAGC","HSC_F12","C8"
"BC_ACATCCCGTGGAGAAA","HSC_F12","C6"
"BC_ACATCCCTCAAGATAG","HSC_F12","C6"
"BC_ACATCGAAGTCCTGTA","HSC_F12","C6"
"BC_ACATCGACAACCGCTG","HSC_F12","C6"
"BC_ACATCGAGTCACCGCA","HSC_F12","C6"
"BC_ACATCGAGTGTGCTTA","HSC_F12","C6"
"BC_ACATCGATCCTCGATC","HSC_F12","C6"
"BC_ACATCGATCTAGCCAA","HSC_F12","C7"
"BC_ACATCGATCTCAACCC","HSC_F12","C6"
"BC_ACATGCACAGTCGCTG","HSC_F12","C7"
"BC_ACATGCACATATTCGG","HSC_F12","C7"
"BC_ACATGCAGTGCGGATA","HSC_F12","C5"
"BC_ACATGCATCTAAGCCA","HSC_F12","C7"
"BC_ACATTTCAGGTAGTCG","HSC_F12","C6"
"BC_ACATTTCCAGGCACTC","HSC_F12","C6"
"BC_ACATTTCGTGAGAACC","HSC_F12","C6"
"BC_ACATTTCGTTCTAAGC","HSC_F12","C7"
"BC_ACCAAACCACTGAATC","HSC_F12","C5"
"BC_ACCAAACGTAGGAGTC","HSC_F12","C7"
"BC_ACCAAACTCGGATAAA","HSC_F12","C6"
"BC_ACCAAACTCGGCATTA","HSC_F12","C6"
"BC_ACCAACACAAAGGATT","HSC_F12","C5"
"BC_ACCAACACACGACGCT","HSC_F12","C6"
"BC_ACCAACACATCATTGG","HSC_F12","C5"
"BC_ACCAACACATTGACTG","HSC_F12","C6"
"BC_ACCAACAGTCCACGCA","HSC_F12","C7"
"BC_ACCAACATCAGAGTTC","HSC_F12","C7"
"BC_ACCACAAGTGTCTTCC","HSC_F12","C1"
"BC_ACCACAAGTTCAAACC","HSC_F12","C6"
"BC_ACCATTTAGCTCGACC","HSC_F12","C6"
"BC_ACCATTTCACAACGTT","HSC_F12","C7"
"BC_ACCATTTGTATTAAGG","HSC_F12","C6"
"BC_ACCATTTTCTTCGGAA","HSC_F12","C6"
"BC_ACCCAAACAACATCGT","HSC_F12","C7"
"BC_ACCCAAACACAACCGC","HSC_F12","C5"
"BC_ACCCAAAGTCAGTCTA","HSC_F12","C5"
"BC_ACCCTCAAGGCATCTT","HSC_F12","C6"
"BC_ACCCTCATCTACGCAA","HSC_F12","C5"
"BC_ACCCTTGAGCTGAGCA","HSC_F12","C6"
"BC_ACCCTTGAGGTGCTTT","HSC_F12","C7"
"BC_ACCCTTGCAGTTGTTG","HSC_F12","C7"
"BC_ACCCTTGGTACGATGG","HSC_F12","C5"
"BC_ACCCTTGTCTATACGG","HSC_F12","C6"
"BC_ACCCTTGTCTGGTGCG","HSC_F12","C6"
"BC_ACCGTTCCACGTTGGC","HSC_F12","C7"
"BC_ACCGTTCTCCTCTTTC","HSC_F12","C6"
"BC_ACCGTTCTCGAACACT","HSC_F12","C7"
"BC_ACCTACCAGAGGTTAT","HSC_F12","C6"
"BC_ACCTACCCAATTTCTC","HSC_F12","C6"
"BC_ACCTACCCATAAGATG","HSC_F12","C6"
"BC_ACCTACCGTGTAACGG","HSC_F12","C5"
"BC_ACCTACCTCAGACCCG","HSC_F12","C6"
"BC_ACCTACCTCTCCGCAT","HSC_F12","C6"
"BC_ACCTGAATCAGTCACA","HSC_F12","C6"
"BC_ACCTGAATCTTCGACC","HSC_F12","C6"
"BC_ACCTGTCAGCAGGTCA","HSC_F12","C6"
"BC_ACCTGTCAGCATCAAA","HSC_F12","C7"
"BC_ACCTGTCAGTGAGTGC","HSC_F12","C7"
"BC_ACCTGTCTCGCCGATG","HSC_F12","C7"
"BC_ACCTGTCTCTGTAACG","HSC_F12","C6"
"BC_ACGATCAAGCATTTGC","HSC_F12","C7"
"BC_ACGATCACACAGTATC","HSC_F12","C7"
"BC_ACGATCACACCTAAAC","HSC_F12","C7"
"BC_ACGATCACAGCCCACA","HSC_F12","C6"
"BC_ACGATCAGTGTCTAAC","HSC_F12","C5"
"BC_ACGATCAGTTATCCAG","HSC_F12","C7"
"BC_ACGATCATCAGGGTAG","HSC_F12","C7"
"BC_ACGATGTCACCTGTCT","HSC_F12","C6"
"BC_ACGATGTCACTCAGAT","HSC_F12","C6"
"BC_ACGATGTGTACAAAGT","HSC_F12","C7"
"BC_ACGATGTGTTACGATC","HSC_F12","C5"
"BC_ACGATGTGTTATGACC","HSC_F12","C6"
"BC_ACGCACGCAATTGCTG","HSC_F12","C6"
"BC_ACGCACGCACAATGAA","HSC_F12","C6"
"BC_ACGCACGCAGACAATA","HSC_F12","C6"
"BC_ACGGAAGCACTGTCCT","HSC_F12","C6"
"BC_ACGGAAGGTACGACTT","HSC_F12","C5"
"BC_ACGGAAGGTCACTCGG","HSC_F12","C7"
"BC_ACGGGTCAGACCTCAT","HSC_F12","C5"
"BC_ACGGGTCAGAGTCACG","HSC_F12","C5"
"BC_ACGGGTCAGCTCGCAC","HSC_F12","C7"
"BC_ACGGGTCCAAATCAAG","HSC_F12","C6"
"BC_ACGGGTCCACCGGAAA","HSC_F12","C6"
"BC_ACGGGTCGTACATACC","HSC_F12","C6"
"BC_ACGGGTCGTGCCCAGT","HSC_F12","C6"
"BC_ACGGTCGCATATCTCT","HSC_F12","C7"
"BC_ACGGTCGGTGACTAAA","HSC_F12","C6"
"BC_ACGGTCGTCCATAGAC","HSC_F12","C6"
"BC_ACGGTTAGTGACCGTC","HSC_F12","C7"
"BC_ACGGTTATCGCTTAAG","HSC_F12","C6"
"BC_ACGTAACAGACATACA","HSC_F12","C6"
"BC_ACGTAACAGTAAGACT","HSC_F12","C6"
"BC_ACGTAACAGTTCCGTA","HSC_F12","C7"
"BC_ACGTAACCAAATCGGG","HSC_F12","C7"
"BC_ACGTAACCATAATGAG","HSC_F12","C6"
"BC_ACGTAACCATGACGTT","HSC_F12","C7"
"BC_ACGTAACTCCTGTACC","HSC_F12","C7"
"BC_ACGTACAAGGCGAAGG","HSC_F12","C6"
"BC_ACGTACACATAACAGA","HSC_F12","C5"
"BC_ACGTACAGTATTGGCT","HSC_F12","C6"
"BC_ACGTACAGTGGAACAC","HSC_F12","C5"
"BC_ACGTAGTAGCTCTGTA","HSC_F12","C6"
"BC_ACGTAGTGTGTCGATT","HSC_F12","C6"
"BC_ACGTAGTTCATTTGCT","HSC_F12","C6"
"BC_ACGTCCTCAGTAGATA","HSC_F12","C6"
"BC_ACGTCCTGTGCATACT","HSC_F12","C5"
"BC_ACGTCCTTCCAATCCC","HSC_F12","C7"
"BC_ACGTCCTTCGGTGCAC","HSC_F12","C5"
"BC_ACGTTCCAGTTGCGCC","HSC_F12","C6"
"BC_ACGTTCCCAAGGGCAT","HSC_F12","C6"
"BC_ACGTTCCGTGAGATTA","HSC_F12","C6"
"BC_ACGTTCCGTGCCGTAC","HSC_F12","C6"
"BC_ACGTTCCTCAGACCTA","HSC_F12","C7"
"BC_ACGTTCCTCCAATCCC","HSC_F12","C6"
"BC_ACTACGAGTATATGGA","HSC_F12","C5"
"BC_ACTACGAGTCAAGCGA","HSC_F12","C6"
"BC_ACTACGAGTTATCCAG","HSC_F12","C6"
"BC_ACTATCTGTGGTCTGC","HSC_F12","C6"
"BC_ACTATGGTCCGGACGT","HSC_F12","C6"
"BC_ACTATGGTCTAAGGAA","HSC_F12","C7"
"BC_ACTATGGTCTGCTGAA","HSC_F12","C6"
"BC_ACTATGGTCTTAGTTC","HSC_F12","C6"
"BC_ACTATTCAGGAACTAT","HSC_F12","C7"
"BC_ACTATTCTCGACGAGA","HSC_F12","C6"
"BC_ACTATTCTCGCGGACT","HSC_F12","C6"
"BC_ACTATTCTCTTCACAT","HSC_F12","C6"
"BC_ACTCCCAAGAGGGTAA","HSC_F12","C6"
"BC_ACTCCCAAGTATGAAC","HSC_F12","C7"
"BC_ACTCCCAGTCCAAAGG","HSC_F12","C7"
"BC_ACTCCCATCCACAAGT","HSC_F12","C5"
"BC_ACTCCCATCCCTCTAG","HSC_F12","C7"
"BC_ACTCCCATCCTACCGT","HSC_F12","C6"
"BC_ACTCTCGAGATACGAT","HSC_F12","C6"
"BC_ACTCTCGGTCTTGGTA","HSC_F12","C5"
"BC_ACTCTCGGTGCCCACA","HSC_F12","C6"
"BC_ACTGATGAGCAGAAAG","HSC_F12","C7"
"BC_ACTGATGAGTAATCCC","HSC_F12","C6"
"BC_ACTGATGCATAGAAAC","HSC_F12","C6"
"BC_ACTGATGCATCGAACT","HSC_F12","C5"
"BC_ACTGATGGTCTAACTG","HSC_F12","C7"
"BC_ACTGATGTCAAGGCTT","HSC_F12","C7"
"BC_ACTGCAAAGGAAGAAC","HSC_F12","C5"
"BC_ACTGCAAAGGTATCTC","HSC_F12","C6"
"BC_ACTGCAACAAGTGACG","HSC_F12","C6"
"BC_ACTGCAACAGAGTGTG","HSC_F12","C6"
"BC_ACTGCAAGTAACATCC","HSC_F12","C6"
"BC_ACTGCAATCCTTGGAA","HSC_F12","C7"
"BC_ACTGTCCCACAGCGCT","HSC_F12","C6"
"BC_ACTGTCCGTCATCCCT","HSC_F12","C6"
"BC_ACTGTCCGTCGAACGA","HSC_F12","C7"
"BC_ACTGTCCTCCGTTGGG","HSC_F12","C6"
"BC_ACTGTGAAGCAGATAT","HSC_F12","C6"
"BC_ACTGTGAGTCGGTACC","HSC_F12","C5"
"BC_ACTGTGAGTGTTCATG","HSC_F12","C7"
"BC_ACTGTGATCGATCCCT","HSC_F12","C6"
"BC_ACTGTGATCTGGGCGT","HSC_F12","C6"
"BC_ACTTAGGAGGACAGCT","HSC_F12","C5"
"BC_ACTTAGGAGGGATCAC","HSC_F12","C6"
"BC_ACTTAGGAGTTTCGGT","HSC_F12","C7"
"BC_ACTTAGGCAGCGTATT","HSC_F12","C7"
"BC_ACTTAGGTCGTGCACG","HSC_F12","C6"
"BC_ACTTATCCATTATGCG","HSC_F12","C5"
"BC_ACTTATCGTAAGGTCG","HSC_F12","C6"
"BC_ACTTATCTCATGCCGG","HSC_F12","C7"
"BC_ACTTCCGAGGTGCCTC","HSC_F12","C5"
"BC_ACTTCCGCATTGCTTT","HSC_F12","C6"
"BC_ACTTCCGGTATCTCTT","HSC_F12","C5"
"BC_ACTTCCGTCACAGTGT","HSC_F12","C7"
"BC_ACTTCCGTCCTCACGT","HSC_F12","C7"
"BC_ACTTCGCCAATCGCGC","HSC_F12","C6"
"BC_ACTTCGCGTACTGTTG","HSC_F12","C6"
"BC_ACTTCGCGTGACTCGC","HSC_F12","C6"
"BC_ACTTCGCTCGGAGCAA","HSC_F12","C6"
"BC_ACTTCGCTCTTCTGTA","HSC_F12","C6"
"BC_ACTTCGCTCTTTCCGG","HSC_F12","C7"
"BC_ACTTTCACATCCGAAT","HSC_F12","C6"
"BC_ACTTTCACATGAATAG","HSC_F12","C6"
"BC_ACTTTCATCCGGTAGC","HSC_F12","C7"
"BC_ACTTTCATCTGGGTCG","HSC_F12","C3"
"BC_ACTTTGTCACACGGTC","HSC_F12","C6"
"BC_ACTTTGTCAGAGAAAG","HSC_F12","C6"
"BC_ACTTTGTCAGTCTTCC","HSC_F12","C6"
"BC_ACTTTGTTCATCACAG","HSC_F12","C6"
"BC_AGAAATGAGATGAAGG","HSC_F12","C7"
"BC_AGAAATGAGTCCTACA","HSC_F12","C6"
"BC_AGAAATGTCTACGCAA","HSC_F12","C7"
"BC_AGAACAACATACTTTC","HSC_F12","C5"
"BC_AGAACAATCACTTTGT","HSC_F12","C6"
"BC_AGAACAATCGCGTCGA","HSC_F12","C7"
"BC_AGAACAATCTTGAACG","HSC_F12","C7"
"BC_AGAACAATCTTGGGCG","HSC_F12","C6"
"BC_AGAACCTGTATGTCAC","HSC_F12","C6"
"BC_AGAACCTTCCTATGGA","HSC_F12","C6"
"BC_AGAAGCGGTAGCTTAC","HSC_F12","C6"
"BC_AGAAGCGTCCCTTGGT","HSC_F12","C7"
"BC_AGACAAACAAACTCTG","HSC_F12","C5"
"BC_AGACAAACACTACACA","HSC_F12","C6"
"BC_AGACAAAGTCGAGTTT","HSC_F12","C7"
"BC_AGACAAAGTTGCCGCA","HSC_F12","C6"
"BC_AGACAAATCCGGCTTT","HSC_F12","C6"
"BC_AGACACTAGGCGACAT","HSC_F12","C6"
"BC_AGACACTCACCGTGGT","HSC_F12","C6"
"BC_AGACACTGTTAATCGC","HSC_F12","C6"
"BC_AGACACTTCTAACACG","HSC_F12","C6"
"BC_AGACACTTCTAAGGAA","HSC_F12","C6"
"BC_AGACAGGAGTGGAATT","HSC_F12","C5"
"BC_AGACAGGAGTTGCCTA","HSC_F12","C7"
"BC_AGACAGGGTATCGCTA","HSC_F12","C5"
"BC_AGACAGGGTTGCGGCT","HSC_F12","C7"
"BC_AGACCATAGATCACTC","HSC_F12","C7"
"BC_AGACCATAGGACAAGA","HSC_F12","C5"
"BC_AGACCATAGGTGAGAA","HSC_F12","C5"
"BC_AGACCATTCTATTTCG","HSC_F12","C7"
"BC_AGACCCGCAACCGCCA","HSC_F12","C7"
"BC_AGACCCGCAACGATTC","HSC_F12","C6"
"BC_AGACCCGCATAAGCAA","HSC_F12","C6"
"BC_AGACCCGGTACTGACT","HSC_F12","C6"
"BC_AGACCCGGTCCGGCAT","HSC_F12","C5"
"BC_AGACCCGGTTCGAACT","HSC_F12","C5"
"BC_AGACCCGGTTGCCTAA","HSC_F12","C5"
"BC_AGACTCAAGTAATCCC","HSC_F12","C7"
"BC_AGACTCAGTCCACACG","HSC_F12","C6"
"BC_AGACTCAGTTCGGACC","HSC_F12","C7"
"BC_AGACTCATCCGTAATG","HSC_F12","C6"
"BC_AGAGAATAGCACCTGC","HSC_F12","C6"
"BC_AGAGAATCACGACTAT","HSC_F12","C7"
"BC_AGAGAATCACTGCATA","HSC_F12","C5"
"BC_AGAGAATCACTGTGAT","HSC_F12","C7"
"BC_AGAGAATTCGTTCTGC","HSC_F12","C7"
"BC_AGAGAGCAGATCCCAT","HSC_F12","C6"
"BC_AGAGAGCAGTCGTTAC","HSC_F12","C6"
"BC_AGAGAGCAGTTGTACC","HSC_F12","C6"
"BC_AGAGAGCCAGCGTGAA","HSC_F12","C6"
"BC_AGAGAGCCAGCTACAT","HSC_F12","C5"
"BC_AGAGAGCTCGTTGCCT","HSC_F12","C7"
"BC_AGAGAGCTCTGAGCAT","HSC_F12","C6"
"BC_AGAGCAGCAATAGTAG","HSC_F12","C6"
"BC_AGAGCAGCACTATGTG","HSC_F12","C5"
"BC_AGAGCAGGTACGACAG","HSC_F12","C6"
"BC_AGAGCAGTCATCACTT","HSC_F12","C5"
"BC_AGAGCCCAGTGGTTGG","HSC_F12","C7"
"BC_AGAGCCCCAAGGATGC","HSC_F12","C6"
"BC_AGAGCCCGTAACAAGT","HSC_F12","C6"
"BC_AGAGCCCTCAGCAGAG","HSC_F12","C7"
"BC_AGATAGACATTCCTCG","HSC_F12","C5"
"BC_AGATAGATCAAGCTTG","HSC_F12","C6"
"BC_AGATCCAAGTGTCATC","HSC_F12","C7"
"BC_AGATCCAGTGATTCAC","HSC_F12","C7"
"BC_AGATCCATCTTACTGT","HSC_F12","C7"
"BC_AGATCGTCACAGTCCG","HSC_F12","C6"
"BC_AGATCGTGTCTTTCTA","HSC_F12","C5"
"BC_AGATGAAGTAGCTTAC","HSC_F12","C6"
"BC_AGATGAATCAGCGTCG","HSC_F12","C6"
"BC_AGATGAATCTCTGCTG","HSC_F12","C5"
"BC_AGATGCTCATGAGATA","HSC_F12","C6"
"BC_AGATGCTGTTCTCGTC","HSC_F12","C7"
"BC_AGCATCAAGGTAGTAT","HSC_F12","C5"
"BC_AGCATCATCGTTCCCA","HSC_F12","C7"
"BC_AGCATCATCTCCAATT","HSC_F12","C6"
"BC_AGCCAATAGATGCCGA","HSC_F12","C6"
"BC_AGCCAATAGCATCCCG","HSC_F12","C6"
"BC_AGCCAATGTGGATCGA","HSC_F12","C7"
"BC_AGCCAATGTTGACTGT","HSC_F12","C6"
"BC_AGCCAATTCTCAGGCG","HSC_F12","C6"
"BC_AGCCAATTCTTGGTCC","HSC_F12","C6"
"BC_AGCCACGAGAACGTGC","HSC_F12","C7"
"BC_AGCCACGAGAGTCTTC","HSC_F12","C6"
"BC_AGCCACGCAACCTAAC","HSC_F12","C6"
"BC_AGCCACGCATGCCGGT","HSC_F12","C6"
"BC_AGCCACGGTAGAGATT","HSC_F12","C6"
"BC_AGCCAGCCAGTCACGC","HSC_F12","C6"
"BC_AGCCAGCCATCCCACT","HSC_F12","C6"
"BC_AGCCAGCTCCCAAGTA","HSC_F12","C6"
"BC_AGCGATTAGTAAGGGA","HSC_F12","C5"
"BC_AGCGATTGTTATTCCT","HSC_F12","C6"
"BC_AGCGCCACACTCCACT","HSC_F12","C6"
"BC_AGCGCCAGTATTTCGG","HSC_F12","C7"
"BC_AGCGCCAGTCCGGTGT","HSC_F12","C7"
"BC_AGCGCCAGTTTCGATG","HSC_F12","C6"
"BC_AGCGCTGAGAAATGGG","HSC_F12","C7"
"BC_AGCGCTGAGCATAGGC","HSC_F12","C6"
"BC_AGCGCTGAGTTCCGGC","HSC_F12","C6"
"BC_AGCGTATAGACTTCAC","HSC_F12","C6"
"BC_AGCGTATAGGTTCTTG","HSC_F12","C6"
"BC_AGCGTATCAAGTTCCA","HSC_F12","C6"
"BC_AGCGTATCAATTGCGT","HSC_F12","C6"
"BC_AGCGTATCAGAACGCA","HSC_F12","C7"
"BC_AGCGTATGTGGAACAC","HSC_F12","C7"
"BC_AGCTACAAGCGTCTCG","HSC_F12","C7"
"BC_AGCTACACAATAAGGT","HSC_F12","C6"
"BC_AGCTACACATCCGTGG","HSC_F12","C6"
"BC_AGCTACAGTGTGCCTG","HSC_F12","C7"
"BC_AGCTCAAGTTCTTAGG","HSC_F12","C5"
"BC_AGCTCAAGTTTAGACC","HSC_F12","C6"
"BC_AGCTCAATCCTCTAGC","HSC_F12","C7"
"BC_AGCTTCCAGTGGAAGA","HSC_F12","C7"
"BC_AGCTTCCCATAGGAGC","HSC_F12","C6"
"BC_AGCTTCCGTCATAAAG","HSC_F12","C6"
"BC_AGCTTCCGTTCGGTAT","HSC_F12","C6"
"BC_AGGAAATAGGCCTGAA","HSC_F12","C7"
"BC_AGGAAATTCGACTCCT","HSC_F12","C7"
"BC_AGGAAATTCTTCTAAC","HSC_F12","C7"
"BC_AGGAATACACCGAATT","HSC_F12","C7"
"BC_AGGAATAGTCAACCAT","HSC_F12","C5"
"BC_AGGACGACAAGAGTAT","HSC_F12","C5"
"BC_AGGACGACATCGCTAA","HSC_F12","C6"
"BC_AGGACGAGTACCTGTA","HSC_F12","C6"
"BC_AGGACGAGTTCGGACC","HSC_F12","C6"
"BC_AGGACGAGTTTCGGCG","HSC_F12","C5"
"BC_AGGACGATCCTTCTGG","HSC_F12","C7"
"BC_AGGACTTAGTTGCATC","HSC_F12","C5"
"BC_AGGACTTCACGACAAG","HSC_F12","C6"
"BC_AGGAGGTCAAGTGGAC","HSC_F12","C6"
"BC_AGGAGGTCACATGGTT","HSC_F12","C5"
"BC_AGGAGGTCATGTGCCG","HSC_F12","C5"
"BC_AGGAGGTGTATGGTTC","HSC_F12","C6"
"BC_AGGATAAAGAGCCGAT","HSC_F12","C7"
"BC_AGGATAAGTCGTGATT","HSC_F12","C7"
"BC_AGGATCTAGAATCTAG","HSC_F12","C7"
"BC_AGGATCTAGAGGATCC","HSC_F12","C7"
"BC_AGGATCTAGCGACTGA","HSC_F12","C7"
"BC_AGGATCTAGGGTCAAC","HSC_F12","C7"
"BC_AGGATCTCAACGTATC","HSC_F12","C6"
"BC_AGGATCTGTTCTCCAC","HSC_F12","C6"
"BC_AGGATCTTCACTGGTA","HSC_F12","C6"
"BC_AGGATCTTCTGGTGGC","HSC_F12","C6"
"BC_AGGCATTAGGCCTGCT","HSC_F12","C5"
"BC_AGGCATTCACCAGCTG","HSC_F12","C7"
"BC_AGGCATTGTCCTATAG","HSC_F12","C6"
"BC_AGGCATTGTCGAACGA","HSC_F12","C6"
"BC_AGGCATTGTCTTCCGT","HSC_F12","C6"
"BC_AGGCATTTCAAGTCTG","HSC_F12","C7"
"BC_AGGCATTTCCCTATTA","HSC_F12","C7"
"BC_AGGCCACTCGAGCCTG","HSC_F12","C6"
"BC_AGGCCACTCGCCAGAC","HSC_F12","C5"
"BC_AGGCTGCCATATTCGG","HSC_F12","C7"
"BC_AGGCTGCGTACGTAGG","HSC_F12","C7"
"BC_AGGCTGCTCCCTAGGG","HSC_F12","C7"
"BC_AGGCTGCTCGGCACTG","HSC_F12","C5"
"BC_AGGCTGCTCTGCCTCA","HSC_F12","C6"
"BC_AGGGAGTAGCACGATG","HSC_F12","C5"
"BC_AGGGAGTGTTGCCATA","HSC_F12","C5"
"BC_AGGGAGTTCTGGACTA","HSC_F12","C6"
"BC_AGGGCCTGTTGTTGTG","HSC_F12","C5"
"BC_AGGGCTCAGGTCACAG","HSC_F12","C6"
"BC_AGGGCTCAGTCGTTAC","HSC_F12","C6"
"BC_AGGGCTCCAATAGGAT","HSC_F12","C6"
"BC_AGGGCTCGTGTAAACA","HSC_F12","C5"
"BC_AGGGCTCTCTTCGGTC","HSC_F12","C7"
"BC_AGGGCTCTCTTGAGCA","HSC_F12","C6"
"BC_AGGGTCCAGAGCAGTC","HSC_F12","C6"
"BC_AGGGTCCAGGTGCCAA","HSC_F12","C5"
"BC_AGGGTCCCAGAACTAA","HSC_F12","C6"
"BC_AGGGTCCGTCTAGGTT","HSC_F12","C6"
"BC_AGGGTCCTCTGAGGTT","HSC_F12","C6"
"BC_AGGGTGAAGGAATGTT","HSC_F12","C7"
"BC_AGGGTGAAGTGGTGAC","HSC_F12","C7"
"BC_AGGGTGACACTTGTCC","HSC_F12","C5"
"BC_AGGGTGAGTGGTGATG","HSC_F12","C7"
"BC_AGGGTGATCCTCGATC","HSC_F12","C5"
"BC_AGGGTTTAGCCAAGTG","HSC_F12","C7"
"BC_AGGGTTTAGGCACTCC","HSC_F12","C5"
"BC_AGGGTTTGTGTCATGT","HSC_F12","C5"
"BC_AGGGTTTTCGAGCTGC","HSC_F12","C6"
"BC_AGGTAGGCAACCCTCT","HSC_F12","C7"
"BC_AGGTAGGCAGCAGTGA","HSC_F12","C7"
"BC_AGGTAGGGTACGATTC","HSC_F12","C6"
"BC_AGGTAGGGTGAGATCG","HSC_F12","C7"
"BC_AGGTCATCAAACTAAG","HSC_F12","C7"
"BC_AGGTCATTCCTCACCA","HSC_F12","C6"
"BC_AGGTCTAAGGAGAATG","HSC_F12","C7"
"BC_AGGTCTACAATTGCAC","HSC_F12","C5"
"BC_AGGTCTACACGGTGTC","HSC_F12","C5"
"BC_AGGTCTAGTAACACCT","HSC_F12","C7"
"BC_AGGTCTAGTGTATCCA","HSC_F12","C7"
"BC_AGGTGTTCAGCACACC","HSC_F12","C6"
"BC_AGGTTACAGAACTTCC","HSC_F12","C6"
"BC_AGGTTACCACGCTGAC","HSC_F12","C6"
"BC_AGGTTACGTAGAGCTG","HSC_F12","C5"
"BC_AGGTTACTCGGTTAGT","HSC_F12","C5"
"BC_AGGTTACTCTCATGCC","HSC_F12","C7"
"BC_AGGTTGTTCATACGGT","HSC_F12","C6"
"BC_AGTAACCCACAGTGTT","HSC_F12","C6"
"BC_AGTAACCCACGGGCTT","HSC_F12","C7"
"BC_AGTAACCCATGAAGCG","HSC_F12","C7"
"BC_AGTAACCGTTCCGCGA","HSC_F12","C7"
"BC_AGTACCAGTCGAATGG","HSC_F12","C6"
"BC_AGTACCAGTGTTTACG","HSC_F12","C7"
"BC_AGTACCATCGTTCTGC","HSC_F12","C6"
"BC_AGTACTGCAACAAAGT","HSC_F12","C6"
"BC_AGTACTGCATCCGGTG","HSC_F12","C7"
"BC_AGTACTGTCGGTCACG","HSC_F12","C6"
"BC_AGTAGCTCATACCAGT","HSC_F12","C7"
"BC_AGTAGCTTCTTCCCGA","HSC_F12","C6"
"BC_AGTAGTCAGCGCTTCG","HSC_F12","C5"
"BC_AGTAGTCCAACAAGTA","HSC_F12","C6"
"BC_AGTAGTCCAGGGAGAG","HSC_F12","C6"
"BC_AGTAGTCCATCCTCAC","HSC_F12","C7"
"BC_AGTAGTCGTGGTCAAG","HSC_F12","C7"
"BC_AGTAGTCGTTCTAAGC","HSC_F12","C6"
"BC_AGTAGTCTCCATGCAA","HSC_F12","C7"
"BC_AGTAGTCTCCGATCTC","HSC_F12","C7"
"BC_AGTCAACGTCCGCAGT","HSC_F12","C7"
"BC_AGTCACAAGTACAACA","HSC_F12","C6"
"BC_AGTCACACAGCTGAGA","HSC_F12","C6"
"BC_AGTCACATCTCTGCTG","HSC_F12","C5"
"BC_AGTCATGAGACGACTG","HSC_F12","C6"
"BC_AGTCATGAGCACACAG","HSC_F12","C7"
"BC_AGTCATGAGCTTAAGA","HSC_F12","C5"
"BC_AGTCATGAGGTAGCAC","HSC_F12","C7"
"BC_AGTCATGAGGTGGCTA","HSC_F12","C7"
"BC_AGTCATGCATCCTGTC","HSC_F12","C5"
"BC_AGTCATGTCACTGGGC","HSC_F12","C6"
"BC_AGTCTCCAGCGAAACC","HSC_F12","C6"
"BC_AGTCTCCGTTGCCGAC","HSC_F12","C6"
"BC_AGTCTCCTCAAAGACA","HSC_F12","C5"
"BC_AGTGACTAGGCACTAG","HSC_F12","C7"
"BC_AGTGACTTCGCCCAGA","HSC_F12","C6"
"BC_AGTGATCCATTCCTCG","HSC_F12","C6"
"BC_AGTGATCGTAGAATGT","HSC_F12","C6"
"BC_AGTGATCGTTTGTTCT","HSC_F12","C7"
"BC_AGTGATCTCTCCAATT","HSC_F12","C6"
"BC_AGTGCCGCAGAGTAAT","HSC_F12","C7"
"BC_AGTGCCGGTATGACAA","HSC_F12","C7"
"BC_AGTGCCGGTTTCGATG","HSC_F12","C5"
"BC_AGTGCCGTCGTACCTC","HSC_F12","C6"
"BC_AGTGTTGCATAGATGA","HSC_F12","C6"
"BC_AGTGTTGGTATAGGGC","HSC_F12","C5"
"BC_AGTGTTGGTGGCCACT","HSC_F12","C6"
"BC_AGTGTTGGTTCGGCCA","HSC_F12","C7"
"BC_AGTTAGCAGTAATACG","HSC_F12","C5"
"BC_AGTTAGCAGTCTAGCT","HSC_F12","C6"
"BC_AGTTAGCCAATGGCCC","HSC_F12","C6"
"BC_AGTTAGCGTATGAAGT","HSC_F12","C7"
"BC_AGTTCCCAGCTACTGT","HSC_F12","C6"
"BC_AGTTCCCAGCTGTCCG","HSC_F12","C5"
"BC_AGTTCCCAGTAGCCAG","HSC_F12","C6"
"BC_AGTTCCCCACGCTATA","HSC_F12","C6"
"BC_AGTTCCCTCCATTGGA","HSC_F12","C6"
"BC_AGTTCCCTCTACGGGC","HSC_F12","C7"
"BC_AGTTCGAAGGCTGAAC","HSC_F12","C6"
"BC_AGTTCGACACTTCCTG","HSC_F12","C7"
"BC_AGTTCGATCTAGACAC","HSC_F12","C6"
"BC_ATACCGAAGGCCGCTT","HSC_F12","C6"
"BC_ATACCGACAACTGATC","HSC_F12","C6"
"BC_ATACCGACAAGGCCTC","HSC_F12","C6"
"BC_ATACCGACAATAGTGA","HSC_F12","C7"
"BC_ATACCGACAGGACATG","HSC_F12","C6"
"BC_ATACCGAGTCATATGC","HSC_F12","C7"
"BC_ATACCGAGTTAGCGGA","HSC_F12","C6"
"BC_ATACCGAGTTAGTCGT","HSC_F12","C5"
"BC_ATACCTTCAAGTGGCA","HSC_F12","C7"
"BC_ATACCTTTCTGTCGTC","HSC_F12","C6"
"BC_ATACTTCCAAAGGGCT","HSC_F12","C6"
"BC_ATACTTCGTCGGCACT","HSC_F12","C5"
"BC_ATACTTCTCCCTTCCC","HSC_F12","C6"
"BC_ATAGACCAGCGCAATG","HSC_F12","C6"
"BC_ATAGACCCAAATCCCA","HSC_F12","C6"
"BC_ATAGACCCAAGCGATG","HSC_F12","C7"
"BC_ATAGACCGTCGGTGTC","HSC_F12","C6"
"BC_ATAGACCGTTCGGGTC","HSC_F12","C5"
"BC_ATAGAGAAGTTTAGGA","HSC_F12","C7"
"BC_ATAGAGACAGCCGGTT","HSC_F12","C5"
"BC_ATAGAGACATTCGATG","HSC_F12","C6"
"BC_ATAGGCTCAGACCCGT","HSC_F12","C7"
"BC_ATAGGCTCAGGTAGTG","HSC_F12","C7"
"BC_ATAGGCTGTTAGGGTG","HSC_F12","C6"
"BC_ATAGGCTTCTGGCTGG","HSC_F12","C5"
"BC_ATATCCTCAGTAGTGG","HSC_F12","C6"
"BC_ATATCCTGTGCTCCGA","HSC_F12","C6"
"BC_ATATCCTGTTGCTCAA","HSC_F12","C7"
"BC_ATCACAGCACGACCTG","HSC_F12","C6"
"BC_ATCACAGGTGATACCT","HSC_F12","C5"
"BC_ATCACAGGTTGCATAC","HSC_F12","C7"
"BC_ATCACAGTCGGTAGAG","HSC_F12","C5"
"BC_ATCACGACAGTAGATA","HSC_F12","C5"
"BC_ATCACGAGTAGTCGTT","HSC_F12","C6"
"BC_ATCACGAGTGTAAATG","HSC_F12","C7"
"BC_ATCACTTCACGGCTAC","HSC_F12","C6"
"BC_ATCACTTGTAGCGTTT","HSC_F12","C6"
"BC_ATCACTTGTATGAAAC","HSC_F12","C5"
"BC_ATCACTTTCGACGATT","HSC_F12","C6"
"BC_ATCACTTTCGCCAACG","HSC_F12","C6"
"BC_ATCAGGTAGCAGCCCT","HSC_F12","C5"
"BC_ATCAGGTAGCCGGATA","HSC_F12","C6"
"BC_ATCAGGTAGGTTGGTG","HSC_F12","C6"
"BC_ATCAGGTGTCATGGCC","HSC_F12","C7"
"BC_ATCAGGTGTTGGCCGT","HSC_F12","C5"
"BC_ATCATTCAGCGACTTT","HSC_F12","C6"
"BC_ATCATTCCAGCAATTC","HSC_F12","C7"
"BC_ATCATTCTCCTATTGT","HSC_F12","C7"
"BC_ATCCACCCACTCACTC","HSC_F12","C6"
"BC_ATCCACCCAGTAGTTC","HSC_F12","C6"
"BC_ATCCATTCACCATAAC","HSC_F12","C5"
"BC_ATCCATTGTGACGCCT","HSC_F12","C6"
"BC_ATCCATTGTTCAGTAC","HSC_F12","C6"
"BC_ATCCATTTCCCGAATA","HSC_F12","C6"
"BC_ATCCATTTCGCTCTAC","HSC_F12","C5"
"BC_ATCCATTTCTCAAAGC","HSC_F12","C5"
"BC_ATCCCTGAGATGAACT","HSC_F12","C5"
"BC_ATCCCTGAGCCGTTGC","HSC_F12","C7"
"BC_ATCCCTGAGTGCGTCC","HSC_F12","C6"
"BC_ATCCCTGCATTGTGCA","HSC_F12","C6"
"BC_ATCCCTGGTCAATCTG","HSC_F12","C5"
"BC_ATCCCTGGTTTACGAC","HSC_F12","C6"
"BC_ATCCGTCAGGTTTGAA","HSC_F12","C5"
"BC_ATCCGTCAGTTAACAG","HSC_F12","C7"
"BC_ATCCGTCCACCCATAA","HSC_F12","C6"
"BC_ATCCGTCTCATAGACC","HSC_F12","C7"
"BC_ATCCTATAGCACACAG","HSC_F12","C6"
"BC_ATCCTATCAATTTCCT","HSC_F12","C6"
"BC_ATCCTATGTGACAGGT","HSC_F12","C6"
"BC_ATCCTATGTGGTCTTA","HSC_F12","C6"
"BC_ATCGATGAGGTCACCC","HSC_F12","C5"
"BC_ATCGATGCAGCTCCTT","HSC_F12","C6"
"BC_ATCGATGGTAGAGACC","HSC_F12","C5"
"BC_ATCGATGTCCGTGCGA","HSC_F12","C5"
"BC_ATCGATGTCGAGAGCA","HSC_F12","C6"
"BC_ATCGATGTCGAGTTGT","HSC_F12","C7"
"BC_ATCGCCTAGAATCGAT","HSC_F12","C7"
"BC_ATCGCCTCATCGCCTT","HSC_F12","C3"
"BC_ATCGCCTGTGCCTTTC","HSC_F12","C6"
"BC_ATCGGATGTACCATAC","HSC_F12","C6"
"BC_ATCGGATGTGCATACT","HSC_F12","C6"
"BC_ATCGGATGTGTTCGTA","HSC_F12","C7"
"BC_ATCGGATTCCACAGCG","HSC_F12","C6"
"BC_ATCGTAGTCCGTCAAA","HSC_F12","C5"
"BC_ATCGTCCCAGCGTACC","HSC_F12","C7"
"BC_ATCGTCCGTCCAGTTA","HSC_F12","C3"
"BC_ATCGTCCGTTCTCCTG","HSC_F12","C6"
"BC_ATCGTGAAGCTAAGTA","HSC_F12","C6"
"BC_ATCGTGATCTGTCGCT","HSC_F12","C6"
"BC_ATCTCTACAAGCTACT","HSC_F12","C6"
"BC_ATCTCTACACTCCGGA","HSC_F12","C6"
"BC_ATCTCTACATACGCAT","HSC_F12","C7"
"BC_ATCTCTAGTCGTATTG","HSC_F12","C7"
"BC_ATCTCTATCGTTCATT","HSC_F12","C6"
"BC_ATCTTCAAGCTGTCCG","HSC_F12","C6"
"BC_ATCTTCAAGGTGATAT","HSC_F12","C7"
"BC_ATCTTCAAGTCTAACC","HSC_F12","C6"
"BC_ATCTTCACAGAACTTC","HSC_F12","C7"
"BC_ATCTTCACATCTATCT","HSC_F12","C6"
"BC_ATCTTCACATGCAGCC","HSC_F12","C6"
"BC_ATCTTCAGTAGCGATG","HSC_F12","C6"
"BC_ATCTTCATCAGCTTCC","HSC_F12","C6"
"BC_ATCTTCATCCTACGGG","HSC_F12","C7"
"BC_ATGAAAGGTAGCCCTG","HSC_F12","C7"
"BC_ATGAAAGGTCATACCA","HSC_F12","C5"
"BC_ATGACCAGTAGCTTAC","HSC_F12","C6"
"BC_ATGACCAGTCCAGCAC","HSC_F12","C5"
"BC_ATGACCAGTGCGGCTT","HSC_F12","C7"
"BC_ATGACCATCACGGGCT","HSC_F12","C7"
"BC_ATGAGGGAGTGCACTT","HSC_F12","C6"
"BC_ATGAGGGTCTTGGTCC","HSC_F12","C7"
"BC_ATGAGTCCAACATACC","HSC_F12","C7"
"BC_ATGAGTCGTGGATGAC","HSC_F12","C7"
"BC_ATGAGTCGTGTTTACG","HSC_F12","C6"
"BC_ATGAGTCGTTCCTTGC","HSC_F12","C7"
"BC_ATGATCGAGAGTCCGA","HSC_F12","C6"
"BC_ATGATCGAGTCGGCCT","HSC_F12","C7"
"BC_ATGATCGGTAGGGAGG","HSC_F12","C6"
"BC_ATGATCGGTCCCTGTT","HSC_F12","C6"
"BC_ATGCATGAGCCTATCA","HSC_F12","C5"
"BC_ATGCATGCACAACGTT","HSC_F12","C6"
"BC_ATGCATGCATAGAAAC","HSC_F12","C6"
"BC_ATGCATGGTCTACGTA","HSC_F12","C6"
"BC_ATGCCTCAGCCTCTCT","HSC_F12","C5"
"BC_ATGCCTCAGCGCTGCT","HSC_F12","C6"
"BC_ATGCCTCAGCTAAATG","HSC_F12","C5"
"BC_ATGCCTCGTAACAGTA","HSC_F12","C6"
"BC_ATGCCTCGTAGCGATG","HSC_F12","C7"
"BC_ATGCCTCGTCAATCTG","HSC_F12","C6"
"BC_ATGCCTCTCTACGGTA","HSC_F12","C6"
"BC_ATGCGATAGAATCGCG","HSC_F12","C6"
"BC_ATGCGATAGCACTCGC","HSC_F12","C6"
"BC_ATGCGATCATTCACAG","HSC_F12","C5"
"BC_ATGCGATTCTCTTAAC","HSC_F12","C6"
"BC_ATGGAGGGTCGAAGCA","HSC_F12","C6"
"BC_ATGGAGGTCAAGCCGC","HSC_F12","C6"
"BC_ATGGATCAGCAGATAT","HSC_F12","C5"
"BC_ATGGATCCATGACCCG","HSC_F12","C6"
"BC_ATGGATCGTGTCTAAC","HSC_F12","C5"
"BC_ATGGGAGCAGCTCCTT","HSC_F12","C6"
"BC_ATGGGAGTCGAAGCCC","HSC_F12","C6"
"BC_ATGGGTTTCACCTACC","HSC_F12","C6"
"BC_ATGGGTTTCCTGTAAG","HSC_F12","C6"
"BC_ATGGTTGGTTCTAAGC","HSC_F12","C5"
"BC_ATGGTTGTCTGTTCAT","HSC_F12","C7"
"BC_ATGTCCCAGTGATAGT","HSC_F12","C5"
"BC_ATGTCCCGTATGGTAA","HSC_F12","C5"
"BC_ATGTCCCGTTAGCTAC","HSC_F12","C7"
"BC_ATGTCCCGTTTGAACC","HSC_F12","C7"
"BC_ATGTCTTAGATTTGCC","HSC_F12","C5"
"BC_ATGTCTTGTACCTAGT","HSC_F12","C7"
"BC_ATGTCTTGTGGGTTGA","HSC_F12","C6"
"BC_ATGTCTTGTGTATCCA","HSC_F12","C7"
"BC_ATTACCTAGGCGTCCT","HSC_F12","C7"
"BC_ATTACCTCAACAGAGC","HSC_F12","C7"
"BC_ATTACCTCACCAAATC","HSC_F12","C5"
"BC_ATTACCTGTATCGAGG","HSC_F12","C6"
"BC_ATTACCTGTCACTTCC","HSC_F12","C7"
"BC_ATTACCTGTCCGGCAT","HSC_F12","C7"
"BC_ATTACCTGTGTAGCAG","HSC_F12","C6"
"BC_ATTACTCAGCTACTAC","HSC_F12","C5"
"BC_ATTACTCAGGTTGGTG","HSC_F12","C7"
"BC_ATTATCCAGAGTTGCG","HSC_F12","C7"
"BC_ATTATCCAGGTGAGCT","HSC_F12","C6"
"BC_ATTATCCAGTATGTAG","HSC_F12","C6"
"BC_ATTATCCCAGCTCATA","HSC_F12","C6"
"BC_ATTATCCGTGCACAAG","HSC_F12","C5"
"BC_ATTATCCTCTGGCCGA","HSC_F12","C7"
"BC_ATTCACTAGTTTCGGT","HSC_F12","C7"
"BC_ATTCACTTCCAGCCTT","HSC_F12","C7"
"BC_ATTCACTTCCTACGAA","HSC_F12","C6"
"BC_ATTCACTTCTGCTAGA","HSC_F12","C6"
"BC_ATTCAGGCACGTTCGG","HSC_F12","C6"
"BC_ATTCAGGCAGTGGTGA","HSC_F12","C7"
"BC_ATTCAGGCATACACCA","HSC_F12","C6"
"BC_ATTCAGGGTCTTGAGT","HSC_F12","C6"
"BC_ATTCATCAGCGTTACT","HSC_F12","C6"
"BC_ATTCATCCAGAGAAAG","HSC_F12","C6"
"BC_ATTCCATCAAGCGCAA","HSC_F12","C7"
"BC_ATTCCATCATCCTTGC","HSC_F12","C6"
"BC_ATTCCATGTATCACCA","HSC_F12","C6"
"BC_ATTCCATTCCACTTTA","HSC_F12","C6"
"BC_ATTCCATTCCTCAGAA","HSC_F12","C6"
"BC_ATTCCCGAGGGCCTCT","HSC_F12","C6"
"BC_ATTCCCGCACCCATAA","HSC_F12","C6"
"BC_ATTCCCGTCCCAAGTA","HSC_F12","C5"
"BC_ATTCCCGTCTCATGCC","HSC_F12","C5"
"BC_ATTCCCGTCTCGCGTT","HSC_F12","C6"
"BC_ATTCCTATCGTGGGTC","HSC_F12","C5"
"BC_ATTCGTTAGCGTGCCT","HSC_F12","C6"
"BC_ATTCGTTAGTCCCAGC","HSC_F12","C6"
"BC_ATTCGTTCATTGCAAC","HSC_F12","C6"
"BC_ATTCGTTTCCCGAAAT","HSC_F12","C6"
"BC_ATTCGTTTCTCTGGTC","HSC_F12","C6"
"BC_ATTCTACAGACTGTTC","HSC_F12","C6"
"BC_ATTCTACAGGGCTAAC","HSC_F12","C5"
"BC_ATTCTACCAAGGTACG","HSC_F12","C6"
"BC_ATTCTACCAAGGTCGA","HSC_F12","C6"
"BC_ATTCTACCAGAACATA","HSC_F12","C6"
"BC_ATTCTACGTAATCAAG","HSC_F12","C5"
"BC_ATTCTACGTGAATGTA","HSC_F12","C6"
"BC_ATTCTACGTGACTATC","HSC_F12","C7"
"BC_ATTCTTGCAACCACGC","HSC_F12","C5"
"BC_ATTCTTGCACCGTGGT","HSC_F12","C6"
"BC_ATTCTTGCACTGAGTT","HSC_F12","C7"
"BC_ATTCTTGCAGCACAAG","HSC_F12","C7"
"BC_ATTGGGTCAAGTTCCA","HSC_F12","C7"
"BC_ATTGGGTTCGACCAAT","HSC_F12","C6"
"BC_ATTGGGTTCGCCAGAC","HSC_F12","C7"
"BC_ATTGTTCCAACTGTGT","HSC_F12","C6"
"BC_ATTGTTCCACATACTG","HSC_F12","C5"
"BC_ATTGTTCGTGAGTGAC","HSC_F12","C7"
"BC_ATTGTTCTCGCGTGCA","HSC_F12","C5"
"BC_ATTTACCGTAATGATG","HSC_F12","C6"
"BC_ATTTCACGTCATGCAT","HSC_F12","C7"
"BC_ATTTCTGAGTATTCCG","HSC_F12","C6"
"BC_ATTTCTGCACATAGCT","HSC_F12","C6"
"BC_ATTTCTGGTGACTATC","HSC_F12","C6"
"BC_ATTTCTGTCACTGGTA","HSC_F12","C6"
"BC_ATTTCTGTCAGACTGT","HSC_F12","C6"
"BC_ATTTCTGTCTATTTCG","HSC_F12","C5"
"BC_CAAAGAAAGACCAGAC","HSC_F12","C7"
"BC_CAAAGAACACAGTGAG","HSC_F12","C7"
"BC_CAAAGAACACGAGAAC","HSC_F12","C7"
"BC_CAAAGAACAGAGCGTA","HSC_F12","C6"
"BC_CAAAGAACAGCGTATT","HSC_F12","C7"
"BC_CAAAGAAGTGCCTGCA","HSC_F12","C6"
"BC_CAAAGAAGTGGTCAAG","HSC_F12","C6"
"BC_CAAAGAAGTGTGATGG","HSC_F12","C6"
"BC_CAACAACCATACACCA","HSC_F12","C6"
"BC_CAACAACGTAACACGG","HSC_F12","C5"
"BC_CAACAACGTTTGGAAA","HSC_F12","C6"
"BC_CAACAACTCCGTGACG","HSC_F12","C7"
"BC_CAACAGTGTTGTCCCT","HSC_F12","C6"
"BC_CAACAGTTCTTGCGCT","HSC_F12","C6"
"BC_CAACCAACAACGGTAG","HSC_F12","C5"
"BC_CAACCAACAAGGTACG","HSC_F12","C7"
"BC_CAACCAACAGGTAGTG","HSC_F12","C5"
"BC_CAACCAAGTACACGTT","HSC_F12","C6"
"BC_CAACCAATCACACGAT","HSC_F12","C6"
"BC_CAACCTCAGGTGCTAG","HSC_F12","C7"
"BC_CAACCTCCATCGAGCC","HSC_F12","C5"
"BC_CAACCTCGTCATCGCG","HSC_F12","C7"
"BC_CAACCTCTCCTGTACC","HSC_F12","C6"
"BC_CAACCTCTCTGGACCG","HSC_F12","C6"
"BC_CAACGATTCAACACGT","HSC_F12","C6"
"BC_CAACGATTCTGACCCT","HSC_F12","C6"
"BC_CAACGGCCATAGGAGC","HSC_F12","C6"
"BC_CAACGGCCATAGGTTC","HSC_F12","C7"
"BC_CAACGGCGTATCCCTC","HSC_F12","C6"
"BC_CAACGGCGTTGCACGC","HSC_F12","C6"
"BC_CAAGACTAGTTGCCCG","HSC_F12","C7"
"BC_CAAGACTCAAATCAAG","HSC_F12","C6"
"BC_CAAGACTGTACCATAC","HSC_F12","C7"
"BC_CAAGAGGAGAGTATAC","HSC_F12","C6"
"BC_CAAGAGGGTGGGTCAA","HSC_F12","C7"
"BC_CAAGAGGTCAGTCTTT","HSC_F12","C7"
"BC_CAAGCTAAGGGCAGGA","HSC_F12","C6"
"BC_CAAGCTAAGTACAGAT","HSC_F12","C6"
"BC_CAAGCTACAGTATTCG","HSC_F12","C6"
"BC_CAAGCTACATCGGATT","HSC_F12","C7"
"BC_CAAGCTAGTATGTCAC","HSC_F12","C7"
"BC_CAAGCTAGTCTGTCCT","HSC_F12","C6"
"BC_CAAGCTAGTTCGTGCG","HSC_F12","C7"
"BC_CAAGGGACACAATGTC","HSC_F12","C6"
"BC_CAAGGGACATGCAGCC","HSC_F12","C7"
"BC_CAAGGGAGTCGTTGGC","HSC_F12","C7"
"BC_CAAGGGAGTTCTCCCA","HSC_F12","C6"
"BC_CAATACGAGAGGATGA","HSC_F12","C7"
"BC_CAATACGGTCTTACAG","HSC_F12","C6"
"BC_CAATACGTCCACGGGT","HSC_F12","C7"
"BC_CAATACGTCTCGTTTA","HSC_F12","C6"
"BC_CAATCGAAGCAACTTC","HSC_F12","C5"
"BC_CAATCGAAGTAGGTTA","HSC_F12","C5"
"BC_CAATCGACAACAGCCC","HSC_F12","C7"
"BC_CAATCGACAGACCAAG","HSC_F12","C6"
"BC_CAATCGAGTCATAACC","HSC_F12","C6"
"BC_CAATCGATCAACACGT","HSC_F12","C6"
"BC_CAATGACAGCAACTTC","HSC_F12","C7"
"BC_CAATGACGTGCCGTTG","HSC_F12","C5"
"BC_CAATTTCGTTAGGGAC","HSC_F12","C6"
"BC_CACACAAAGTCGGGAT","HSC_F12","C5"
"BC_CACACAACAAACGTGG","HSC_F12","C7"
"BC_CACACAAGTGGAACAC","HSC_F12","C7"
"BC_CACACAAGTTCTTGTT","HSC_F12","C7"
"BC_CACACAATCTCTTGCG","HSC_F12","C7"
"BC_CACACAATCTTCCACG","HSC_F12","C6"
"BC_CACAGATAGGTAGGCT","HSC_F12","C6"
"BC_CACAGATAGTAGGTTA","HSC_F12","C6"
"BC_CACAGATGTTCCATTT","HSC_F12","C5"
"BC_CACAGATGTTCTCTCG","HSC_F12","C6"
"BC_CACAGATTCAGGCGAA","HSC_F12","C7"
"BC_CACAGATTCCGAACGC","HSC_F12","C5"
"BC_CACAGGCAGCGCCCAT","HSC_F12","C6"
"BC_CACAGGCCATCTTCGC","HSC_F12","C7"
"BC_CACAGGCGTATCTCTT","HSC_F12","C5"
"BC_CACAGGCGTCCCGCAA","HSC_F12","C7"
"BC_CACAGGCTCAAACGAA","HSC_F12","C7"
"BC_CACAGGCTCCTGTTAT","HSC_F12","C6"
"BC_CACAGGCTCGCGTTTC","HSC_F12","C5"
"BC_CACAGGCTCTTGAACG","HSC_F12","C7"
"BC_CACATGACAACAAGAT","HSC_F12","C6"
"BC_CACATGACAGCTTTCC","HSC_F12","C6"
"BC_CACATGAGTCTTCAAG","HSC_F12","C7"
"BC_CACATGATCACGATCA","HSC_F12","C7"
"BC_CACATGATCATCGCTC","HSC_F12","C7"
"BC_CACCAAAAGCTCTATG","HSC_F12","C6"
"BC_CACCAAAAGGTGCCAA","HSC_F12","C5"
"BC_CACCAAACAAGTGGCA","HSC_F12","C7"
"BC_CACCAAAGTTCGTGCG","HSC_F12","C6"
"BC_CACCAAATCAGCGCAC","HSC_F12","C6"
"BC_CACCAAATCCAAGCTA","HSC_F12","C6"
"BC_CACCAAATCTGCAGCG","HSC_F12","C6"
"BC_CACCGTTAGCCGAACA","HSC_F12","C7"
"BC_CACCGTTCAGAGAATT","HSC_F12","C6"
"BC_CACCGTTGTGGAACAC","HSC_F12","C6"
"BC_CACGAATAGTTGAAAC","HSC_F12","C5"
"BC_CACGAATCACCCATAA","HSC_F12","C6"
"BC_CACGAATTCATTTACC","HSC_F12","C6"
"BC_CACGAATTCCCAGTGG","HSC_F12","C6"
"BC_CACGAATTCCCGAACG","HSC_F12","C2"
"BC_CACGGGTCATGCCGGT","HSC_F12","C6"
"BC_CACGGGTTCATGACAC","HSC_F12","C6"
"BC_CACGTGGAGAATCGCG","HSC_F12","C6"
"BC_CACGTGGAGCGTTGTT","HSC_F12","C6"
"BC_CACGTGGAGTAATACG","HSC_F12","C5"
"BC_CACGTGGGTCGCATTA","HSC_F12","C7"
"BC_CACGTGGGTGCCCACA","HSC_F12","C6"
"BC_CACGTGGTCGAATCCA","HSC_F12","C6"
"BC_CACGTGGTCTGCCTCA","HSC_F12","C7"
"BC_CACGTTCGTATAGCTC","HSC_F12","C7"
"BC_CACGTTCGTTTCCAAG","HSC_F12","C7"
"BC_CACGTTCTCCATACTT","HSC_F12","C6"
"BC_CACGTTCTCGTTAGTG","HSC_F12","C5"
"BC_CACTAAGAGGAAAGGT","HSC_F12","C7"
"BC_CACTAAGCACACCGAC","HSC_F12","C6"
"BC_CACTAAGGTCAGTTTG","HSC_F12","C6"
"BC_CACTAAGGTGCACAAG","HSC_F12","C7"
"BC_CACTAAGTCTGCTCTG","HSC_F12","C7"
"BC_CACTGAATCAGCGGAA","HSC_F12","C6"
"BC_CACTGAATCCCTGGTT","HSC_F12","C6"
"BC_CACTGAATCGCCATAA","HSC_F12","C6"
"BC_CACTGAATCTCAACCC","HSC_F12","C7"
"BC_CACTGGGCAGAGATTA","HSC_F12","C6"
"BC_CACTGTCCAAGAGGTC","HSC_F12","C6"
"BC_CACTGTCCAGATTCGT","HSC_F12","C6"
"BC_CACTGTCCATCCTCAC","HSC_F12","C6"
"BC_CACTGTCCATTCCTAT","HSC_F12","C7"
"BC_CACTGTCTCATTGCCC","HSC_F12","C6"
"BC_CACTTCGAGAGTCACG","HSC_F12","C6"
"BC_CACTTCGCATAAGCGG","HSC_F12","C7"
"BC_CACTTCGGTGAATATG","HSC_F12","C5"
"BC_CACTTCGGTGCAAGAC","HSC_F12","C6"
"BC_CAGAGCCGTGTGTGGA","HSC_F12","C7"
"BC_CAGAGCCTCGACATAC","HSC_F12","C6"
"BC_CAGATACCAACTGCTA","HSC_F12","C6"
"BC_CAGATACCATCCTGTC","HSC_F12","C6"
"BC_CAGATACCATCGATCA","HSC_F12","C6"
"BC_CAGATACTCAGGCGAA","HSC_F12","C6"
"BC_CAGATACTCTTTGATC","HSC_F12","C5"
"BC_CAGATCACATTCCTCG","HSC_F12","C5"
"BC_CAGATCATCCCTCTAG","HSC_F12","C5"
"BC_CAGATCATCCGAACGC","HSC_F12","C6"
"BC_CAGATCATCTCAACCC","HSC_F12","C8"
"BC_CAGATTGCACGGAAGT","HSC_F12","C7"
"BC_CAGCAATCAAATCGGG","HSC_F12","C7"
"BC_CAGCAATTCTGAACGT","HSC_F12","C6"
"BC_CAGCACGAGTGTACAA","HSC_F12","C5"
"BC_CAGCACGCAGAACTCT","HSC_F12","C5"
"BC_CAGCACGGTCTTCCGT","HSC_F12","C6"
"BC_CAGCACGTCCAATCTT","HSC_F12","C6"
"BC_CAGCACGTCGCACGGT","HSC_F12","C6"
"BC_CAGCACGTCTTCGGAA","HSC_F12","C6"
"BC_CAGCAGCAGGCCACTC","HSC_F12","C6"
"BC_CAGCAGCCACCGAATT","HSC_F12","C6"
"BC_CAGCAGCCATCCGGCA","HSC_F12","C6"
"BC_CAGCAGCGTTAACCTG","HSC_F12","C6"
"BC_CAGCAGCTCCTTGACC","HSC_F12","C7"
"BC_CAGCCAGAGATGTTGA","HSC_F12","C7"
"BC_CAGCCAGAGCCAAGGT","HSC_F12","C5"
"BC_CAGCCAGAGCTTGTGT","HSC_F12","C6"
"BC_CAGCCAGCAGGAGACT","HSC_F12","C6"
"BC_CAGCCAGGTACACGTT","HSC_F12","C5"
"BC_CAGCCAGGTTAAACAG","HSC_F12","C6"
"BC_CAGCCAGTCGACATAC","HSC_F12","C6"
"BC_CAGCCAGTCGGACTGC","HSC_F12","C6"
"BC_CAGCGTGAGTTCAACC","HSC_F12","C6"
"BC_CAGCGTGGTCGTGTTA","HSC_F12","C6"
"BC_CAGCGTGGTGCCTGAC","HSC_F12","C7"
"BC_CAGCGTGTCAAGTGTC","HSC_F12","C7"
"BC_CAGGCCAGTGCTTATG","HSC_F12","C6"
"BC_CAGGGCTAGCTGCGAA","HSC_F12","C6"
"BC_CAGGGCTCAAGCAATA","HSC_F12","C6"
"BC_CAGGGCTCACAATGCT","HSC_F12","C7"
"BC_CAGGGCTCAGGCAATG","HSC_F12","C6"
"BC_CAGGGCTGTGAGACCA","HSC_F12","C7"
"BC_CAGGGCTTCCTACACC","HSC_F12","C7"
"BC_CAGGTATCAACCCTCT","HSC_F12","C6"
"BC_CAGGTATGTACAGAAT","HSC_F12","C6"
"BC_CAGGTATGTCACCGCA","HSC_F12","C6"
"BC_CAGGTATGTTAGCGGA","HSC_F12","C5"
"BC_CAGGTATTCTCTCTTC","HSC_F12","C6"
"BC_CAGTGCGAGAGTAACT","HSC_F12","C6"
"BC_CAGTGCGCAGCTATTG","HSC_F12","C6"
"BC_CAGTGCGGTCGAAGCA","HSC_F12","C5"
"BC_CAGTGCGGTGATGGCA","HSC_F12","C7"
"BC_CAGTGCGGTTTAGTCG","HSC_F12","C7"
"BC_CAGTTAGCACCTGATA","HSC_F12","C5"
"BC_CAGTTAGCACTCCCTA","HSC_F12","C5"
"BC_CAGTTAGCATCTATCT","HSC_F12","C6"
"BC_CAGTTAGGTACTCCCT","HSC_F12","C6"
"BC_CAGTTCCCAGCTACAT","HSC_F12","C6"
"BC_CAGTTCCGTAGGAGTC","HSC_F12","C6"
"BC_CAGTTCCGTCCCTGTT","HSC_F12","C6"
"BC_CAGTTCCGTCGTACTA","HSC_F12","C6"
"BC_CAGTTCCGTTCCCACT","HSC_F12","C7"
"BC_CAGTTCCTCAACCTTT","HSC_F12","C6"
"BC_CAGTTCCTCACCTGGG","HSC_F12","C6"
"BC_CAGTTCCTCATCCCGT","HSC_F12","C5"
"BC_CAGTTCCTCCACGAAT","HSC_F12","C6"
"BC_CAGTTCCTCGAGTTGT","HSC_F12","C6"
"BC_CAGTTCCTCTCCCATG","HSC_F12","C6"
"BC_CATAAGCAGCCTTCTC","HSC_F12","C6"
"BC_CATAAGCAGCGTTGTT","HSC_F12","C6"
"BC_CATAAGCGTTGGACCC","HSC_F12","C7"
"BC_CATAAGCTCGACGCGT","HSC_F12","C6"
"BC_CATACAGAGATTAGTG","HSC_F12","C5"
"BC_CATACAGCAATTGCTG","HSC_F12","C6"
"BC_CATACAGCAGATAAAC","HSC_F12","C5"
"BC_CATACAGCAGCTTCGG","HSC_F12","C5"
"BC_CATACAGGTCAAGTTC","HSC_F12","C7"
"BC_CATACAGGTGCCTGCA","HSC_F12","C7"
"BC_CATACAGGTTCGAGCC","HSC_F12","C7"
"BC_CATACCCCATGGATCT","HSC_F12","C7"
"BC_CATACCCGTCCCTAAA","HSC_F12","C6"
"BC_CATACCCGTTCACGAT","HSC_F12","C7"
"BC_CATACCCTCACCGGGT","HSC_F12","C6"
"BC_CATACCCTCAGAGTGG","HSC_F12","C6"
"BC_CATACTTAGCTGGCCT","HSC_F12","C5"
"BC_CATACTTAGGAATGTT","HSC_F12","C5"
"BC_CATACTTCAGAGGACT","HSC_F12","C6"
"BC_CATAGACCAGCGAGTA","HSC_F12","C5"
"BC_CATAGACCAGCTATAC","HSC_F12","C6"
"BC_CATAGACGTAAGCGGT","HSC_F12","C6"
"BC_CATAGACGTACTCAAC","HSC_F12","C6"
"BC_CATAGACGTCGCCTAG","HSC_F12","C7"
"BC_CATAGACTCATTTCCA","HSC_F12","C7"
"BC_CATCAAGGTGGGTCAA","HSC_F12","C5"
"BC_CATCAAGTCTTTGGAG","HSC_F12","C6"
"BC_CATCCACAGACTCTAC","HSC_F12","C5"
"BC_CATCCACGTCTTACAG","HSC_F12","C6"
"BC_CATCCACTCGGACAAG","HSC_F12","C5"
"BC_CATCCACTCTAGACCA","HSC_F12","C7"
"BC_CATCCACTCTCATCCA","HSC_F12","C6"
"BC_CATCCACTCTGAGAGG","HSC_F12","C7"
"BC_CATCCCACACAGTCAT","HSC_F12","C6"
"BC_CATCCCACATCAGCGC","HSC_F12","C5"
"BC_CATCCCAGTTCCGTTC","HSC_F12","C6"
"BC_CATCCCATCATTCCTA","HSC_F12","C6"
"BC_CATCCCATCTGCTGAA","HSC_F12","C5"
"BC_CATCCGTCACTCATAG","HSC_F12","C6"
"BC_CATCCGTCAGTAACCT","HSC_F12","C7"
"BC_CATCCGTCATGTCTAG","HSC_F12","C5"
"BC_CATCCGTTCCATCGTC","HSC_F12","C7"
"BC_CATCGCTAGACGACTG","HSC_F12","C6"
"BC_CATCGCTAGCACACAG","HSC_F12","C6"
"BC_CATCGCTCAACTTCTT","HSC_F12","C6"
"BC_CATCGCTGTGAGCAGT","HSC_F12","C7"
"BC_CATCGGGAGGATCATA","HSC_F12","C6"
"BC_CATCGGGCATCAACCA","HSC_F12","C7"
"BC_CATCGGGGTAAGCTCT","HSC_F12","C6"
"BC_CATCGTCCACCATATG","HSC_F12","C6"
"BC_CATCGTCGTTTGTGGT","HSC_F12","C7"
"BC_CATCGTCTCACGGTCG","HSC_F12","C7"
"BC_CATCGTCTCATCGCTC","HSC_F12","C6"
"BC_CATCGTCTCCGATGTA","HSC_F12","C5"
"BC_CATGAGTAGCAGGCTA","HSC_F12","C6"
"BC_CATGAGTAGCGCCATC","HSC_F12","C6"
"BC_CATGAGTAGGTGCCAA","HSC_F12","C7"
"BC_CATGAGTCATTACGGT","HSC_F12","C6"
"BC_CATGAGTTCTCTGCTG","HSC_F12","C6"
"BC_CATGCAAAGCTTGTTG","HSC_F12","C5"
"BC_CATGCAAAGTAATTGG","HSC_F12","C7"
"BC_CATGCAACACTACCCT","HSC_F12","C5"
"BC_CATGCAACAGTGACCC","HSC_F12","C7"
"BC_CATGCAACATTGCTTT","HSC_F12","C6"
"BC_CATGCAAGTAACAGGC","HSC_F12","C5"
"BC_CATGCAAGTATTTCGG","HSC_F12","C7"
"BC_CATGCAATCACACCCT","HSC_F12","C6"
"BC_CATGCCTAGCCGATAG","HSC_F12","C6"
"BC_CATGCCTCACAAATAG","HSC_F12","C6"
"BC_CATGCCTCACTTCATT","HSC_F12","C6"
"BC_CATGCCTGTTGAAGTA","HSC_F12","C6"
"BC_CATGCCTTCACTGTCC","HSC_F12","C7"
"BC_CATGCCTTCTTCTTCC","HSC_F12","C7"
"BC_CATGCGGAGCAACCAG","HSC_F12","C6"
"BC_CATGCGGAGCTAAGTA","HSC_F12","C5"
"BC_CATGCGGAGTTGAATG","HSC_F12","C7"
"BC_CATGCGGCAATCGCAT","HSC_F12","C6"
"BC_CATGCGGGTCATCCGG","HSC_F12","C7"
"BC_CATGCTCTCAATCTTC","HSC_F12","C5"
"BC_CATGCTCTCGAAACAA","HSC_F12","C5"
"BC_CATGGATAGCCGGATA","HSC_F12","C7"
"BC_CATGGATGTGATCATC","HSC_F12","C6"
"BC_CATGGTAAGCATTTGC","HSC_F12","C7"
"BC_CATGGTACAAGGTTGG","HSC_F12","C6"
"BC_CATGGTAGTCTACGAT","HSC_F12","C7"
"BC_CATGGTAGTCTCTCAC","HSC_F12","C6"
"BC_CATGGTATCCTTGAAG","HSC_F12","C6"
"BC_CATTCATAGGGTGAAA","HSC_F12","C7"
"BC_CATTCATCAGGTTACT","HSC_F12","C6"
"BC_CATTCCGCATCCGGTG","HSC_F12","C6"
"BC_CATTCCGGTAACGATA","HSC_F12","C6"
"BC_CATTCCGGTGCTGCAC","HSC_F12","C6"
"BC_CATTCTAAGCTACGTT","HSC_F12","C6"
"BC_CATTCTAAGGCCCACT","HSC_F12","C6"
"BC_CATTCTACAGACAATA","HSC_F12","C6"
"BC_CATTCTATCAGCCTTC","HSC_F12","C5"
"BC_CATTGAGCAAGCGCTC","HSC_F12","C6"
"BC_CATTGAGTCACATTGG","HSC_F12","C7"
"BC_CATTGCCAGACTCAAA","HSC_F12","C6"
"BC_CATTGCCGTACGATTC","HSC_F12","C6"
"BC_CATTGCCGTAGATGTA","HSC_F12","C7"
"BC_CATTGCCGTCCGGATC","HSC_F12","C7"
"BC_CATTGCCGTTGTTGTG","HSC_F12","C7"
"BC_CATTGTTCAGCGCGTT","HSC_F12","C6"
"BC_CATTGTTGTAATGTGA","HSC_F12","C5"
"BC_CATTGTTTCGAGTGGA","HSC_F12","C6"
"BC_CATTTCATCCATTGTT","HSC_F12","C6"
"BC_CCAAGCGCAAATTGGA","HSC_F12","C6"
"BC_CCAAGCGCAATTGCTG","HSC_F12","C7"
"BC_CCAATGAGTATTGGCT","HSC_F12","C6"
"BC_CCAATGAGTCACCACG","HSC_F12","C7"
"BC_CCAATGAGTCGAATTC","HSC_F12","C5"
"BC_CCAATTTCAACTCCAA","HSC_F12","C6"
"BC_CCAATTTCACGACGTC","HSC_F12","C7"
"BC_CCAATTTCAGCCATTA","HSC_F12","C6"
"BC_CCAATTTCATGATGCT","HSC_F12","C6"
"BC_CCAATTTGTAATCAGA","HSC_F12","C5"
"BC_CCAATTTGTCAGGTGA","HSC_F12","C7"
"BC_CCAATTTTCAGACCCG","HSC_F12","C6"
"BC_CCACAAACACCAGGTC","HSC_F12","C6"
"BC_CCACAAATCGGCGATC","HSC_F12","C6"
"BC_CCACACTAGCGGCTCT","HSC_F12","C6"
"BC_CCACACTAGCTACGTT","HSC_F12","C7"
"BC_CCACACTAGGGTCACA","HSC_F12","C6"
"BC_CCACACTCACAAGCTT","HSC_F12","C6"
"BC_CCACACTCACTACTTT","HSC_F12","C6"
"BC_CCACACTGTAGAGACC","HSC_F12","C5"
"BC_CCACACTGTGGATCAG","HSC_F12","C7"
"BC_CCACACTTCTCCTGAC","HSC_F12","C5"
"BC_CCACCATAGTTGGAAT","HSC_F12","C6"
"BC_CCACCATCATTCTGTT","HSC_F12","C6"
"BC_CCACCATGTACTAAGA","HSC_F12","C6"
"BC_CCACCATGTCGAACAG","HSC_F12","C6"
"BC_CCACCATGTCTGCCTT","HSC_F12","C5"
"BC_CCACCATGTGGGACAT","HSC_F12","C6"
"BC_CCACCATTCGATCCAA","HSC_F12","C6"
"BC_CCACGAGAGTGATCGG","HSC_F12","C6"
"BC_CCACGAGCACACCTAA","HSC_F12","C7"
"BC_CCACGAGCAGCGTAGA","HSC_F12","C6"
"BC_CCACGAGGTCATGACT","HSC_F12","C7"
"BC_CCACGAGGTGCGGCTT","HSC_F12","C6"
"BC_CCACGAGGTTGTGGCC","HSC_F12","C6"
"BC_CCACGAGTCGCGCCAA","HSC_F12","C6"
"BC_CCACGTTAGGCAGGTT","HSC_F12","C6"
"BC_CCACGTTAGTCGCCCA","HSC_F12","C7"
"BC_CCACGTTAGTTTGAGA","HSC_F12","C7"
"BC_CCACGTTCATCGTGCG","HSC_F12","C5"
"BC_CCACGTTGTACAAGCG","HSC_F12","C5"
"BC_CCACGTTTCCGGTTCT","HSC_F12","C6"
"BC_CCACGTTTCGTTCTGC","HSC_F12","C7"
"BC_CCACTTGCACTTTATC","HSC_F12","C6"
"BC_CCACTTGGTCTAACGT","HSC_F12","C6"
"BC_CCACTTGGTGTCGATT","HSC_F12","C7"
"BC_CCATAAGAGAGATTCA","HSC_F12","C6"
"BC_CCATAAGCATGACAAA","HSC_F12","C5"
"BC_CCATAAGGTAGACGTG","HSC_F12","C5"
"BC_CCATAAGGTCGTACAT","HSC_F12","C6"
"BC_CCATCACCATCATTTC","HSC_F12","C5"
"BC_CCATCACTCTGAGGTT","HSC_F12","C7"
"BC_CCCAACTAGTAACCGG","HSC_F12","C7"
"BC_CCCAACTAGTAGCAAT","HSC_F12","C6"
"BC_CCCAACTAGTGGTCAG","HSC_F12","C6"
"BC_CCCAACTCAACACGAG","HSC_F12","C6"
"BC_CCCAACTCAAGGTCAG","HSC_F12","C6"
"BC_CCCAACTCAATTTCGG","HSC_F12","C7"
"BC_CCCAACTCACTCCACT","HSC_F12","C7"
"BC_CCCAACTCACTCCGAG","HSC_F12","C6"
"BC_CCCAACTGTCGAAGCA","HSC_F12","C7"
"BC_CCCAACTTCTCATAGG","HSC_F12","C6"
"BC_CCCATTGCACTATCCC","HSC_F12","C6"
"BC_CCCGAAGAGCCGAATG","HSC_F12","C7"
"BC_CCCGAAGAGTAGCCAG","HSC_F12","C6"
"BC_CCCGGAACAGTCTGGC","HSC_F12","C6"
"BC_CCCTAACAGTAGGTTA","HSC_F12","C5"
"BC_CCCTAACCACAAGCTT","HSC_F12","C7"
"BC_CCCTAACCACCATTCC","HSC_F12","C6"
"BC_CCCTAACGTCAACCAT","HSC_F12","C6"
"BC_CCCTCAAAGGAACATT","HSC_F12","C5"
"BC_CCCTCAACACAAAGCG","HSC_F12","C5"
"BC_CCCTCAACATAGATCC","HSC_F12","C6"
"BC_CCCTCAAGTTATGTGC","HSC_F12","C6"
"BC_CCCTCTCAGATACGAT","HSC_F12","C6"
"BC_CCCTCTCAGCCTCACG","HSC_F12","C6"
"BC_CCCTCTCAGGGACTGT","HSC_F12","C7"
"BC_CCCTCTCAGTTAGTAG","HSC_F12","C5"
"BC_CCCTCTCCAAATCGTC","HSC_F12","C7"
"BC_CCCTCTCGTGTTAACC","HSC_F12","C7"
"BC_CCCTCTCTCCCATGGG","HSC_F12","C6"
"BC_CCCTCTCTCGCGTAGC","HSC_F12","C6"
"BC_CCCTGATCAAGACCGA","HSC_F12","C5"
"BC_CCCTGATCACTGCGAC","HSC_F12","C6"
"BC_CCCTGATGTAGATCCT","HSC_F12","C7"
"BC_CCCTGATGTCTCGCGA","HSC_F12","C6"
"BC_CCCTGATGTGCGAACA","HSC_F12","C6"
"BC_CCCTGATTCCTTATAC","HSC_F12","C7"
"BC_CCCTTAGAGCCATGCC","HSC_F12","C7"
"BC_CCCTTAGAGTAGCAAT","HSC_F12","C7"
"BC_CCCTTAGGTACGTGTT","HSC_F12","C7"
"BC_CCCTTAGGTCCCTGTT","HSC_F12","C6"
"BC_CCCTTAGGTGATACAA","HSC_F12","C6"
"BC_CCCTTAGGTGGGACAT","HSC_F12","C5"
"BC_CCGAACGCACGCTTAA","HSC_F12","C7"
"BC_CCGAACGTCGACTCCT","HSC_F12","C7"
"BC_CCGAACGTCTTGTGCC","HSC_F12","C6"
"BC_CCGATCTCATGACTCA","HSC_F12","C6"
"BC_CCGATGGAGTCAGCCC","HSC_F12","C7"
"BC_CCGATGGAGTTCCAGT","HSC_F12","C7"
"BC_CCGATGGGTGGCCCAT","HSC_F12","C7"
"BC_CCGCAAGAGAATACAC","HSC_F12","C5"
"BC_CCGCAAGAGCTGACCC","HSC_F12","C5"
"BC_CCGCAAGCAATCGTCA","HSC_F12","C6"
"BC_CCGGACAAGATCACCT","HSC_F12","C7"
"BC_CCGGACACACCCTGTT","HSC_F12","C6"
"BC_CCGGACACAGCTATAC","HSC_F12","C6"
"BC_CCGGACACATCCTTCG","HSC_F12","C6"
"BC_CCGGACAGTAGCTCGC","HSC_F12","C7"
"BC_CCGGACAGTCTCACAA","HSC_F12","C5"
"BC_CCGGACATCCATTGCC","HSC_F12","C5"
"BC_CCGGACATCCTACCGT","HSC_F12","C7"
"BC_CCGGACATCGTGTTCC","HSC_F12","C7"
"BC_CCGGGTAGTGTACATC","HSC_F12","C5"
"BC_CCGGGTAGTTGCTTGA","HSC_F12","C5"
"BC_CCGGGTATCTATCGGA","HSC_F12","C5"
"BC_CCGGTAGAGCGCACAA","HSC_F12","C7"
"BC_CCGGTAGCAGGTGGAT","HSC_F12","C5"
"BC_CCGGTAGGTCTAGGCC","HSC_F12","C7"
"BC_CCGGTGACAGCAGGAT","HSC_F12","C5"
"BC_CCGGTGACATCTGTTT","HSC_F12","C6"
"BC_CCGGTGAGTCTTAGTG","HSC_F12","C6"
"BC_CCGGTGAGTGGCCCAT","HSC_F12","C5"
"BC_CCGGTGATCACTGTCC","HSC_F12","C6"
"BC_CCGGTGATCGCATGAT","HSC_F12","C6"
"BC_CCGTAGGAGATCCAAA","HSC_F12","C7"
"BC_CCGTAGGCACTTGACA","HSC_F12","C6"
"BC_CCGTAGGTCGACCCAG","HSC_F12","C5"
"BC_CCGTGAGGTACAAACA","HSC_F12","C7"
"BC_CCGTTCAGTAACTGCT","HSC_F12","C6"
"BC_CCGTTCAGTCTCCTGT","HSC_F12","C7"
"BC_CCGTTCAGTGCCCAGT","HSC_F12","C6"
"BC_CCGTTCATCACCTCAC","HSC_F12","C6"
"BC_CCTAACCAGAATCGTA","HSC_F12","C6"
"BC_CCTAACCAGCCTCTGG","HSC_F12","C6"
"BC_CCTAACCCAATGACCT","HSC_F12","C6"
"BC_CCTAACCGTATGCGTT","HSC_F12","C7"
"BC_CCTAACCGTGCTGATT","HSC_F12","C7"
"BC_CCTAACCTCCTGTAAG","HSC_F12","C6"
"BC_CCTAACCTCTCACTCG","HSC_F12","C5"
"BC_CCTAAGACACAAATGA","HSC_F12","C7"
"BC_CCTAAGATCAGACCGC","HSC_F12","C6"
"BC_CCTAAGATCCCAACTC","HSC_F12","C6"
"BC_CCTAAGATCTCGACGG","HSC_F12","C6"
"BC_CCTAAGATCTTCGATT","HSC_F12","C7"
"BC_CCTACGTAGTGAGGTC","HSC_F12","C7"
"BC_CCTACGTCACTCATAG","HSC_F12","C6"
"BC_CCTACGTTCCGGCAGT","HSC_F12","C6"
"BC_CCTATCGAGAGTCGAC","HSC_F12","C5"
"BC_CCTATCGAGTCCTGCG","HSC_F12","C6"
"BC_CCTATCGCATAATCGC","HSC_F12","C7"
"BC_CCTATCGGTCTATGAC","HSC_F12","C7"
"BC_CCTCAACGTTGGACCC","HSC_F12","C6"
"BC_CCTCACAAGATGCCGA","HSC_F12","C6"
"BC_CCTCACAGTTATTCCT","HSC_F12","C5"
"BC_CCTCACATCAACCGAT","HSC_F12","C6"
"BC_CCTCACATCAGGAAGC","HSC_F12","C6"
"BC_CCTCAGTAGGGTTAGC","HSC_F12","C7"
"BC_CCTCAGTCAACCGATT","HSC_F12","C6"
"BC_CCTCAGTGTACCTGTA","HSC_F12","C7"
"BC_CCTCATGCACCACTGG","HSC_F12","C6"
"BC_CCTCATGGTCGGAAAC","HSC_F12","C5"
"BC_CCTCATGGTGTTAACC","HSC_F12","C6"
"BC_CCTCATGTCGTGAGAG","HSC_F12","C7"
"BC_CCTCCAAAGAGGACTC","HSC_F12","C6"
"BC_CCTCCAACAAGTTTGC","HSC_F12","C6"
"BC_CCTCCAACACTCCGAG","HSC_F12","C6"
"BC_CCTCCAACAGACAATA","HSC_F12","C6"
"BC_CCTCCAACAGCTACAT","HSC_F12","C7"
"BC_CCTCCAATCCGCCTAT","HSC_F12","C7"
"BC_CCTCCTCAGACGACGT","HSC_F12","C6"
"BC_CCTCCTCAGCGCACAA","HSC_F12","C7"
"BC_CCTCCTCAGTCTTCCC","HSC_F12","C6"
"BC_CCTCCTCGTGCAGGAT","HSC_F12","C7"
"BC_CCTCTAGAGTATGATG","HSC_F12","C5"
"BC_CCTCTAGCATTCACAG","HSC_F12","C5"
"BC_CCTCTAGGTTCTAAGC","HSC_F12","C6"
"BC_CCTCTAGGTTTCGTGA","HSC_F12","C6"
"BC_CCTCTAGTCACGTAGT","HSC_F12","C5"
"BC_CCTCTCCAGAAGAGCA","HSC_F12","C7"
"BC_CCTCTCCAGTACAGCG","HSC_F12","C6"
"BC_CCTCTCCCACTTGACA","HSC_F12","C7"
"BC_CCTCTCCCATTCCTCG","HSC_F12","C7"
"BC_CCTCTCCGTCTCACGG","HSC_F12","C7"
"BC_CCTCTCCGTGCGCTCA","HSC_F12","C6"
"BC_CCTCTCCGTGTTCAGT","HSC_F12","C7"
"BC_CCTCTCCTCCTCTCGA","HSC_F12","C6"
"BC_CCTCTCCTCTCCACTG","HSC_F12","C6"
"BC_CCTGCATAGCCTCATA","HSC_F12","C6"
"BC_CCTGCATAGGGTTTCT","HSC_F12","C5"
"BC_CCTGCATGTCTTTATC","HSC_F12","C6"
"BC_CCTGCATGTGTGCTTA","HSC_F12","C5"
"BC_CCTGTTGAGGAGATAG","HSC_F12","C7"
"BC_CCTTCAGAGCAAGCCA","HSC_F12","C6"
"BC_CCTTCAGCACTCCACT","HSC_F12","C7"
"BC_CCTTCAGGTCCCTGAG","HSC_F12","C6"
"BC_CCTTCAGGTTGTGTTG","HSC_F12","C7"
"BC_CCTTCAGTCATCACTT","HSC_F12","C7"
"BC_CCTTGTGAGCTGCCTG","HSC_F12","C5"
"BC_CCTTGTGAGCTGTTAC","HSC_F12","C6"
"BC_CCTTGTGAGTGCCTCG","HSC_F12","C6"
"BC_CCTTGTGCAATCGTCA","HSC_F12","C5"
"BC_CCTTGTGCACATTCGA","HSC_F12","C5"
"BC_CCTTGTGTCAGCTCTC","HSC_F12","C6"
"BC_CCTTTGGAGCAGGCAT","HSC_F12","C6"
"BC_CCTTTGGCATTAGGCT","HSC_F12","C5"
"BC_CGAAGGACAATCTCTT","HSC_F12","C6"
"BC_CGAAGGACAGCGTGCT","HSC_F12","C5"
"BC_CGAAGGAGTACAAACA","HSC_F12","C7"
"BC_CGAAGGAGTCGAACAG","HSC_F12","C6"
"BC_CGAAGGAGTTAGGGTG","HSC_F12","C6"
"BC_CGAAGGATCTTGCGCT","HSC_F12","C6"
"BC_CGAAGTTAGGGAGGCA","HSC_F12","C6"
"BC_CGAAGTTCACAACGAG","HSC_F12","C5"
"BC_CGAAGTTGTAGTCGGA","HSC_F12","C7"
"BC_CGAAGTTGTGATACTC","HSC_F12","C7"
"BC_CGAAGTTGTTCTCACC","HSC_F12","C6"
"BC_CGAATTGAGGGTTTCT","HSC_F12","C6"
"BC_CGAATTGCATCTCATT","HSC_F12","C7"
"BC_CGACAGCAGCTTCTAG","HSC_F12","C6"
"BC_CGACAGCGTCCCAAAT","HSC_F12","C6"
"BC_CGACAGCTCGTACCTC","HSC_F12","C5"
"BC_CGAGAAGCAACGGCCT","HSC_F12","C6"
"BC_CGAGAAGGTAATGTGA","HSC_F12","C6"
"BC_CGAGGAACAGAGTTCT","HSC_F12","C6"
"BC_CGAGGAAGTCCACAGC","HSC_F12","C6"
"BC_CGAGGAAGTTGATCGT","HSC_F12","C7"
"BC_CGAGGAAGTTGTACGT","HSC_F12","C7"
"BC_CGAGGCTCATGTCGTA","HSC_F12","C6"
"BC_CGAGTGCAGATAACAC","HSC_F12","C6"
"BC_CGAGTGCAGTCTGGTT","HSC_F12","C5"
"BC_CGAGTGCAGTTCATGC","HSC_F12","C6"
"BC_CGAGTGCCAATAGTCC","HSC_F12","C7"
"BC_CGAGTGCCAGCAGTCC","HSC_F12","C7"
"BC_CGAGTGCCAGGAACCA","HSC_F12","C5"
"BC_CGAGTGCTCCGACATA","HSC_F12","C6"
"BC_CGAGTGCTCGCCTAGG","HSC_F12","C5"
"BC_CGAGTGCTCTGCCTCA","HSC_F12","C6"
"BC_CGAGTTAAGCCAGTAG","HSC_F12","C6"
"BC_CGAGTTAAGTCCTACA","HSC_F12","C7"
"BC_CGAGTTACAGAGGTTG","HSC_F12","C6"
"BC_CGAGTTATCCCTGTTG","HSC_F12","C7"
"BC_CGATCGGCAACCAACT","HSC_F12","C6"
"BC_CGATCGGGTCCTCAGG","HSC_F12","C6"
"BC_CGATCGGGTGGACCAA","HSC_F12","C6"
"BC_CGATGCGCAGGTATGG","HSC_F12","C5"
"BC_CGATGCGGTTGCCATA","HSC_F12","C5"
"BC_CGATGCGTCGACACCG","HSC_F12","C5"
"BC_CGATGGCAGTCAAGCG","HSC_F12","C5"
"BC_CGATGGCCAATCGCCG","HSC_F12","C5"
"BC_CGATGGCTCACCATCC","HSC_F12","C6"
"BC_CGCAGGTAGGTTGAGC","HSC_F12","C7"
"BC_CGCAGGTGTACATTGC","HSC_F12","C6"
"BC_CGCAGGTGTCGACTGC","HSC_F12","C5"
"BC_CGCAGGTGTTAACCTG","HSC_F12","C7"
"BC_CGCAGGTTCGGTAGAG","HSC_F12","C7"
"BC_CGCATAACAACCAATC","HSC_F12","C7"
"BC_CGCATAACACCCTTAC","HSC_F12","C5"
"BC_CGCATAACACTGTTCC","HSC_F12","C6"
"BC_CGCATAACAGCGATTT","HSC_F12","C6"
"BC_CGCATGGCAAGTTCCA","HSC_F12","C7"
"BC_CGCATGGCATTGCCTC","HSC_F12","C6"
"BC_CGCCAGACAATGTGGG","HSC_F12","C7"
"BC_CGCCAGAGTCCATCTC","HSC_F12","C7"
"BC_CGCCATTCACTGATTG","HSC_F12","C7"
"BC_CGCCATTCATGTTCAG","HSC_F12","C7"
"BC_CGCCATTTCGTTAGTG","HSC_F12","C6"
"BC_CGCCATTTCTCCTGTG","HSC_F12","C7"
"BC_CGCCATTTCTTGGAAC","HSC_F12","C5"
"BC_CGCGTGAGTACACGTT","HSC_F12","C6"
"BC_CGCGTGATCAAGGCTT","HSC_F12","C6"
"BC_CGCGTGATCTGTTGGA","HSC_F12","C7"
"BC_CGGAACCAGCGGATCA","HSC_F12","C7"
"BC_CGGAACCAGGGTTTCT","HSC_F12","C6"
"BC_CGGAACCCACAATTCG","HSC_F12","C5"
"BC_CGGAACCCACGGAAGT","HSC_F12","C5"
"BC_CGGAACCCAGAGGTTG","HSC_F12","C1"
"BC_CGGAATTAGGGCAGAG","HSC_F12","C7"
"BC_CGGAATTGTCACTTCC","HSC_F12","C6"
"BC_CGGAATTTCGAATGCT","HSC_F12","C6"
"BC_CGGAATTTCGGATACT","HSC_F12","C5"
"BC_CGGACACAGACAACTA","HSC_F12","C6"
"BC_CGGACACCACTTCATT","HSC_F12","C5"
"BC_CGGACACGTCTTTCTA","HSC_F12","C7"
"BC_CGGAGAAAGACGAAGA","HSC_F12","C6"
"BC_CGGAGAAGTACCGTCG","HSC_F12","C5"
"BC_CGGCAGTCAATCAGCT","HSC_F12","C6"
"BC_CGGCAGTCAGCCCACA","HSC_F12","C5"
"BC_CGGCAGTTCCTGTAAG","HSC_F12","C6"
"BC_CGGGACTCACAAGCAG","HSC_F12","C7"
"BC_CGGGACTCATCAGCTA","HSC_F12","C6"
"BC_CGGGACTTCCAACCGG","HSC_F12","C6"
"BC_CGGGACTTCCCTTTGG","HSC_F12","C6"
"BC_CGGGCATGTCCAGAAG","HSC_F12","C6"
"BC_CGGGCATGTTGGCCGT","HSC_F12","C6"
"BC_CGGGCATTCGTACCTC","HSC_F12","C7"
"BC_CGGGTCAAGGCGTTGA","HSC_F12","C6"
"BC_CGGGTCAGTAGCGCCT","HSC_F12","C7"
"BC_CGGGTCAGTCCGGTGT","HSC_F12","C7"
"BC_CGGGTCAGTCTTCAAG","HSC_F12","C6"
"BC_CGGGTGTCACAGTACT","HSC_F12","C6"
"BC_CGGGTGTCAGTTGGTT","HSC_F12","C6"
"BC_CGGGTGTGTCCAGGTC","HSC_F12","C7"
"BC_CGGGTGTGTCTGGTTA","HSC_F12","C5"
"BC_CGGGTGTGTTACAGCT","HSC_F12","C5"
"BC_CGGTCAGCAATTGGTC","HSC_F12","C6"
"BC_CGGTCAGCAGGTGTTT","HSC_F12","C5"
"BC_CGGTCAGGTATCGAAA","HSC_F12","C6"
"BC_CGGTCAGTCCATCACC","HSC_F12","C6"
"BC_CGGTCAGTCGCTTTAT","HSC_F12","C5"
"BC_CGGTCAGTCTGTCAGA","HSC_F12","C7"
"BC_CGTAAGTAGTAAGAGG","HSC_F12","C6"
"BC_CGTAAGTCAATAAGGT","HSC_F12","C6"
"BC_CGTAAGTTCTAAGCGT","HSC_F12","C5"
"BC_CGTAATGAGCATTTCG","HSC_F12","C5"
"BC_CGTAATGAGGATCATA","HSC_F12","C7"
"BC_CGTAATGAGGGATGTC","HSC_F12","C7"
"BC_CGTAATGGTGGCTTGC","HSC_F12","C7"
"BC_CGTAATGTCAGCTAGT","HSC_F12","C7"
"BC_CGTAATGTCATTGTGG","HSC_F12","C6"
"BC_CGTAATGTCCGTAATG","HSC_F12","C6"
"BC_CGTAATGTCTACCAGA","HSC_F12","C7"
"BC_CGTAGTAAGAAGGTAG","HSC_F12","C5"
"BC_CGTAGTAAGTGTTCCA","HSC_F12","C7"
"BC_CGTAGTATCATGAGAA","HSC_F12","C7"
"BC_CGTCAAAAGGTAAAGG","HSC_F12","C6"
"BC_CGTCAAAAGGTGGCTA","HSC_F12","C6"
"BC_CGTCAAACACCAGTAT","HSC_F12","C6"
"BC_CGTCAAACACTGGCGT","HSC_F12","C5"
"BC_CGTCAAATCGCATTAG","HSC_F12","C7"
"BC_CGTCAAATCTCCCATG","HSC_F12","C6"
"BC_CGTCCATAGATTGAGT","HSC_F12","C6"
"BC_CGTCCATAGCGCCTAC","HSC_F12","C6"
"BC_CGTCCATCACTTCATT","HSC_F12","C5"
"BC_CGTCCATCATTAGGAA","HSC_F12","C7"
"BC_CGTCCATGTCCCACGA","HSC_F12","C5"
"BC_CGTCCATGTGCGGTAA","HSC_F12","C6"
"BC_CGTCCATTCATCGCAA","HSC_F12","C6"
"BC_CGTCCATTCCGCCTAT","HSC_F12","C7"
"BC_CGTGAATAGCGTCTGC","HSC_F12","C6"
"BC_CGTGAATAGTACTGTC","HSC_F12","C7"
"BC_CGTGAATAGTATGAGT","HSC_F12","C7"
"BC_CGTGAATCATAGATGA","HSC_F12","C6"
"BC_CGTGAATGTTAAACCC","HSC_F12","C7"
"BC_CGTGATACAGCAGGAT","HSC_F12","C6"
"BC_CGTGATACATCCGGCA","HSC_F12","C6"
"BC_CGTGATACATCGTGGC","HSC_F12","C7"
"BC_CGTGATAGTGGTCCCA","HSC_F12","C7"
"BC_CGTGCTTAGGAAAGAC","HSC_F12","C7"
"BC_CGTGCTTCACCTATCC","HSC_F12","C6"
"BC_CGTGCTTGTGACAGCA","HSC_F12","C6"
"BC_CGTGCTTTCAACCTTT","HSC_F12","C6"
"BC_CGTGCTTTCATACAGC","HSC_F12","C5"
"BC_CGTGCTTTCATTGTTC","HSC_F12","C7"
"BC_CGTGTCTCAAGACGAC","HSC_F12","C6"
"BC_CGTGTCTCACCCTGAG","HSC_F12","C6"
"BC_CGTGTCTGTAGTGATA","HSC_F12","C5"
"BC_CGTGTCTTCAAGAATG","HSC_F12","C7"
"BC_CGTGTCTTCATTTGTC","HSC_F12","C7"
"BC_CGTGTCTTCCCGAGTG","HSC_F12","C5"
"BC_CGTGTCTTCTCTCCGA","HSC_F12","C7"
"BC_CGTTAGACACGTAGAG","HSC_F12","C7"
"BC_CGTTAGACATGAATCC","HSC_F12","C6"
"BC_CGTTCTGAGGTCACTT","HSC_F12","C6"
"BC_CGTTCTGGTCTCAGAT","HSC_F12","C5"
"BC_CGTTCTGTCAGTGCGC","HSC_F12","C6"
"BC_CGTTGGGCACACCTGG","HSC_F12","C6"
"BC_CTAACCCAGCGGTAGT","HSC_F12","C5"
"BC_CTAACCCCAACGGCTC","HSC_F12","C6"
"BC_CTAACCCTCGCAGAGA","HSC_F12","C5"
"BC_CTAACTTAGACGACTG","HSC_F12","C6"
"BC_CTAACTTCAGCACACC","HSC_F12","C5"
"BC_CTAACTTGTGCTGATT","HSC_F12","C7"
"BC_CTAAGTGGTACGCGTC","HSC_F12","C7"
"BC_CTAAGTGGTATTCTCT","HSC_F12","C7"
"BC_CTAAGTGGTGAGTAGC","HSC_F12","C8"
"BC_CTAAGTGTCACCGCTT","HSC_F12","C5"
"BC_CTACAGAAGACCAAAT","HSC_F12","C5"
"BC_CTACAGAAGAGGTATT","HSC_F12","C6"
"BC_CTACAGAAGGCAGCTA","HSC_F12","C5"
"BC_CTACAGAGTTGGCTAT","HSC_F12","C6"
"BC_CTACATTAGGTTCTTG","HSC_F12","C5"
"BC_CTACATTCAGTATTCG","HSC_F12","C6"
"BC_CTACATTGTCTCGGAC","HSC_F12","C5"
"BC_CTACATTGTTAGAAAC","HSC_F12","C7"
"BC_CTACATTTCACATACG","HSC_F12","C6"
"BC_CTACCCAAGGGTAATT","HSC_F12","C6"
"BC_CTACCCAAGTCACAGG","HSC_F12","C7"
"BC_CTACCCACAGATGCGA","HSC_F12","C6"
"BC_CTACCCACAGCTTTCC","HSC_F12","C6"
"BC_CTACCCACATCCGAGC","HSC_F12","C7"
"BC_CTACCCAGTCTCACGG","HSC_F12","C5"
"BC_CTACCCATCACGATAC","HSC_F12","C6"
"BC_CTACCCATCCTTATCA","HSC_F12","C6"
"BC_CTACCTGAGCACCGTC","HSC_F12","C6"
"BC_CTACCTGCAATACGAA","HSC_F12","C6"
"BC_CTACCTGTCCTGCCAT","HSC_F12","C6"
"BC_CTACGGGCATGACACT","HSC_F12","C6"
"BC_CTACGGGGTAGGTCAG","HSC_F12","C6"
"BC_CTACGGGGTGTACATC","HSC_F12","C5"
"BC_CTACGGGTCCGCGAGT","HSC_F12","C7"
"BC_CTACTATAGCACTGGA","HSC_F12","C5"
"BC_CTACTATAGTCATGGG","HSC_F12","C5"
"BC_CTACTATCAAATCCCA","HSC_F12","C5"
"BC_CTACTATCAATCGCGC","HSC_F12","C7"
"BC_CTACTATCACGACAAG","HSC_F12","C6"
"BC_CTACTATGTGCAGATG","HSC_F12","C6"
"BC_CTACTATTCCTTGACC","HSC_F12","C6"
"BC_CTAGACAAGCGTTCCG","HSC_F12","C5"
"BC_CTAGACACAGTAGAAT","HSC_F12","C6"
"BC_CTAGACACATCATCTT","HSC_F12","C6"
"BC_CTAGACAGTTTAGACC","HSC_F12","C6"
"BC_CTAGACATCACGGAGA","HSC_F12","C7"
"BC_CTAGACATCCTAGCTC","HSC_F12","C6"
"BC_CTAGACATCTGGGCAC","HSC_F12","C6"
"BC_CTAGGTAAGTTCTCTT","HSC_F12","C7"
"BC_CTAGGTACAATAGTGA","HSC_F12","C5"
"BC_CTAGGTAGTAGCGTCC","HSC_F12","C7"
"BC_CTAGGTAGTGATGTAA","HSC_F12","C6"
"BC_CTAGGTAGTTGCCTAA","HSC_F12","C7"
"BC_CTATAGGAGAATCGTA","HSC_F12","C7"
"BC_CTATAGGGTGTAACGG","HSC_F12","C6"
"BC_CTATAGGGTTACGTAC","HSC_F12","C5"
"BC_CTATAGGTCAAGCCGC","HSC_F12","C7"
"BC_CTATAGGTCTGTCCGT","HSC_F12","C6"
"BC_CTATCCGGTAACCCGC","HSC_F12","C8"
"BC_CTATCCGGTAGCGCCT","HSC_F12","C6"
"BC_CTATCCGGTCCACGCA","HSC_F12","C6"
"BC_CTATCCGGTTGTTGAC","HSC_F12","C7"
"BC_CTATCCGTCACACCGG","HSC_F12","C6"
"BC_CTATCTACAGAACTAA","HSC_F12","C5"
"BC_CTATCTAGTCTACAAC","HSC_F12","C5"
"BC_CTATCTAGTTTGGAAA","HSC_F12","C6"
"BC_CTATCTATCGTAGGAG","HSC_F12","C6"
"BC_CTCAACCAGATCGACG","HSC_F12","C7"
"BC_CTCAACCAGTTCTCTT","HSC_F12","C5"
"BC_CTCAACCCAAGTGTCT","HSC_F12","C7"
"BC_CTCAACCGTACAAACA","HSC_F12","C7"
"BC_CTCAACCGTCGAACGA","HSC_F12","C6"
"BC_CTCAACCGTCGACTTA","HSC_F12","C6"
"BC_CTCAACCTCGTGGCGT","HSC_F12","C6"
"BC_CTCAAGACAGTTAAAG","HSC_F12","C6"
"BC_CTCAAGACATGGGAAC","HSC_F12","C6"
"BC_CTCAAGAGTCTACATG","HSC_F12","C7"
"BC_CTCAAGATCGAACTCA","HSC_F12","C5"
"BC_CTCAAGATCGTAGGGA","HSC_F12","C6"
"BC_CTCAATTAGTTACTCG","HSC_F12","C6"
"BC_CTCAATTCAGCGCTTG","HSC_F12","C6"
"BC_CTCAATTCAGGACAGT","HSC_F12","C7"
"BC_CTCAATTGTACGCTTA","HSC_F12","C6"
"BC_CTCAATTGTAGCTTGT","HSC_F12","C7"
"BC_CTCAATTTCAGCTTCC","HSC_F12","C6"
"BC_CTCACTGAGGCTTTCA","HSC_F12","C7"
"BC_CTCACTGCATATACCG","HSC_F12","C7"
"BC_CTCAGAAAGCTAATCC","HSC_F12","C7"
"BC_CTCAGGGCAGCGGTCT","HSC_F12","C6"
"BC_CTCAGGGCAGTCGTTA","HSC_F12","C6"
"BC_CTCAGGGCATAGACTC","HSC_F12","C5"
"BC_CTCAGGGGTACGAGTG","HSC_F12","C6"
"BC_CTCAGGGGTGTTACAC","HSC_F12","C7"
"BC_CTCAGTCCAATACGCT","HSC_F12","C6"
"BC_CTCAGTCCATGACGAG","HSC_F12","C5"
"BC_CTCAGTCGTTAAGAAC","HSC_F12","C6"
"BC_CTCATCGAGCTGACCC","HSC_F12","C6"
"BC_CTCATCGTCGTAGCCG","HSC_F12","C7"
"BC_CTCATGCAGCTGAAGC","HSC_F12","C6"
"BC_CTCATGCAGTAAACAC","HSC_F12","C6"
"BC_CTCATGCCAACAACAA","HSC_F12","C7"
"BC_CTCATGCCAAGCCATT","HSC_F12","C5"
"BC_CTCATGCCAAGTTCGT","HSC_F12","C6"
"BC_CTCATGCCAGGTTCGC","HSC_F12","C6"
"BC_CTCATGCGTCCATCTC","HSC_F12","C6"
"BC_CTCATTAAGCAGGCTA","HSC_F12","C7"
"BC_CTCATTAAGGCCACCT","HSC_F12","C7"
"BC_CTCATTATCATCGCCT","HSC_F12","C6"
"BC_CTCATTATCGTTCTAT","HSC_F12","C6"
"BC_CTCCAACCACACACTA","HSC_F12","C5"
"BC_CTCCAACCATATCTCT","HSC_F12","C6"
"BC_CTCCAACGTAAGTCAA","HSC_F12","C6"
"BC_CTCCAACTCAATCTTC","HSC_F12","C6"
"BC_CTCCACACAAATTAGG","HSC_F12","C7"
"BC_CTCCACAGTTCGAAGG","HSC_F12","C6"
"BC_CTCCATGAGGCACTAG","HSC_F12","C6"
"BC_CTCCATGAGTAGGCCA","HSC_F12","C7"
"BC_CTCCATGCAAACGTGG","HSC_F12","C6"
"BC_CTCCATGCAAGACTGG","HSC_F12","C7"
"BC_CTCCATGGTAGCTGTT","HSC_F12","C6"
"BC_CTCCATGGTCACAATC","HSC_F12","C6"
"BC_CTCCATGGTCGAATTC","HSC_F12","C6"
"BC_CTCCCAACACTGGAAG","HSC_F12","C6"
"BC_CTCCCAACAGTCTGGC","HSC_F12","C6"
"BC_CTCCCAACATCGGAAG","HSC_F12","C5"
"BC_CTCCCAATCATGCCCT","HSC_F12","C6"
"BC_CTCCCTCAGGATCATA","HSC_F12","C6"
"BC_CTCCCTCAGTCTGCAT","HSC_F12","C6"
"BC_CTCCCTCCAAATAGCA","HSC_F12","C6"
"BC_CTCCCTCCAAGAGTTA","HSC_F12","C7"
"BC_CTCCCTCCAGACCTGC","HSC_F12","C6"
"BC_CTCCCTCGTAGGGAGG","HSC_F12","C7"
"BC_CTCCCTCGTTAAGACA","HSC_F12","C7"
"BC_CTCCGATCAATCGCCG","HSC_F12","C6"
"BC_CTCCTCCAGAAACACT","HSC_F12","C7"
"BC_CTCCTCCAGGACTATA","HSC_F12","C6"
"BC_CTCCTCCCAATGAACA","HSC_F12","C6"
"BC_CTCCTCCGTCCTGAAT","HSC_F12","C7"
"BC_CTCCTCCGTCGACTTA","HSC_F12","C5"
"BC_CTCCTTTGTAGCTGAG","HSC_F12","C6"
"BC_CTCCTTTGTCAGTCCG","HSC_F12","C6"
"BC_CTCCTTTGTTAGGCTT","HSC_F12","C7"
"BC_CTCGAGGAGCATGTTC","HSC_F12","C7"
"BC_CTCGAGGAGTAAGCAT","HSC_F12","C5"
"BC_CTCGAGGCAAGCGCTC","HSC_F12","C6"
"BC_CTCGAGGGTAGCGTCC","HSC_F12","C7"
"BC_CTCGAGGTCCAAGCAT","HSC_F12","C5"
"BC_CTCTCAGCATTGTCGA","HSC_F12","C5"
"BC_CTCTCAGGTAATTAGG","HSC_F12","C6"
"BC_CTCTCAGGTACCCACG","HSC_F12","C6"
"BC_CTCTCAGTCAACTGAC","HSC_F12","C7"
"BC_CTCTCAGTCCTTTGAT","HSC_F12","C7"
"BC_CTCTCGAAGTCGTTAC","HSC_F12","C7"
"BC_CTCTCGACAGTATGAA","HSC_F12","C6"
"BC_CTCTCGACAGTCGCAC","HSC_F12","C7"
"BC_CTCTCGACATGGTACT","HSC_F12","C7"
"BC_CTCTCGAGTTTCGACA","HSC_F12","C6"
"BC_CTCTCGATCTTAGCTT","HSC_F12","C6"
"BC_CTCTGGTAGCAGTCTT","HSC_F12","C5"
"BC_CTCTGGTCACAGTACT","HSC_F12","C6"
"BC_CTCTGGTCACCGTACG","HSC_F12","C6"
"BC_CTCTGGTGTCGTTGGC","HSC_F12","C6"
"BC_CTCTGGTTCCAAGCCG","HSC_F12","C6"
"BC_CTGAATGCACGCGCAT","HSC_F12","C7"
"BC_CTGAATGCAGTGCGCT","HSC_F12","C7"
"BC_CTGAATGTCTGACCCT","HSC_F12","C5"
"BC_CTGAGCGGTTGGCCTG","HSC_F12","C6"
"BC_CTGAGGCAGGGAGGCA","HSC_F12","C7"
"BC_CTGAGGCCATGTGTCA","HSC_F12","C7"
"BC_CTGAGGCTCCTTGACC","HSC_F12","C6"
"BC_CTGATCCAGCCGGAAT","HSC_F12","C5"
"BC_CTGATCCCAGTGCCTG","HSC_F12","C6"
"BC_CTGATCCCATCGAAGG","HSC_F12","C7"
"BC_CTGATCCTCTGAGGCC","HSC_F12","C6"
"BC_CTGCAGGAGCGCCGTT","HSC_F12","C5"
"BC_CTGCAGGCATCGAACT","HSC_F12","C6"
"BC_CTGCAGGGTTCAAGTC","HSC_F12","C6"
"BC_CTGCAGGGTTCCGTTC","HSC_F12","C6"
"BC_CTGCAGGTCAACCCGG","HSC_F12","C7"
"BC_CTGCAGGTCTTACACT","HSC_F12","C6"
"BC_CTGCATCGTCTTCAAG","HSC_F12","C7"
"BC_CTGCCATTCAAACCCA","HSC_F12","C7"
"BC_CTGCCTAAGGACTATA","HSC_F12","C7"
"BC_CTGCCTAAGTATCTGC","HSC_F12","C6"
"BC_CTGCCTACAGATCATC","HSC_F12","C5"
"BC_CTGCCTACAGGCGATA","HSC_F12","C5"
"BC_CTGCCTAGTAACATAG","HSC_F12","C6"
"BC_CTGCCTAGTCCATAGT","HSC_F12","C7"
"BC_CTGCCTATCGGCTGTG","HSC_F12","C6"
"BC_CTGCCTATCGTACCTC","HSC_F12","C6"
"BC_CTGCCTATCTTCGCTG","HSC_F12","C6"
"BC_CTGCGAGAGTACGTCT","HSC_F12","C6"
"BC_CTGCGAGCACGGGCTT","HSC_F12","C6"
"BC_CTGCGAGCATTCGATG","HSC_F12","C7"
"BC_CTGCGAGGTCAGGAGT","HSC_F12","C6"
"BC_CTGCGAGGTGGATCGA","HSC_F12","C5"
"BC_CTGCTCAAGAACAAGG","HSC_F12","C7"
"BC_CTGCTCACAAGGCCTC","HSC_F12","C6"
"BC_CTGCTCATCCTTCGAC","HSC_F12","C6"
"BC_CTGGACGAGCTACTGT","HSC_F12","C5"
"BC_CTGGACGAGGTCACAG","HSC_F12","C6"
"BC_CTGGACGAGGTCACTT","HSC_F12","C6"
"BC_CTGGACGCAACAGATA","HSC_F12","C6"
"BC_CTGGACGGTCGAATTC","HSC_F12","C6"
"BC_CTGGACGGTTCGAAGG","HSC_F12","C6"
"BC_CTGGACGGTTTGAAAG","HSC_F12","C6"
"BC_CTGGCAGAGGAGAGGC","HSC_F12","C7"
"BC_CTGGCAGAGGCACGAT","HSC_F12","C7"
"BC_CTGGCAGAGTGATTCC","HSC_F12","C6"
"BC_CTGGCAGCATAGAATG","HSC_F12","C6"
"BC_CTGGCAGCATCGATCA","HSC_F12","C5"
"BC_CTGGCAGTCGAGAGAC","HSC_F12","C6"
"BC_CTGGTCTGTCTAGATC","HSC_F12","C6"
"BC_CTGGTCTGTGGCACTC","HSC_F12","C7"
"BC_CTGGTCTTCCATAAGC","HSC_F12","C6"
"BC_CTGGTCTTCTCTCGAC","HSC_F12","C6"
"BC_CTGTACCCAATGTTGC","HSC_F12","C5"
"BC_CTGTACCGTTCGGGTC","HSC_F12","C6"
"BC_CTGTACCTCGCGATCG","HSC_F12","C7"
"BC_CTGTAGAAGAAGCGCT","HSC_F12","C5"
"BC_CTGTAGACAATAACGA","HSC_F12","C7"
"BC_CTGTAGACATAGCACT","HSC_F12","C6"
"BC_CTGTAGACATATGGCT","HSC_F12","C6"
"BC_CTGTATTAGACCAACG","HSC_F12","C6"
"BC_CTGTATTGTATTCCTT","HSC_F12","C6"
"BC_CTGTATTGTGATATAG","HSC_F12","C5"
"BC_CTGTATTGTTGCTGAT","HSC_F12","C6"
"BC_CTGTATTTCCTGTAAG","HSC_F12","C7"
"BC_CTGTATTTCGACGAGA","HSC_F12","C6"
"BC_CTGTCGTCATGGCACC","HSC_F12","C5"
"BC_CTGTCGTGTGTCGCTG","HSC_F12","C5"
"BC_CTGTCGTTCCGTATAG","HSC_F12","C5"
"BC_CTGTGAAGTACTTCCC","HSC_F12","C6"
"BC_CTGTGAAGTCGTCTCT","HSC_F12","C7"
"BC_CTGTGAATCCATTTGT","HSC_F12","C6"
"BC_CTGTGAATCCCAGGAC","HSC_F12","C6"
"BC_CTGTGAATCGTGACTA","HSC_F12","C6"
"BC_CTGTGGGGTGTGTACT","HSC_F12","C5"
"BC_CTGTGGGGTGTTAGCT","HSC_F12","C5"
"BC_CTTACCGAGTACGAGC","HSC_F12","C7"
"BC_CTTAGGAAGGTACAAT","HSC_F12","C5"
"BC_CTTAGGACAAGAAATC","HSC_F12","C6"
"BC_CTTAGGACAATACAGA","HSC_F12","C6"
"BC_CTTAGGACAGGTCCCA","HSC_F12","C7"
"BC_CTTAGGACATGACTCA","HSC_F12","C3"
"BC_CTTCAATCAGTCTTCC","HSC_F12","C5"
"BC_CTTCAATCATGAAAGT","HSC_F12","C6"
"BC_CTTCAATGTCTCAAGT","HSC_F12","C7"
"BC_CTTCAATGTGACTATC","HSC_F12","C5"
"BC_CTTCAATTCTCTTAAC","HSC_F12","C6"
"BC_CTTCCGAAGCATAGGC","HSC_F12","C7"
"BC_CTTCCGACATCGCCTT","HSC_F12","C5"
"BC_CTTCCGAGTACATTGC","HSC_F12","C7"
"BC_CTTCCGAGTATTTCTC","HSC_F12","C7"
"BC_CTTCCGAGTCGAATTC","HSC_F12","C6"
"BC_CTTCCGATCACCCTCA","HSC_F12","C6"
"BC_CTTCCGATCCAAGCTA","HSC_F12","C7"
"BC_CTTCCGATCCGTATGA","HSC_F12","C5"
"BC_CTTCCGATCTTCGACC","HSC_F12","C8"
"BC_CTTCCTTAGTATGCAA","HSC_F12","C7"
"BC_CTTCGGTCAACTGATC","HSC_F12","C7"
"BC_CTTCGGTCAGCACACC","HSC_F12","C5"
"BC_CTTCGGTTCGCTTGCT","HSC_F12","C7"
"BC_CTTCTAACATATACCG","HSC_F12","C7"
"BC_CTTCTAAGTCGAGCAA","HSC_F12","C5"
"BC_CTTCTCTCAGATACCT","HSC_F12","C6"
"BC_CTTCTCTGTATGCTTG","HSC_F12","C7"
"BC_CTTCTCTGTCCTCCAT","HSC_F12","C7"
"BC_CTTCTCTTCAGGAGAC","HSC_F12","C7"
"BC_CTTCTCTTCATTATCC","HSC_F12","C7"
"BC_CTTGAGACAGAGACTG","HSC_F12","C5"
"BC_CTTGAGACATTCGATG","HSC_F12","C5"
"BC_CTTGAGATCGCGTGCA","HSC_F12","C5"
"BC_CTTGATTGTACCTATG","HSC_F12","C5"
"BC_CTTGATTGTCAAAGTA","HSC_F12","C5"
"BC_CTTGATTTCATGGGAG","HSC_F12","C7"
"BC_CTTGATTTCCATTGCC","HSC_F12","C6"
"BC_CTTTCAAAGATTGGGC","HSC_F12","C5"
"BC_CTTTCAAAGTAGACCG","HSC_F12","C6"
"BC_CTTTCAAAGTCCGCCA","HSC_F12","C5"
"BC_CTTTCAACAAACTCGT","HSC_F12","C6"
"BC_CTTTCAACAATTGGTC","HSC_F12","C3"
"BC_CTTTCAACACACCTAA","HSC_F12","C6"
"BC_CTTTCAAGTGATAGTA","HSC_F12","C6"
"BC_CTTTCGGGTGTCCGTG","HSC_F12","C5"
"BC_CTTTCGGTCACGGGCT","HSC_F12","C6"
"BC_CTTTCGGTCGACGCGT","HSC_F12","C7"
"BC_GAAACCTAGCCATATC","HSC_F12","C6"
"BC_GAAACCTCAATTGAAG","HSC_F12","C7"
"BC_GAAACCTCAGAACCGA","HSC_F12","C6"
"BC_GAAATGAAGCCGTAAG","HSC_F12","C7"
"BC_GAAATGACATCGGTTA","HSC_F12","C7"
"BC_GAAATGAGTCCAAATC","HSC_F12","C7"
"BC_GAAATGAGTGCCTGAC","HSC_F12","C6"
"BC_GAACACTAGGCTAACG","HSC_F12","C7"
"BC_GAACACTCACCAGTTA","HSC_F12","C5"
"BC_GAACACTCATCATCCC","HSC_F12","C6"
"BC_GAACACTTCATCGTAG","HSC_F12","C5"
"BC_GAACACTTCGTCCATC","HSC_F12","C7"
"BC_GAACGTTAGGCTGAAC","HSC_F12","C7"
"BC_GAACGTTCAGTATACC","HSC_F12","C6"
"BC_GAACGTTGTTACCTTT","HSC_F12","C7"
"BC_GAACGTTTCTGCCCTA","HSC_F12","C5"
"BC_GAACTGTCACAGCCTG","HSC_F12","C6"
"BC_GAACTGTGTCATCACA","HSC_F12","C7"
"BC_GAACTGTTCTTTCCGG","HSC_F12","C7"
"BC_GAAGAATCAGAGAAAG","HSC_F12","C7"
"BC_GAAGAATCAGGCGAAT","HSC_F12","C6"
"BC_GAAGAATGTCTGATCA","HSC_F12","C6"
"BC_GAAGCCCAGCGTCTCG","HSC_F12","C5"
"BC_GAAGCCCCAGCTGCCA","HSC_F12","C5"
"BC_GAAGCCCGTTCGTACA","HSC_F12","C7"
"BC_GAAGCCCTCAGCCTCT","HSC_F12","C5"
"BC_GAAGCCCTCGGTGTAT","HSC_F12","C5"
"BC_GAAGCCCTCTCACTCG","HSC_F12","C7"
"BC_GAAGCGAGTGTATTCG","HSC_F12","C6"
"BC_GAAGCGATCGACACCG","HSC_F12","C7"
"BC_GAAGGACCAAGGTCTT","HSC_F12","C5"
"BC_GAAGGACGTGTCCTAA","HSC_F12","C6"
"BC_GAAGGACGTTCAGCTA","HSC_F12","C5"
"BC_GAAGGACTCGTTTACT","HSC_F12","C6"
"BC_GAAGGGTAGACAGTCG","HSC_F12","C6"
"BC_GAAGGGTAGCGAGGAG","HSC_F12","C7"
"BC_GAAGGGTCAAGTCCAT","HSC_F12","C6"
"BC_GAAGGGTCAGATCACT","HSC_F12","C7"
"BC_GAAGGGTCAGCCATTA","HSC_F12","C6"
"BC_GAAGGGTCATCGTTCC","HSC_F12","C6"
"BC_GAAGGGTGTCGTTTCC","HSC_F12","C7"
"BC_GAAGGGTTCCGTGTGG","HSC_F12","C6"
"BC_GAAGGGTTCCTACACC","HSC_F12","C7"
"BC_GAAGTAAAGAATACAC","HSC_F12","C6"
"BC_GAAGTAAAGCAACTCT","HSC_F12","C6"
"BC_GAAGTAACACGCTATA","HSC_F12","C7"
"BC_GAAGTAAGTCGGCTAC","HSC_F12","C7"
"BC_GAAGTAAGTCGTTGGC","HSC_F12","C7"
"BC_GAAGTAATCAACACCA","HSC_F12","C6"
"BC_GAATAGAAGGGAGATA","HSC_F12","C7"
"BC_GAATAGATCGTGGCGT","HSC_F12","C5"
"BC_GAATCACAGCCGTTGC","HSC_F12","C6"
"BC_GAATCACAGTCTGGTT","HSC_F12","C6"
"BC_GAATCACCACCTATCC","HSC_F12","C6"
"BC_GAATCACCAGTATGAA","HSC_F12","C7"
"BC_GAATCGTCAATCACGT","HSC_F12","C6"
"BC_GAATCGTCACAGTATC","HSC_F12","C5"
"BC_GAATCGTGTGATAGAT","HSC_F12","C6"
"BC_GACACGCGTGGGACAT","HSC_F12","C5"
"BC_GACACGCTCTACGGGC","HSC_F12","C6"
"BC_GACAGCCAGGTATTGA","HSC_F12","C7"
"BC_GACAGCCGTAGGTCAG","HSC_F12","C6"
"BC_GACATCAAGGGCAATC","HSC_F12","C5"
"BC_GACATCACACACGTGC","HSC_F12","C6"
"BC_GACATCAGTGGAGGTT","HSC_F12","C5"
"BC_GACCAATAGCGAGTCA","HSC_F12","C7"
"BC_GACCAATGTTCGAAGG","HSC_F12","C7"
"BC_GACCCAGCACTCCGGA","HSC_F12","C6"
"BC_GACCCAGGTAGATGTA","HSC_F12","C5"
"BC_GACCCAGGTGGCAACA","HSC_F12","C6"
"BC_GACCCTTCACTCAGAT","HSC_F12","C5"
"BC_GACCCTTTCACTAGCA","HSC_F12","C7"
"BC_GACCCTTTCGCCAACG","HSC_F12","C6"
"BC_GACCGTGTCGTTTACT","HSC_F12","C6"
"BC_GACCTTCAGCAGCGAT","HSC_F12","C6"
"BC_GACCTTCTCCAAGCAT","HSC_F12","C6"
"BC_GACGCTGAGAGGCTGT","HSC_F12","C7"
"BC_GACGCTGCAGTAGGAC","HSC_F12","C7"
"BC_GACGCTGGTGTCTTCC","HSC_F12","C5"
"BC_GACGTTACAAGCTGCC","HSC_F12","C7"
"BC_GACTATGCACGCGTCA","HSC_F12","C5"
"BC_GACTATGGTACCCACG","HSC_F12","C7"
"BC_GACTATGGTCACCGCA","HSC_F12","C7"
"BC_GACTATGGTCTAACGT","HSC_F12","C5"
"BC_GACTATGGTGGTTCTA","HSC_F12","C5"
"BC_GACTATGGTTCTGAGT","HSC_F12","C7"
"BC_GACTATGTCATACGGT","HSC_F12","C6"
"BC_GACTATGTCTGATTCT","HSC_F12","C7"
"BC_GACTCAACACTATCGA","HSC_F12","C6"
"BC_GACTCAACAGTGGCTC","HSC_F12","C6"
"BC_GACTCAATCCTGGGTG","HSC_F12","C7"
"BC_GACTCAATCTCTATAC","HSC_F12","C6"
"BC_GACTCTCGTCTTGAAC","HSC_F12","C5"
"BC_GACTGATAGCGAGTCA","HSC_F12","C3"
"BC_GACTGATAGTTGAATG","HSC_F12","C6"
"BC_GACTTCCCAATTCACG","HSC_F12","C5"
"BC_GACTTCCGTATCATGC","HSC_F12","C7"
"BC_GACTTCCGTCTGCAAT","HSC_F12","C7"
"BC_GACTTCCTCAAGAAAC","HSC_F12","C6"
"BC_GACTTCCTCACCGGTG","HSC_F12","C6"
"BC_GAGAAATGTACCTTCC","HSC_F12","C6"
"BC_GAGAAATGTTCTCACC","HSC_F12","C6"
"BC_GAGAAATTCCGTAGTA","HSC_F12","C7"
"BC_GAGAAATTCGTCTACC","HSC_F12","C6"
"BC_GAGACCCCAATCCTTT","HSC_F12","C6"
"BC_GAGACTTAGACCAGAC","HSC_F12","C7"
"BC_GAGACTTAGGCCATAG","HSC_F12","C7"
"BC_GAGACTTAGTAGCATA","HSC_F12","C7"
"BC_GAGACTTCACAACCGC","HSC_F12","C6"
"BC_GAGACTTCATTCCTCG","HSC_F12","C7"
"BC_GAGACTTTCCGTGGCA","HSC_F12","C7"
"BC_GAGAGGTCAAAGGATT","HSC_F12","C6"
"BC_GAGAGGTCACCCAATA","HSC_F12","C7"
"BC_GAGAGGTCACCCTGAG","HSC_F12","C7"
"BC_GAGAGGTCATTGTACG","HSC_F12","C7"
"BC_GAGAGGTTCAAGATAG","HSC_F12","C6"
"BC_GAGAGGTTCGAATCCA","HSC_F12","C7"
"BC_GAGAGGTTCGTTCTGC","HSC_F12","C6"
"BC_GAGATGGTCAAGGACG","HSC_F12","C6"
"BC_GAGCCTGAGCAGGCAT","HSC_F12","C7"
"BC_GAGCCTGCAATGAACA","HSC_F12","C6"
"BC_GAGCCTGCAGCCATTA","HSC_F12","C7"
"BC_GAGCCTGGTCACTACA","HSC_F12","C6"
"BC_GAGCCTGTCCGCACGA","HSC_F12","C6"
"BC_GAGCTGCAGAGCTGCA","HSC_F12","C5"
"BC_GAGCTGCTCCCTTCCC","HSC_F12","C6"
"BC_GAGGCAACATGCACTA","HSC_F12","C6"
"BC_GAGGCAAGTTTACGAC","HSC_F12","C6"
"BC_GAGGCCTAGTCGCCCA","HSC_F12","C5"
"BC_GAGGCCTCACAAGTTC","HSC_F12","C5"
"BC_GAGGCCTCAGTTGGTT","HSC_F12","C5"
"BC_GAGGCCTCATGAGATA","HSC_F12","C6"
"BC_GAGGCCTGTTAGGACG","HSC_F12","C6"
"BC_GAGGGATAGACCTCAT","HSC_F12","C6"
"BC_GAGGGATAGCGTATGG","HSC_F12","C6"
"BC_GAGGGATAGCGTTACT","HSC_F12","C6"
"BC_GAGGGATGTCGCTCGA","HSC_F12","C7"
"BC_GAGGGATGTCTATGAC","HSC_F12","C7"
"BC_GAGGGTAAGTAGAGTT","HSC_F12","C5"
"BC_GAGGGTAAGTCCTACA","HSC_F12","C6"
"BC_GAGGGTACATTGCCGG","HSC_F12","C6"
"BC_GAGGGTAGTCCTGGTG","HSC_F12","C6"
"BC_GAGGGTAGTTACCCTC","HSC_F12","C6"
"BC_GAGTCATCAAAGGATT","HSC_F12","C6"
"BC_GAGTCATGTATGGAGC","HSC_F12","C5"
"BC_GAGTCATGTTCCACGG","HSC_F12","C5"
"BC_GAGTCTAAGATACGAT","HSC_F12","C6"
"BC_GAGTCTACATCGGATT","HSC_F12","C5"
"BC_GAGTGAGAGTCTTGGT","HSC_F12","C6"
"BC_GAGTGTTAGTCTGGAG","HSC_F12","C6"
"BC_GAGTGTTCAACACTAC","HSC_F12","C6"
"BC_GAGTGTTTCGCCACTT","HSC_F12","C5"
"BC_GAGTTACCAATCTGCA","HSC_F12","C6"
"BC_GAGTTACCATCCTGTC","HSC_F12","C5"
"BC_GAGTTACCATGTGGTT","HSC_F12","C6"
"BC_GAGTTACGTCAGTTTG","HSC_F12","C5"
"BC_GAGTTGTAGGGCAATC","HSC_F12","C7"
"BC_GAGTTGTCAAGAAACT","HSC_F12","C6"
"BC_GAGTTGTTCAGCGCAC","HSC_F12","C7"
"BC_GAGTTGTTCGAACACT","HSC_F12","C5"
"BC_GAGTTTGCACCCTGAG","HSC_F12","C5"
"BC_GAGTTTGGTACCCACG","HSC_F12","C6"
"BC_GAGTTTGGTTATTCTC","HSC_F12","C6"
"BC_GATAGAACATACCAGT","HSC_F12","C6"
"BC_GATAGAAGTAGATCCT","HSC_F12","C5"
"BC_GATAGAATCACCGGTG","HSC_F12","C6"
"BC_GATAGCTAGCCATGCC","HSC_F12","C6"
"BC_GATAGCTCAATGCAGG","HSC_F12","C7"
"BC_GATAGCTGTCGTACTA","HSC_F12","C6"
"BC_GATAGCTGTGCCTGCA","HSC_F12","C5"
"BC_GATCACAGTGATGAAT","HSC_F12","C6"
"BC_GATCACATCATTCGTT","HSC_F12","C6"
"BC_GATCAGTAGAGTGTTA","HSC_F12","C7"
"BC_GATCAGTCAATACGAA","HSC_F12","C5"
"BC_GATCAGTCACAGTCGC","HSC_F12","C7"
"BC_GATCAGTGTTGTCAGT","HSC_F12","C5"
"BC_GATCAGTTCGCTTTAT","HSC_F12","C6"
"BC_GATCATGAGTATAACG","HSC_F12","C6"
"BC_GATCATGCAATCGTCA","HSC_F12","C5"
"BC_GATCATGCACCTCTAC","HSC_F12","C6"
"BC_GATCATGGTGTCTTCC","HSC_F12","C6"
"BC_GATCATGGTTCTCTCG","HSC_F12","C5"
"BC_GATCATGGTTGACTGT","HSC_F12","C6"
"BC_GATCATGTCCACACCT","HSC_F12","C6"
"BC_GATCATGTCCTTGAAG","HSC_F12","C6"
"BC_GATCCCTAGGGCCCTT","HSC_F12","C6"
"BC_GATCCCTCAACAAAGT","HSC_F12","C5"
"BC_GATCCCTCAAGAGGTC","HSC_F12","C7"
"BC_GATCCCTCAGAGGAAA","HSC_F12","C6"
"BC_GATCCCTCAGCGGTTC","HSC_F12","C6"
"BC_GATCCCTCATTGCTTT","HSC_F12","C6"
"BC_GATCGTAAGCATGGGT","HSC_F12","C7"
"BC_GATCGTACAGCACACC","HSC_F12","C6"
"BC_GATCGTACATTCATCT","HSC_F12","C6"
"BC_GATCGTAGTAGTCCTA","HSC_F12","C5"
"BC_GATCGTATCACAATGC","HSC_F12","C6"
"BC_GATCGTATCGTCACCT","HSC_F12","C7"
"BC_GATGACTGTGTGTGTT","HSC_F12","C7"
"BC_GATGACTGTTGTTGTG","HSC_F12","C6"
"BC_GATGAGGCAGCTTCGG","HSC_F12","C6"
"BC_GATGAGGTCGGTGAAG","HSC_F12","C6"
"BC_GATGATCAGATTGCGG","HSC_F12","C6"
"BC_GATGATCCACAATCTG","HSC_F12","C6"
"BC_GATGATCCATCGATGT","HSC_F12","C5"
"BC_GATGCTACATGAGGGT","HSC_F12","C5"
"BC_GATGGAGTCCCATACC","HSC_F12","C7"
"BC_GATGTTGAGCCAGAGT","HSC_F12","C3"
"BC_GATGTTGTCATTGCTT","HSC_F12","C6"
"BC_GATTCGAAGCATGATA","HSC_F12","C5"
"BC_GATTCGAAGTAAACAC","HSC_F12","C7"
"BC_GATTCGAGTATGAGAT","HSC_F12","C7"
"BC_GATTCGAGTCTGCGCA","HSC_F12","C6"
"BC_GATTCGATCAGGACGA","HSC_F12","C6"
"BC_GATTCTTAGAAAGTCT","HSC_F12","C7"
"BC_GATTCTTAGGAGTCTG","HSC_F12","C6"
"BC_GATTCTTCATCCTCAC","HSC_F12","C6"
"BC_GATTCTTGTCAGTCGC","HSC_F12","C7"
"BC_GATTGGTAGGGTTAGC","HSC_F12","C6"
"BC_GATTGGTTCGAAGTGG","HSC_F12","C6"
"BC_GATTTCTCACATGGTT","HSC_F12","C7"
"BC_GCAACATAGGCACGAT","HSC_F12","C6"
"BC_GCAACATAGTCGCTAT","HSC_F12","C6"
"BC_GCAACATCATATGGCT","HSC_F12","C7"
"BC_GCAACATGTAGAAACT","HSC_F12","C7"
"BC_GCAACCGAGGCAATGC","HSC_F12","C7"
"BC_GCACATAAGACGTCCC","HSC_F12","C5"
"BC_GCACATAGTCCAGCGT","HSC_F12","C7"
"BC_GCACATAGTGTGTGGA","HSC_F12","C6"
"BC_GCACATATCCATTCAT","HSC_F12","C6"
"BC_GCACATATCGATAACC","HSC_F12","C6"
"BC_GCACATATCTCTGAGA","HSC_F12","C6"
"BC_GCACGGTCAGAGGCAT","HSC_F12","C7"
"BC_GCACGGTTCCACCCTA","HSC_F12","C7"
"BC_GCACGTGTCGGACCAC","HSC_F12","C6"
"BC_GCACGTGTCGGTGCAC","HSC_F12","C5"
"BC_GCACTAACACGTGAGA","HSC_F12","C6"
"BC_GCACTAACAGTCAGAG","HSC_F12","C7"
"BC_GCACTAAGTAATTAGG","HSC_F12","C5"
"BC_GCACTAAGTCATAACC","HSC_F12","C5"
"BC_GCACTAAGTTCTCCTG","HSC_F12","C6"
"BC_GCACTAATCCCACAGG","HSC_F12","C7"
"BC_GCACTAATCGAAGCAG","HSC_F12","C5"
"BC_GCACTAATCGCCGATG","HSC_F12","C7"
"BC_GCAGCCAAGCATACTC","HSC_F12","C7"
"BC_GCAGCCAAGTCTTCCC","HSC_F12","C7"
"BC_GCAGCCATCCAGCACG","HSC_F12","C5"
"BC_GCAGCTGAGTTGGAGC","HSC_F12","C6"
"BC_GCAGCTGCATCAGCTA","HSC_F12","C7"
"BC_GCAGCTGGTGGTCCCA","HSC_F12","C6"
"BC_GCAGGCTAGATGAAGG","HSC_F12","C7"
"BC_GCAGGCTAGCTGTACT","HSC_F12","C6"
"BC_GCAGTTAAGGAACTCG","HSC_F12","C6"
"BC_GCAGTTACAATCTCTT","HSC_F12","C6"
"BC_GCAGTTACATGGCTAT","HSC_F12","C5"
"BC_GCATCGGCATCCAACA","HSC_F12","C6"
"BC_GCATCGGTCGTTCCTG","HSC_F12","C7"
"BC_GCATCTCAGACGATAT","HSC_F12","C5"
"BC_GCATCTCAGGCTCACC","HSC_F12","C6"
"BC_GCATCTCTCCCATTTA","HSC_F12","C5"
"BC_GCATCTCTCCGATCTC","HSC_F12","C5"
"BC_GCATCTCTCCGGTTCT","HSC_F12","C6"
"BC_GCATCTCTCGGCCTTT","HSC_F12","C6"
"BC_GCATGATTCCTTACCG","HSC_F12","C6"
"BC_GCATGATTCGAACCTA","HSC_F12","C6"
"BC_GCATTAGGTTTGCCGG","HSC_F12","C5"
"BC_GCCAACGAGGTAGATT","HSC_F12","C6"
"BC_GCCAACGCACTTGGGC","HSC_F12","C6"
"BC_GCCAACGTCCACGGAC","HSC_F12","C7"
"BC_GCCAGCAAGAATCGCG","HSC_F12","C7"
"BC_GCCAGCACACCCTTGT","HSC_F12","C6"
"BC_GCCAGCACAGCTTCCT","HSC_F12","C6"
"BC_GCCAGCAGTTAGAGTA","HSC_F12","C6"
"BC_GCCAGCATCAATCTCT","HSC_F12","C6"
"BC_GCCAGCATCTTCGTGC","HSC_F12","C7"
"BC_GCCAGGTGTTTCTATC","HSC_F12","C6"
"BC_GCCAGGTTCGCTACAA","HSC_F12","C6"
"BC_GCCAGTGCAACGTTAC","HSC_F12","C6"
"BC_GCCAGTGCACCAATTG","HSC_F12","C5"
"BC_GCCAGTGTCATGCCGG","HSC_F12","C7"
"BC_GCCAGTGTCGGACAAG","HSC_F12","C7"
"BC_GCCATGGAGAGTGGCT","HSC_F12","C6"
"BC_GCCATGGAGTGGCAGT","HSC_F12","C7"
"BC_GCCATGGCAGGCGATA","HSC_F12","C6"
"BC_GCCATGGGTACCTATG","HSC_F12","C6"
"BC_GCCATTCAGACGAGCT","HSC_F12","C7"
"BC_GCCATTCAGTGATAAC","HSC_F12","C7"
"BC_GCCATTCGTAGTTACC","HSC_F12","C7"
"BC_GCCATTCTCCATGAGT","HSC_F12","C6"
"BC_GCCCGAACAGCTGCCA","HSC_F12","C7"
"BC_GCCCGAAGTCGACTTA","HSC_F12","C6"
"BC_GCCCGAATCCAGGACC","HSC_F12","C7"
"BC_GCCGATGGTTGGAGAC","HSC_F12","C6"
"BC_GCCGATGTCGCTAATG","HSC_F12","C7"
"BC_GCCGATGTCTCCGATC","HSC_F12","C7"
"BC_GCCGTGAAGTGATAGT","HSC_F12","C5"
"BC_GCCGTGATCAGCCTTC","HSC_F12","C6"
"BC_GCCTGTTAGGAATGTT","HSC_F12","C5"
"BC_GCCTGTTAGTCATTGC","HSC_F12","C6"
"BC_GCCTGTTTCTCCAAGA","HSC_F12","C7"
"BC_GCGAGAAAGCACTAAA","HSC_F12","C7"
"BC_GCGAGAAAGTGCAGCA","HSC_F12","C7"
"BC_GCGAGAAAGTGGAATT","HSC_F12","C6"
"BC_GCGAGAACACGCGTGT","HSC_F12","C5"
"BC_GCGAGAACATAGCTGT","HSC_F12","C6"
"BC_GCGATCGCATATGGCT","HSC_F12","C5"
"BC_GCGATCGCATCGATAC","HSC_F12","C7"
"BC_GCGATCGTCCTTGAAG","HSC_F12","C7"
"BC_GCGGAAAAGAGCAGTC","HSC_F12","C7"
"BC_GCGGATCAGTCAGCCC","HSC_F12","C7"
"BC_GCGGATCGTATGAGGC","HSC_F12","C7"
"BC_GCGGATCGTCATCCGG","HSC_F12","C7"
"BC_GCGGATCTCTCAGAAC","HSC_F12","C6"
"BC_GCGTGCAAGACCATGG","HSC_F12","C6"
"BC_GCGTGCACAGTTAAAG","HSC_F12","C6"
"BC_GCGTGCACATATCTCT","HSC_F12","C5"
"BC_GCGTTTCAGCTTTCTT","HSC_F12","C7"
"BC_GCGTTTCCAAAGGCTG","HSC_F12","C5"
"BC_GCGTTTCCAATTCACG","HSC_F12","C5"
"BC_GCGTTTCGTCACAGTT","HSC_F12","C7"
"BC_GCTACAAAGGTCCCTG","HSC_F12","C7"
"BC_GCTACAAGTAATGTGA","HSC_F12","C5"
"BC_GCTACAAGTCACTACA","HSC_F12","C6"
"BC_GCTACAAGTCATACCA","HSC_F12","C5"
"BC_GCTACCTTCACTTATC","HSC_F12","C6"
"BC_GCTCAAAAGCTTCTAG","HSC_F12","C6"
"BC_GCTCAAACACTTGAAC","HSC_F12","C7"
"BC_GCTCAAAGTGGCTCTG","HSC_F12","C6"
"BC_GCTCAAATCGGTCATA","HSC_F12","C5"
"BC_GCTGAATCAAGAGTGC","HSC_F12","C5"
"BC_GCTGAATCATTGTCGA","HSC_F12","C7"
"BC_GCTGAATGTACTAGCT","HSC_F12","C7"
"BC_GCTGAATGTTCCACAA","HSC_F12","C6"
"BC_GCTGCAGTCGCTGTTC","HSC_F12","C6"
"BC_GCTGGGTAGCGAATGC","HSC_F12","C7"
"BC_GCTGGGTAGGAAACGA","HSC_F12","C7"
"BC_GCTTCACGTAGTCACT","HSC_F12","C5"
"BC_GCTTCACTCTGAATGC","HSC_F12","C7"
"BC_GCTTCACTCTGGTTGA","HSC_F12","C7"
"BC_GCTTGGGCATGACTGT","HSC_F12","C6"
"BC_GCTTGGGTCCATCTGC","HSC_F12","C6"
"BC_GCTTGGGTCCTCAGAA","HSC_F12","C7"
"BC_GCTTGGGTCGGCATAT","HSC_F12","C6"
"BC_GCTTTCGCAGTTCACA","HSC_F12","C6"
"BC_GCTTTCGTCCAAGCCG","HSC_F12","C6"
"BC_GCTTTCGTCTCTATAC","HSC_F12","C6"
"BC_GGAACCCAGATCACTC","HSC_F12","C5"
"BC_GGAACCCAGCATTTGC","HSC_F12","C6"
"BC_GGAACCCAGGAGGTTC","HSC_F12","C7"
"BC_GGAACCCGTAGCTGCC","HSC_F12","C6"
"BC_GGAACCCGTATAGGGC","HSC_F12","C7"
"BC_GGAACCCTCCACGGAC","HSC_F12","C6"
"BC_GGAACCCTCCATTCAT","HSC_F12","C6"
"BC_GGAACCCTCGTCGACG","HSC_F12","C7"
"BC_GGAACCCTCTCGTCGT","HSC_F12","C5"
"BC_GGAAGTGAGAACCCGA","HSC_F12","C6"
"BC_GGAAGTGCAACGCCCA","HSC_F12","C5"
"BC_GGAAGTGGTGTTATCG","HSC_F12","C6"
"BC_GGAATCTAGGAGGCAG","HSC_F12","C7"
"BC_GGAATCTTCCGGCTTT","HSC_F12","C7"
"BC_GGAATGGAGACTACGG","HSC_F12","C6"
"BC_GGAATGGTCACAAGAA","HSC_F12","C6"
"BC_GGACGTCAGTTTGGCT","HSC_F12","C5"
"BC_GGAGAACAGTCGAATA","HSC_F12","C7"
"BC_GGAGAACGTCGTATTG","HSC_F12","C6"
"BC_GGAGATGAGCGACATG","HSC_F12","C7"
"BC_GGAGATGCACGACGAA","HSC_F12","C7"
"BC_GGAGATGTCCGACGGT","HSC_F12","C7"
"BC_GGAGATGTCGTTGTTT","HSC_F12","C5"
"BC_GGAGCAAAGTAGTCCT","HSC_F12","C7"
"BC_GGAGCAAGTGGTGATG","HSC_F12","C7"
"BC_GGAGCAAGTTCGTTCC","HSC_F12","C7"
"BC_GGAGCAAGTTGCCGCA","HSC_F12","C6"
"BC_GGAGCAATCAGATTGC","HSC_F12","C6"
"BC_GGAGCAATCTGGAAGG","HSC_F12","C6"
"BC_GGAGGATTCCCTCTTT","HSC_F12","C7"
"BC_GGAGGTACACGTAGAG","HSC_F12","C6"
"BC_GGAGGTATCATGCCAA","HSC_F12","C5"
"BC_GGATCTAAGTGGACGT","HSC_F12","C7"
"BC_GGATCTATCCTACGGG","HSC_F12","C6"
"BC_GGATGTTAGTTGCCTA","HSC_F12","C7"
"BC_GGATGTTCACATGAAA","HSC_F12","C6"
"BC_GGATGTTGTATCGCTA","HSC_F12","C5"
"BC_GGATGTTTCGTGTGAT","HSC_F12","C7"
"BC_GGCACGTGTACAGAGC","HSC_F12","C5"
"BC_GGCAGTCAGCGTGTCC","HSC_F12","C6"
"BC_GGCAGTCCAACGATCT","HSC_F12","C6"
"BC_GGCAGTCTCCAGCTCT","HSC_F12","C6"
"BC_GGCGTCACACACCGCA","HSC_F12","C5"
"BC_GGCGTCACATCAGCGC","HSC_F12","C6"
"BC_GGCGTCACATCGGAAG","HSC_F12","C7"
"BC_GGCGTCAGTCATCGGC","HSC_F12","C5"
"BC_GGCTGTGAGCTTAAGA","HSC_F12","C5"
"BC_GGCTGTGAGTGGTTGG","HSC_F12","C6"
"BC_GGCTTGGAGAGCAAGA","HSC_F12","C7"
"BC_GGCTTGGAGCGACATG","HSC_F12","C6"
"BC_GGCTTGGGTGAACCGA","HSC_F12","C7"
"BC_GGCTTGGTCAAATAGG","HSC_F12","C7"
"BC_GGCTTGGTCCTACCGT","HSC_F12","C5"
"BC_GGCTTTCAGACTCTAC","HSC_F12","C6"
"BC_GGCTTTCCAGTGTACT","HSC_F12","C6"
"BC_GGCTTTCGTACTGACT","HSC_F12","C6"
"BC_GGCTTTCGTGCCCTTT","HSC_F12","C6"
"BC_GGCTTTCGTTAGAGAT","HSC_F12","C7"
"BC_GGCTTTCGTTATTCTC","HSC_F12","C6"
"BC_GGCTTTCGTTCTCCTG","HSC_F12","C7"
"BC_GGCTTTCTCTCACGAA","HSC_F12","C5"
"BC_GGGAAGTCAATCGCAT","HSC_F12","C6"
"BC_GGGAAGTCAGGGAGAG","HSC_F12","C7"
"BC_GGGAAGTGTACCAATC","HSC_F12","C6"
"BC_GGGAAGTGTATGGTTC","HSC_F12","C6"
"BC_GGGAAGTGTCTCGCGA","HSC_F12","C6"
"BC_GGGAAGTTCGACATAC","HSC_F12","C7"
"BC_GGGACAAAGCACTTTG","HSC_F12","C6"
"BC_GGGACAAAGTGTTGTC","HSC_F12","C5"
"BC_GGGACAACAAATACAG","HSC_F12","C5"
"BC_GGGACAACAAGCTACT","HSC_F12","C7"
"BC_GGGACAAGTGTGGACA","HSC_F12","C5"
"BC_GGGACCTAGTTCCAGT","HSC_F12","C7"
"BC_GGGACCTTCCATTGGA","HSC_F12","C7"
"BC_GGGACTCGTCACTTAG","HSC_F12","C7"
"BC_GGGACTCGTCGATGCC","HSC_F12","C6"
"BC_GGGACTCTCGGCTCTT","HSC_F12","C7"
"BC_GGGACTCTCTAACACG","HSC_F12","C6"
"BC_GGGACTCTCTACACAG","HSC_F12","C5"
"BC_GGGACTCTCTTCCGTG","HSC_F12","C7"
"BC_GGGAGATAGATGGGCT","HSC_F12","C5"
"BC_GGGAGATCAGGCTCTG","HSC_F12","C6"
"BC_GGGAGATCAGTGTATC","HSC_F12","C5"
"BC_GGGAGATGTTCTCGTC","HSC_F12","C6"
"BC_GGGAGTAGTCTGTAGT","HSC_F12","C6"
"BC_GGGAGTATCAGTGCGC","HSC_F12","C7"
"BC_GGGATCCAGCGGGTTA","HSC_F12","C7"
"BC_GGGATCCGTTTGGAAA","HSC_F12","C7"
"BC_GGGATGACAGTTCTAG","HSC_F12","C6"
"BC_GGGATGATCACCTACC","HSC_F12","C6"
"BC_GGGATGATCGTTTACT","HSC_F12","C6"
"BC_GGGCCATGTAACCAGG","HSC_F12","C6"
"BC_GGGCCATGTCACTCTC","HSC_F12","C7"
"BC_GGGCCATTCTCGGGAC","HSC_F12","C6"
"BC_GGGCGTTAGATTCGAA","HSC_F12","C7"
"BC_GGGCGTTAGGAAGTCC","HSC_F12","C7"
"BC_GGGCGTTAGTACCGGA","HSC_F12","C6"
"BC_GGGCGTTAGTCCTGTA","HSC_F12","C7"
"BC_GGGCGTTTCACCTTAT","HSC_F12","C6"
"BC_GGGCGTTTCCCGTGTT","HSC_F12","C6"
"BC_GGGCGTTTCGTGCTCT","HSC_F12","C5"
"BC_GGGCGTTTCTTGGATG","HSC_F12","C6"
"BC_GGGCTACAGACATATG","HSC_F12","C6"
"BC_GGGCTACAGCCGCTTG","HSC_F12","C6"
"BC_GGGCTACAGGATTTCC","HSC_F12","C5"
"BC_GGGCTACTCCTATTTG","HSC_F12","C6"
"BC_GGGCTACTCTTCTGGC","HSC_F12","C5"
"BC_GGGTAGACACGTCTCT","HSC_F12","C5"
"BC_GGGTAGACATCATGAC","HSC_F12","C5"
"BC_GGGTAGACATTGTAGC","HSC_F12","C5"
"BC_GGGTAGATCCACAGCG","HSC_F12","C5"
"BC_GGGTAGATCCGTGTGG","HSC_F12","C6"
"BC_GGGTATTGTTAGGAGC","HSC_F12","C6"
"BC_GGGTCACCACCTAAAC","HSC_F12","C5"
"BC_GGGTCACCATTGGGAG","HSC_F12","C6"
"BC_GGGTCACGTGACAACG","HSC_F12","C7"
"BC_GGGTCACTCTACGCAA","HSC_F12","C6"
"BC_GGGTCTGAGACGCATG","HSC_F12","C6"
"BC_GGGTCTGCACTACCGG","HSC_F12","C6"
"BC_GGGTCTGCATGCACTA","HSC_F12","C6"
"BC_GGGTCTGCATTGCCGG","HSC_F12","C7"
"BC_GGGTCTGGTTTCGACA","HSC_F12","C6"
"BC_GGGTCTGGTTTGAACC","HSC_F12","C6"
"BC_GGGTGAAAGAGATGCC","HSC_F12","C5"
"BC_GGGTGAACATGGGAAC","HSC_F12","C7"
"BC_GGGTGAAGTATGCGGA","HSC_F12","C6"
"BC_GGGTGAATCGAAGCCC","HSC_F12","C6"
"BC_GGGTGTCAGGAGTCTG","HSC_F12","C6"
"BC_GGGTGTCCAAAGGTTA","HSC_F12","C5"
"BC_GGGTGTCCAATCACGT","HSC_F12","C7"
"BC_GGGTGTCCACGGGCTT","HSC_F12","C6"
"BC_GGGTGTCGTCGTATGT","HSC_F12","C6"
"BC_GGGTGTCGTGGTCCCA","HSC_F12","C7"
"BC_GGGTGTCTCCACGGGT","HSC_F12","C7"
"BC_GGGTTATCATTCCTAT","HSC_F12","C5"
"BC_GGGTTATGTGACGTCC","HSC_F12","C6"
"BC_GGGTTTAGTTCGTTCC","HSC_F12","C6"
"BC_GGTAACTCAACCTATG","HSC_F12","C5"
"BC_GGTAATCAGCATAGGC","HSC_F12","C6"
"BC_GGTAGAGCAACAGCCC","HSC_F12","C6"
"BC_GGTAGAGGTCAGTCTA","HSC_F12","C6"
"BC_GGTAGAGGTCGCTTAA","HSC_F12","C5"
"BC_GGTAGAGGTCGTCTCT","HSC_F12","C6"
"BC_GGTAGAGGTGAACGGT","HSC_F12","C6"
"BC_GGTAGAGGTGGCCACT","HSC_F12","C7"
"BC_GGTCACGAGACCATAA","HSC_F12","C5"
"BC_GGTCACGAGTATTCCG","HSC_F12","C6"
"BC_GGTCTGGCAATCGTCA","HSC_F12","C6"
"BC_GGTCTGGCAGTCTACA","HSC_F12","C6"
"BC_GGTCTGGTCGGAATGG","HSC_F12","C7"
"BC_GGTCTGGTCTGCCTCA","HSC_F12","C7"
"BC_GGTCTGGTCTTAGTTC","HSC_F12","C6"
"BC_GGTGAAGCACATGGTT","HSC_F12","C7"
"BC_GGTGAAGCAGAACCGA","HSC_F12","C7"
"BC_GGTGAAGTCTGAATCG","HSC_F12","C7"
"BC_GGTGATTAGGCCTAGA","HSC_F12","C6"
"BC_GGTGATTAGGCGATAC","HSC_F12","C7"
"BC_GGTGATTCACAACATC","HSC_F12","C7"
"BC_GGTGATTCATTCTCCG","HSC_F12","C6"
"BC_GGTGATTGTCGCTTGG","HSC_F12","C6"
"BC_GGTGGCTAGAACCCGA","HSC_F12","C5"
"BC_GGTGGCTAGCGTACAG","HSC_F12","C6"
"BC_GGTGGCTCATTGCTGA","HSC_F12","C7"
"BC_GGTGGCTGTGGTCTGC","HSC_F12","C5"
"BC_GGTGGCTTCGCTCTAC","HSC_F12","C5"
"BC_GGTGTCGCAAGTTCGT","HSC_F12","C6"
"BC_GGTGTCGGTTGGACCC","HSC_F12","C6"
"BC_GGTGTCGGTTGGGTTT","HSC_F12","C5"
"BC_GGTGTTAAGCGTATGG","HSC_F12","C7"
"BC_GGTGTTACACAGTATC","HSC_F12","C6"
"BC_GGTGTTATCAAACGAA","HSC_F12","C5"
"BC_GGTGTTATCACAGAGG","HSC_F12","C7"
"BC_GGTTAACAGTTCCAGT","HSC_F12","C7"
"BC_GGTTAACCAACACAGG","HSC_F12","C7"
"BC_GGTTAACTCACCATAG","HSC_F12","C6"
"BC_GGTTCTCCAAACTGCT","HSC_F12","C5"
"BC_GGTTCTCCATCAGCTA","HSC_F12","C7"
"BC_GGTTCTCGTCAGACGA","HSC_F12","C7"
"BC_GGTTCTCGTCAGGCAA","HSC_F12","C7"
"BC_GGTTGTACAAGGTACG","HSC_F12","C6"
"BC_GGTTGTACACGGTGTC","HSC_F12","C6"
"BC_GGTTGTACAGCGTATT","HSC_F12","C6"
"BC_GGTTGTACAGGAGACT","HSC_F12","C6"
"BC_GGTTGTATCTAGAGCT","HSC_F12","C7"
"BC_GTAACACCAGGTCAAG","HSC_F12","C5"
"BC_GTAACACCATCATCCC","HSC_F12","C6"
"BC_GTAACACTCAGTCACA","HSC_F12","C5"
"BC_GTAACACTCTGGACCG","HSC_F12","C6"
"BC_GTAACCACAACTGCCG","HSC_F12","C7"
"BC_GTAACCACAGGTCAGA","HSC_F12","C7"
"BC_GTAACCAGTACCAGAG","HSC_F12","C6"
"BC_GTAACCATCCGCGAGT","HSC_F12","C7"
"BC_GTAACCATCCTTCGAC","HSC_F12","C7"
"BC_GTAACCATCGCTGTCT","HSC_F12","C6"
"BC_GTAACCATCTGCCTGT","HSC_F12","C6"
"BC_GTAAGTCCAGACCCGT","HSC_F12","C6"
"BC_GTAAGTCGTACTGAGG","HSC_F12","C6"
"BC_GTAAGTCTCCCTCGTA","HSC_F12","C6"
"BC_GTAATCGGTTCGTAAC","HSC_F12","C6"
"BC_GTAATCGTCTTGAGCA","HSC_F12","C6"
"BC_GTAATGCAGCAATAAC","HSC_F12","C7"
"BC_GTAATGCAGGATACCG","HSC_F12","C7"
"BC_GTAATGCAGTAATCCC","HSC_F12","C6"
"BC_GTAATGCAGTCATGGG","HSC_F12","C6"
"BC_GTAATGCCAATACGAA","HSC_F12","C5"
"BC_GTAATGCGTGCTGCAC","HSC_F12","C6"
"BC_GTAATGCGTTCCGGTG","HSC_F12","C5"
"BC_GTACAACAGTATCCTG","HSC_F12","C7"
"BC_GTACAACAGTTACGGG","HSC_F12","C7"
"BC_GTACAACCAAAGACTA","HSC_F12","C6"
"BC_GTACAACCACAAGTTC","HSC_F12","C7"
"BC_GTACAACGTCCACAGC","HSC_F12","C7"
"BC_GTACAACGTTCCGGTG","HSC_F12","C5"
"BC_GTACAACTCAGAGCGA","HSC_F12","C7"
"BC_GTACAACTCCAGTACA","HSC_F12","C7"
"BC_GTACAACTCTGAGGCC","HSC_F12","C6"
"BC_GTACAGTAGAACGTGC","HSC_F12","C7"
"BC_GTACAGTAGGACTAAT","HSC_F12","C7"
"BC_GTACAGTCACCTATCC","HSC_F12","C6"
"BC_GTACAGTCAGCTACAT","HSC_F12","C6"
"BC_GTACAGTCATTCAGGT","HSC_F12","C5"
"BC_GTACAGTGTGGTCCGT","HSC_F12","C5"
"BC_GTACAGTTCCACATAG","HSC_F12","C6"
"BC_GTAGAAACAGGTATGG","HSC_F12","C7"
"BC_GTAGAAACATGTGTCA","HSC_F12","C7"
"BC_GTAGAGGCAGGCGATA","HSC_F12","C7"
"BC_GTAGAGGGTCAGTCGC","HSC_F12","C7"
"BC_GTAGAGGGTGTGTCGC","HSC_F12","C6"
"BC_GTAGATCAGTTGCTCA","HSC_F12","C5"
"BC_GTAGATCCACAGAAGC","HSC_F12","C7"
"BC_GTAGCTAAGAAATTGC","HSC_F12","C6"
"BC_GTAGCTAAGATGTTAG","HSC_F12","C5"
"BC_GTAGCTACAATCAAGA","HSC_F12","C7"
"BC_GTAGCTACATACGCAT","HSC_F12","C5"
"BC_GTAGCTACATGTGACT","HSC_F12","C7"
"BC_GTAGCTAGTTGGCCTG","HSC_F12","C6"
"BC_GTAGCTATCACGTAGT","HSC_F12","C5"
"BC_GTAGCTATCGCATAGT","HSC_F12","C6"
"BC_GTAGGAGAGTTGAATG","HSC_F12","C6"
"BC_GTAGGAGCAATAGTAG","HSC_F12","C7"
"BC_GTAGGAGCAGTCTCTC","HSC_F12","C6"
"BC_GTAGGAGTCGCTTGCT","HSC_F12","C7"
"BC_GTAGGAGTCTACCTTA","HSC_F12","C5"
"BC_GTAGGAGTCTCGCAGG","HSC_F12","C5"
"BC_GTAGGTTAGTGCGCTC","HSC_F12","C6"
"BC_GTAGTACCAAGTCCAT","HSC_F12","C5"
"BC_GTAGTACGTACGAGTG","HSC_F12","C6"
"BC_GTAGTACTCCACGTAA","HSC_F12","C6"
"BC_GTAGTACTCGTCCTTG","HSC_F12","C7"
"BC_GTATTGGAGTTTGAGA","HSC_F12","C6"
"BC_GTATTGGCAGCACAGA","HSC_F12","C5"
"BC_GTATTGGTCGCCTATC","HSC_F12","C6"
"BC_GTATTTCGTAGCTAAA","HSC_F12","C6"
"BC_GTATTTCGTGGATCGA","HSC_F12","C5"
"BC_GTATTTCTCCACACAA","HSC_F12","C5"
"BC_GTATTTCTCGCAGAGA","HSC_F12","C6"
"BC_GTATTTCTCGGTATGT","HSC_F12","C5"
"BC_GTCAAACAGTCTTCGA","HSC_F12","C6"
"BC_GTCAAACCACCCTTAC","HSC_F12","C6"
"BC_GTCAAACCACTGTGAT","HSC_F12","C7"
"BC_GTCAAACCATTACTCT","HSC_F12","C6"
"BC_GTCAAACTCCTGGGTG","HSC_F12","C6"
"BC_GTCAAGTAGGGCCTCT","HSC_F12","C5"
"BC_GTCAAGTCAATGTCAC","HSC_F12","C6"
"BC_GTCAAGTGTAGGAAAG","HSC_F12","C7"
"BC_GTCACGGAGGGTTAAT","HSC_F12","C7"
"BC_GTCACGGGTAGGTGCA","HSC_F12","C7"
"BC_GTCACGGGTATTGGCT","HSC_F12","C6"
"BC_GTCACGGGTGTTCATG","HSC_F12","C5"
"BC_GTCACGGTCGACCCAG","HSC_F12","C6"
"BC_GTCACTCAGCAGCACA","HSC_F12","C5"
"BC_GTCACTCAGCTACAAA","HSC_F12","C7"
"BC_GTCACTCCACTTCCTG","HSC_F12","C7"
"BC_GTCACTCCAGCGACAA","HSC_F12","C6"
"BC_GTCACTCGTCGGTGTC","HSC_F12","C7"
"BC_GTCACTCGTGACAACG","HSC_F12","C6"
"BC_GTCACTCGTTATAGCC","HSC_F12","C7"
"BC_GTCACTCTCAGACCCG","HSC_F12","C6"
"BC_GTCACTCTCTTACACT","HSC_F12","C6"
"BC_GTCAGCGGTACTGGGA","HSC_F12","C7"
"BC_GTCAGCGGTGCGTCGT","HSC_F12","C6"
"BC_GTCAGCGTCCCTGTTG","HSC_F12","C7"
"BC_GTCATCCAGCTCGTGC","HSC_F12","C6"
"BC_GTCATCCAGTCTGCAT","HSC_F12","C5"
"BC_GTCATCCCAGGAATAT","HSC_F12","C6"
"BC_GTCATCCCATGAGGGT","HSC_F12","C5"
"BC_GTCATCCTCGTGGAAG","HSC_F12","C5"
"BC_GTCATGAAGCTACAAA","HSC_F12","C7"
"BC_GTCATGAAGTTACTCG","HSC_F12","C6"
"BC_GTCATGAGTCTGTTAG","HSC_F12","C6"
"BC_GTCATGAGTGAGACCA","HSC_F12","C7"
"BC_GTCATTTTCAGTGATC","HSC_F12","C7"
"BC_GTCATTTTCGTTGCCT","HSC_F12","C7"
"BC_GTCATTTTCTTAGTTC","HSC_F12","C7"
"BC_GTCCACTCAGTGACCC","HSC_F12","C6"
"BC_GTCCACTGTTCTCACC","HSC_F12","C5"
"BC_GTCCACTTCGTAGTCA","HSC_F12","C6"
"BC_GTCCCATAGCAGCACA","HSC_F12","C7"
"BC_GTCCCATCAAGTGCTT","HSC_F12","C7"
"BC_GTCCCATGTACTTCCC","HSC_F12","C7"
"BC_GTCCTCACAAGTGGTG","HSC_F12","C7"
"BC_GTCCTCACACCAGACC","HSC_F12","C6"
"BC_GTCCTCACAGTGCCTG","HSC_F12","C5"
"BC_GTCCTCATCTAATTCC","HSC_F12","C6"
"BC_GTCGAATAGCGTGAAC","HSC_F12","C7"
"BC_GTCGAATAGGGTACAC","HSC_F12","C5"
"BC_GTCGAATTCAACACGT","HSC_F12","C6"
"BC_GTCGAATTCATGGGAG","HSC_F12","C6"
"BC_GTCGAATTCCTGGGAC","HSC_F12","C7"
"BC_GTCGCGAAGCGGGTAT","HSC_F12","C6"
"BC_GTCGCGACACTTGTCC","HSC_F12","C6"
"BC_GTCGCGACAGCCGTCA","HSC_F12","C6"
"BC_GTCGCGACATCCGGTG","HSC_F12","C7"
"BC_GTCGCGATCACGGACC","HSC_F12","C7"
"BC_GTCGCGATCGACCACG","HSC_F12","C5"
"BC_GTCGTAACACTGGCCA","HSC_F12","C6"
"BC_GTCGTAAGTATCATGC","HSC_F12","C6"
"BC_GTCGTAATCCGAACGC","HSC_F12","C7"
"BC_GTCGTTCGTCAGGAGT","HSC_F12","C5"
"BC_GTCGTTCGTTGGTACT","HSC_F12","C6"
"BC_GTCGTTCGTTGTTGTG","HSC_F12","C7"
"BC_GTCGTTCGTTTCGGCG","HSC_F12","C7"
"BC_GTCTACCGTTGACTAC","HSC_F12","C6"
"BC_GTCTACCTCGAATCCA","HSC_F12","C7"
"BC_GTCTAGAAGACATCAA","HSC_F12","C7"
"BC_GTCTAGAAGGGTGAGG","HSC_F12","C5"
"BC_GTCTAGATCGGCAGTC","HSC_F12","C6"
"BC_GTCTCACAGGCTAGCA","HSC_F12","C6"
"BC_GTCTCACCAAGAGGTC","HSC_F12","C6"
"BC_GTCTCACCAGTCGCAC","HSC_F12","C7"
"BC_GTCTCACCATGGCTAT","HSC_F12","C6"
"BC_GTCTGTCAGTAGTCTC","HSC_F12","C6"
"BC_GTCTGTCCAACGAGGT","HSC_F12","C6"
"BC_GTCTGTCCATGACTAC","HSC_F12","C6"
"BC_GTCTGTCGTATATGGA","HSC_F12","C6"
"BC_GTCTGTCGTCACTAGT","HSC_F12","C6"
"BC_GTCTGTCGTTGGGACA","HSC_F12","C5"
"BC_GTCTGTCTCATGTCTT","HSC_F12","C5"
"BC_GTCTGTCTCCGGCAGT","HSC_F12","C6"
"BC_GTCTGTCTCTGGAAGG","HSC_F12","C6"
"BC_GTCTTTAAGGTGCAGT","HSC_F12","C7"
"BC_GTCTTTACATAAGATG","HSC_F12","C5"
"BC_GTGACGCCACCCTGTT","HSC_F12","C5"
"BC_GTGACGCCACGCAAAG","HSC_F12","C6"
"BC_GTGACGCTCCACGTAA","HSC_F12","C6"
"BC_GTGACGCTCGTCGATA","HSC_F12","C6"
"BC_GTGAGCCCAAGGCCTC","HSC_F12","C6"
"BC_GTGAGGAAGTCGTTAC","HSC_F12","C6"
"BC_GTGAGGACAATTTCCT","HSC_F12","C6"
"BC_GTGAGGAGTCTTTATC","HSC_F12","C7"
"BC_GTGAGGATCTTGGGCG","HSC_F12","C6"
"BC_GTGAGTTAGGGAACAA","HSC_F12","C6"
"BC_GTGAGTTCATGCCGGT","HSC_F12","C6"
"BC_GTGAGTTTCCATACAG","HSC_F12","C5"
"BC_GTGAGTTTCCCTTCCC","HSC_F12","C7"
"BC_GTGATGTAGGATTACA","HSC_F12","C7"
"BC_GTGATGTGTCATAACC","HSC_F12","C7"
"BC_GTGATGTTCAGGGTAG","HSC_F12","C5"
"BC_GTGATGTTCTACCTTA","HSC_F12","C6"
"BC_GTGCACGCAATTTCCT","HSC_F12","C6"
"BC_GTGCACGGTCCACATA","HSC_F12","C6"
"BC_GTGCACGTCATCTACT","HSC_F12","C7"
"BC_GTGCACGTCCACTAGA","HSC_F12","C5"
"BC_GTGCACGTCCTCAGGG","HSC_F12","C5"
"BC_GTGCAGCAGCCGCACT","HSC_F12","C7"
"BC_GTGCAGCGTAGACGTG","HSC_F12","C7"
"BC_GTGCAGCGTGACATCT","HSC_F12","C5"
"BC_GTGCAGCGTTGAATCC","HSC_F12","C6"
"BC_GTGCAGCTCCTCCACA","HSC_F12","C6"
"BC_GTGCAGCTCTGGGCGT","HSC_F12","C6"
"BC_GTGCGTGAGGAGTACC","HSC_F12","C7"
"BC_GTGCGTGAGTTGTCGT","HSC_F12","C6"
"BC_GTGCGTGTCGACGACC","HSC_F12","C5"
"BC_GTGCGTGTCGTTGTAG","HSC_F12","C6"
"BC_GTGCTGGAGCGAATGC","HSC_F12","C6"
"BC_GTGCTGGAGCTTTGTG","HSC_F12","C7"
"BC_GTGCTGGGTCTCTCTG","HSC_F12","C6"
"BC_GTGCTGGGTGATAGAT","HSC_F12","C6"
"BC_GTGCTTCAGATACATG","HSC_F12","C7"
"BC_GTGCTTCCAAGATGTA","HSC_F12","C6"
"BC_GTGCTTCCAGCAAGAC","HSC_F12","C6"
"BC_GTGCTTCTCCACGAAT","HSC_F12","C5"
"BC_GTGGAAGCAGGCAATG","HSC_F12","C6"
"BC_GTGGAGAAGGGATCAC","HSC_F12","C6"
"BC_GTGGAGAAGTCAGCCC","HSC_F12","C6"
"BC_GTGGAGAGTACCGGAA","HSC_F12","C5"
"BC_GTGGCGTGTCCACTCT","HSC_F12","C5"
"BC_GTGGGAAAGTTGGCTT","HSC_F12","C6"
"BC_GTGGGAAGTCGTACAT","HSC_F12","C5"
"BC_GTGGGAATCCATCAGA","HSC_F12","C7"
"BC_GTGGGAATCCCTTGGT","HSC_F12","C6"
"BC_GTGGTTAAGGTCATTC","HSC_F12","C7"
"BC_GTGGTTAAGTAATACG","HSC_F12","C6"
"BC_GTGGTTACAAAGCACG","HSC_F12","C6"
"BC_GTGGTTACAATAGAGT","HSC_F12","C6"
"BC_GTGTAACGTTCCGCAG","HSC_F12","C6"
"BC_GTGTCCTAGAATAACC","HSC_F12","C5"
"BC_GTGTCCTAGAGATCGC","HSC_F12","C5"
"BC_GTGTCCTAGCTGAGTG","HSC_F12","C6"
"BC_GTGTCCTCAGACAAGC","HSC_F12","C6"
"BC_GTGTCCTCAGGCTATT","HSC_F12","C5"
"BC_GTGTCCTGTGAGCAGT","HSC_F12","C5"
"BC_GTGTCCTTCGTCGGGT","HSC_F12","C7"
"BC_GTGTCCTTCGTTCCCA","HSC_F12","C5"
"BC_GTGTGATAGAGGTGCT","HSC_F12","C5"
"BC_GTGTGATAGCAAATGT","HSC_F12","C7"
"BC_GTGTGATAGTCGGCAA","HSC_F12","C6"
"BC_GTGTGATCAATTGAGA","HSC_F12","C7"
"BC_GTGTGATCAGGATTCT","HSC_F12","C6"
"BC_GTGTGGCCACCGTGCA","HSC_F12","C5"
"BC_GTGTGGCCACTGGACC","HSC_F12","C6"
"BC_GTGTTAGAGACCACGA","HSC_F12","C6"
"BC_GTGTTAGAGACCTTTG","HSC_F12","C7"
"BC_GTGTTAGAGTCGAAGC","HSC_F12","C7"
"BC_GTGTTAGGTATGTCTG","HSC_F12","C1"
"BC_GTGTTAGGTCCGCAGT","HSC_F12","C7"
"BC_GTGTTAGGTTTGACAC","HSC_F12","C6"
"BC_GTGTTAGTCATTACGG","HSC_F12","C6"
"BC_GTGTTAGTCCTCGCAT","HSC_F12","C7"
"BC_GTGTTAGTCGACATTG","HSC_F12","C6"
"BC_GTGTTCCAGAGTGTGC","HSC_F12","C6"
"BC_GTGTTCCGTCAAAGTA","HSC_F12","C6"
"BC_GTTACAGAGCTCCCTT","HSC_F12","C5"
"BC_GTTACAGAGTCACGCC","HSC_F12","C6"
"BC_GTTACAGAGTTTCGAC","HSC_F12","C6"
"BC_GTTACAGCAGTCGCAC","HSC_F12","C6"
"BC_GTTACAGGTTCTTGTT","HSC_F12","C6"
"BC_GTTACAGTCCTACAAG","HSC_F12","C5"
"BC_GTTACCCAGAAGCTGC","HSC_F12","C6"
"BC_GTTACCCCAAGCAATA","HSC_F12","C6"
"BC_GTTACCCCATCTTAGG","HSC_F12","C6"
"BC_GTTACCCGTTGCCGCA","HSC_F12","C5"
"BC_GTTACCCTCGAAGCAG","HSC_F12","C7"
"BC_GTTACCCTCGTCGCTT","HSC_F12","C6"
"BC_GTTACGAAGTGATAGT","HSC_F12","C7"
"BC_GTTACGAAGTGGATAT","HSC_F12","C7"
"BC_GTTACGACACTGGATT","HSC_F12","C7"
"BC_GTTACGACATCCTATT","HSC_F12","C6"
"BC_GTTACGACATCTGGGC","HSC_F12","C6"
"BC_GTTACGATCCTGCTAC","HSC_F12","C5"
"BC_GTTAGACAGGAAGTGA","HSC_F12","C6"
"BC_GTTAGACCACGGCTAC","HSC_F12","C7"
"BC_GTTAGACCAGGCCCTA","HSC_F12","C7"
"BC_GTTAGACGTGCGTGCT","HSC_F12","C7"
"BC_GTTAGACTCACTACTT","HSC_F12","C6"
"BC_GTTAGACTCCCATGGG","HSC_F12","C6"
"BC_GTTAGTGAGATAACAC","HSC_F12","C7"
"BC_GTTAGTGCACGCGGTT","HSC_F12","C6"
"BC_GTTATGGAGAGAAGGT","HSC_F12","C6"
"BC_GTTATGGAGGTACTGG","HSC_F12","C6"
"BC_GTTATGGAGTAACGAT","HSC_F12","C6"
"BC_GTTATGGAGTAACGTA","HSC_F12","C7"
"BC_GTTATGGCACGTACTA","HSC_F12","C5"
"BC_GTTATGGCAGGAGGAG","HSC_F12","C5"
"BC_GTTATGGGTCCGTTTC","HSC_F12","C7"
"BC_GTTATGGGTTCCGTTC","HSC_F12","C6"
"BC_GTTATGGTCAAAGAAC","HSC_F12","C5"
"BC_GTTCATTGTCCAGTTA","HSC_F12","C5"
"BC_GTTCATTGTCTCCCTA","HSC_F12","C5"
"BC_GTTCATTTCAACTCTT","HSC_F12","C6"
"BC_GTTCCGTAGTTCCTGA","HSC_F12","C6"
"BC_GTTCCGTCAAAGGGCT","HSC_F12","C7"
"BC_GTTCCGTCAATTCTCT","HSC_F12","C7"
"BC_GTTCCGTGTCATCCCT","HSC_F12","C6"
"BC_GTTCCGTGTGCCTGCA","HSC_F12","C5"
"BC_GTTCCGTTCGCCAATA","HSC_F12","C7"
"BC_GTTCGCTAGTCGAAAT","HSC_F12","C6"
"BC_GTTCGCTGTAATGATG","HSC_F12","C6"
"BC_GTTCGCTGTACGCGTC","HSC_F12","C6"
"BC_GTTCGCTGTTACAGCT","HSC_F12","C6"
"BC_GTTCGCTTCCATATGG","HSC_F12","C5"
"BC_GTTCGCTTCCGATTAG","HSC_F12","C6"
"BC_GTTCGCTTCCGGTAAT","HSC_F12","C6"
"BC_GTTCTATCACAAATCC","HSC_F12","C6"
"BC_GTTCTATGTGCCTACG","HSC_F12","C5"
"BC_GTTCTATGTGCGTGCT","HSC_F12","C5"
"BC_GTTGAACAGGAATGTT","HSC_F12","C7"
"BC_GTTGAACGTACACGTT","HSC_F12","C6"
"BC_GTTGAACGTGTGTGGA","HSC_F12","C5"
"BC_GTTGAACTCTCCGTGT","HSC_F12","C7"
"BC_GTTGAACTCTTACGGA","HSC_F12","C6"
"BC_GTTGCGGAGTAGCATA","HSC_F12","C7"
"BC_GTTGCGGAGTAGTCCT","HSC_F12","C6"
"BC_GTTGCGGCAAGCTCTA","HSC_F12","C6"
"BC_GTTGCGGTCCAAGCTA","HSC_F12","C7"
"BC_GTTGCTCAGATGTTGA","HSC_F12","C6"
"BC_GTTGCTCAGTAATCCC","HSC_F12","C7"
"BC_GTTGCTCGTAACCCTA","HSC_F12","C6"
"BC_GTTGCTCGTGGACTGA","HSC_F12","C5"
"BC_GTTGCTCTCCCAGGAC","HSC_F12","C6"
"BC_GTTGTAGAGCACTCGC","HSC_F12","C6"
"BC_GTTGTAGCAGAGAATT","HSC_F12","C7"
"BC_GTTGTAGCATCCGTGG","HSC_F12","C8"
"BC_GTTGTCCGTATCCCTC","HSC_F12","C6"
"BC_GTTGTCCGTTGTGTTG","HSC_F12","C6"
"BC_GTTGTCCTCCCTATTA","HSC_F12","C6"
"BC_GTTGTCCTCTGCCTGT","HSC_F12","C6"
"BC_GTTGTGAAGGGTTAGC","HSC_F12","C7"
"BC_GTTGTGAAGGTGCCTC","HSC_F12","C6"
"BC_GTTGTGAAGTCTGGAG","HSC_F12","C5"
"BC_GTTGTGACAGTATACC","HSC_F12","C5"
"BC_GTTTACTAGTGGATAT","HSC_F12","C6"
"BC_GTTTACTCACTACCGG","HSC_F12","C6"
"BC_GTTTACTCATCGATCA","HSC_F12","C7"
"BC_GTTTACTGTTCGTGCG","HSC_F12","C6"
"BC_GTTTGGAAGCCACCGT","HSC_F12","C7"
"BC_GTTTGGAGTAAGATCA","HSC_F12","C6"
"BC_GTTTGGAGTCACCGCA","HSC_F12","C7"
"BC_GTTTGGATCGGTGAAG","HSC_F12","C6"
"BC_TAACACGAGTCTCCTC","HSC_F12","C6"
"BC_TAACACGCAACGTAAA","HSC_F12","C6"
"BC_TAACACGCACAAGTTC","HSC_F12","C6"
"BC_TAACACGCACATGTTG","HSC_F12","C6"
"BC_TAACACGCATTGTCGA","HSC_F12","C6"
"BC_TAACACGTCTCATTAC","HSC_F12","C5"
"BC_TAACCAGCAACTTCTT","HSC_F12","C6"
"BC_TAACCAGCAGCATGCC","HSC_F12","C7"
"BC_TAACCAGGTCCATCTC","HSC_F12","C7"
"BC_TAACCAGGTGCGACAA","HSC_F12","C6"
"BC_TAACCAGTCGATACAC","HSC_F12","C6"
"BC_TAACCAGTCGTGCAGC","HSC_F12","C6"
"BC_TAACGACCACTCCGAG","HSC_F12","C6"
"BC_TAACGACGTACAGCGA","HSC_F12","C7"
"BC_TAACGACTCTACACTT","HSC_F12","C5"
"BC_TAACTTCCAATTGTGC","HSC_F12","C7"
"BC_TAACTTCCATTGCAAC","HSC_F12","C6"
"BC_TAACTTCGTTGCCTAA","HSC_F12","C7"
"BC_TAACTTCTCCCGATCT","HSC_F12","C5"
"BC_TAACTTCTCCTCACGT","HSC_F12","C6"
"BC_TAACTTCTCGGTGTAT","HSC_F12","C6"
"BC_TAAGCACCAGAACCGA","HSC_F12","C6"
"BC_TAAGCACTCAAATGAG","HSC_F12","C6"
"BC_TAAGCACTCTAGTTCT","HSC_F12","C7"
"BC_TAAGCCACAGTAGATA","HSC_F12","C5"
"BC_TAAGCCAGTCGTCAGC","HSC_F12","C6"
"BC_TAAGCCATCACAGAGG","HSC_F12","C7"
"BC_TAAGCCATCCTAGCTC","HSC_F12","C6"
"BC_TAAGCCATCTTCTTCC","HSC_F12","C6"
"BC_TAAGCGTCAAACACCT","HSC_F12","C7"
"BC_TAATCTCCACTCCGGA","HSC_F12","C7"
"BC_TAATCTCCAGAAATCA","HSC_F12","C6"
"BC_TAATCTCGTCCTCAGG","HSC_F12","C7"
"BC_TAATTCCAGAGCCTGA","HSC_F12","C6"
"BC_TAATTCCAGAGGCCAT","HSC_F12","C7"
"BC_TAATTCCAGCGGACAT","HSC_F12","C6"
"BC_TAATTCCCACCTGAAT","HSC_F12","C5"
"BC_TAATTCCCACGACGCT","HSC_F12","C5"
"BC_TAATTCCCATGACAGG","HSC_F12","C6"
"BC_TAATTCCGTACCACGC","HSC_F12","C5"
"BC_TACAACGAGTATAACG","HSC_F12","C6"
"BC_TACAACGCATAGCACT","HSC_F12","C7"
"BC_TACAACGGTAACGATA","HSC_F12","C6"
"BC_TACACCCAGCCATTGT","HSC_F12","C5"
"BC_TACACCCCAATCTAGC","HSC_F12","C7"
"BC_TACACCCCAGGACAGT","HSC_F12","C7"
"BC_TACACCCGTCCAGTTA","HSC_F12","C6"
"BC_TACACCCGTGTAAATG","HSC_F12","C6"
"BC_TACACCCTCATCGGGC","HSC_F12","C7"
"BC_TACACCCTCGAGTCCG","HSC_F12","C6"
"BC_TACACCCTCTTCCACG","HSC_F12","C7"
"BC_TACAGGTAGGAGCTGT","HSC_F12","C6"
"BC_TACAGGTCAAGGACAC","HSC_F12","C6"
"BC_TACAGGTCAGAGATTA","HSC_F12","C7"
"BC_TACAGGTCATCGAGCC","HSC_F12","C6"
"BC_TACAGGTCATCGATGT","HSC_F12","C6"
"BC_TACAGGTCATTGTACG","HSC_F12","C6"
"BC_TACAGGTGTCGAAGCA","HSC_F12","C6"
"BC_TACAGGTGTCTCAAGT","HSC_F12","C7"
"BC_TACAGGTGTGACATCT","HSC_F12","C6"
"BC_TACAGGTTCCATAGGT","HSC_F12","C7"
"BC_TACAGGTTCCGTCACT","HSC_F12","C6"
"BC_TACATTCAGCTTCTAG","HSC_F12","C6"
"BC_TACATTCTCCGTCAAA","HSC_F12","C7"
"BC_TACATTCTCCTCTCGA","HSC_F12","C7"
"BC_TACCCACAGAGTCAGC","HSC_F12","C7"
"BC_TACCCACAGATAGTCA","HSC_F12","C6"
"BC_TACCCACAGCGTGAAC","HSC_F12","C7"
"BC_TACCCACCAGTAACCT","HSC_F12","C7"
"BC_TACCCACGTGCTCTTC","HSC_F12","C6"
"BC_TACCCACGTGTGTCGC","HSC_F12","C5"
"BC_TACCCGTGTGCATTTG","HSC_F12","C6"
"BC_TACCCGTTCACCTCAC","HSC_F12","C6"
"BC_TACCCGTTCATGTCAG","HSC_F12","C6"
"BC_TACCGAAAGCTGTTCA","HSC_F12","C6"
"BC_TACCGAACACTGTGAT","HSC_F12","C6"
"BC_TACCGAAGTAGAAACT","HSC_F12","C6"
"BC_TACCGAAGTGGCTCTG","HSC_F12","C5"
"BC_TACCGAATCAGCTTCC","HSC_F12","C6"
"BC_TACCGAATCCGTCACT","HSC_F12","C5"
"BC_TACCGGGAGCACTAAA","HSC_F12","C7"
"BC_TACCGGGCAAGTGGGT","HSC_F12","C7"
"BC_TACCGGGCAGTCAACT","HSC_F12","C5"
"BC_TACCGGGGTAACTAAG","HSC_F12","C7"
"BC_TACCGGGGTAGTTCCA","HSC_F12","C6"
"BC_TACCGGGGTCATGACT","HSC_F12","C5"
"BC_TACCTCGAGAATCTAG","HSC_F12","C7"
"BC_TACCTCGGTGACATCT","HSC_F12","C6"
"BC_TACCTCGGTGATGAAT","HSC_F12","C5"
"BC_TACCTCGGTTTCGGCG","HSC_F12","C7"
"BC_TACCTCGTCTGTCGTC","HSC_F12","C5"
"BC_TACCTGCAGACATCAA","HSC_F12","C7"
"BC_TACCTGCAGTACTCGT","HSC_F12","C6"
"BC_TACCTGCCACTCTCGT","HSC_F12","C7"
"BC_TACCTGCCAGACGATG","HSC_F12","C6"
"BC_TACCTGCTCACCGGGT","HSC_F12","C6"
"BC_TACCTGCTCCCGAGTG","HSC_F12","C5"
"BC_TACCTGCTCGGCCTTT","HSC_F12","C5"
"BC_TACGCTCAGACTGAGC","HSC_F12","C6"
"BC_TACGCTCAGGTACAGC","HSC_F12","C7"
"BC_TACGCTCGTGGCGCTT","HSC_F12","C7"
"BC_TACGCTCTCTCCGTGT","HSC_F12","C7"
"BC_TACGGGCGTAGTCTGT","HSC_F12","C6"
"BC_TACGGTAAGTCCCAGC","HSC_F12","C7"
"BC_TACGGTACAAGAAACT","HSC_F12","C6"
"BC_TACGGTAGTACCTATG","HSC_F12","C7"
"BC_TACGGTAGTACGGTTT","HSC_F12","C5"
"BC_TACGGTATCGAGCTGC","HSC_F12","C5"
"BC_TACGGTATCTATGTGG","HSC_F12","C7"
"BC_TACGGTATCTTACGGA","HSC_F12","C7"
"BC_TACGTCCAGTATCCTG","HSC_F12","C5"
"BC_TACGTCCCAACCCTAA","HSC_F12","C7"
"BC_TACGTCCCAACTACGT","HSC_F12","C7"
"BC_TACGTCCCACAATTCG","HSC_F12","C5"
"BC_TACGTCCTCAGTCAGT","HSC_F12","C7"
"BC_TACGTCCTCCGTAGGC","HSC_F12","C6"
"BC_TACGTCCTCTCTCTTC","HSC_F12","C7"
"BC_TACTGCCAGAATAGTC","HSC_F12","C6"
"BC_TACTGCCAGACTACGG","HSC_F12","C6"
"BC_TACTGCCAGTAGTGCG","HSC_F12","C5"
"BC_TACTGCCCACTGTCCT","HSC_F12","C6"
"BC_TACTGCCGTATACCTG","HSC_F12","C6"
"BC_TACTGCCTCAACCTCC","HSC_F12","C6"
"BC_TACTGCCTCCTGTAAG","HSC_F12","C7"
"BC_TACTTACGTTCAAGTC","HSC_F12","C6"
"BC_TACTTACGTTCACCGG","HSC_F12","C6"
"BC_TACTTCAAGCACTTTG","HSC_F12","C5"
"BC_TACTTCAAGCTGACCC","HSC_F12","C6"
"BC_TACTTCAGTGGGCTTC","HSC_F12","C6"
"BC_TACTTCAGTTGGACCC","HSC_F12","C6"
"BC_TACTTCATCTCTCTTC","HSC_F12","C7"
"BC_TACTTGTGTGCAGTGA","HSC_F12","C6"
"BC_TACTTGTTCGTAACAC","HSC_F12","C6"
"BC_TAGACCAAGATGTTCC","HSC_F12","C6"
"BC_TAGACCAAGCTAATGA","HSC_F12","C6"
"BC_TAGACCAGTCGCGGTT","HSC_F12","C6"
"BC_TAGACCAGTTGAGGAC","HSC_F12","C5"
"BC_TAGACCATCATTATCC","HSC_F12","C7"
"BC_TAGACCATCGCTCTAC","HSC_F12","C5"
"BC_TAGACCATCGTTCTGC","HSC_F12","C5"
"BC_TAGACTGAGATTGGGC","HSC_F12","C6"
"BC_TAGACTGAGGCTAAAT","HSC_F12","C7"
"BC_TAGACTGAGTGAGCCA","HSC_F12","C7"
"BC_TAGACTGGTTATGTCG","HSC_F12","C5"
"BC_TAGACTGTCCGGCAGT","HSC_F12","C5"
"BC_TAGACTGTCGGAGTAG","HSC_F12","C6"
"BC_TAGAGTCCAGTTGAAA","HSC_F12","C5"
"BC_TAGAGTCCATAACTCG","HSC_F12","C7"
"BC_TAGAGTCGTCGAGTGA","HSC_F12","C7"
"BC_TAGAGTCGTCTCGACG","HSC_F12","C5"
"BC_TAGAGTCGTTGGGCCT","HSC_F12","C7"
"BC_TAGAGTCTCAACTGGT","HSC_F12","C7"
"BC_TAGAGTCTCTTCTCAA","HSC_F12","C6"
"BC_TAGATCGAGGCTGAAC","HSC_F12","C5"
"BC_TAGATCGGTTGTGTTG","HSC_F12","C6"
"BC_TAGATCGTCGCAGATT","HSC_F12","C7"
"BC_TAGATCGTCGCATGAT","HSC_F12","C6"
"BC_TAGATCGTCTCACCCA","HSC_F12","C5"
"BC_TAGCACAAGCGTGAAC","HSC_F12","C6"
"BC_TAGCACACACTGATTG","HSC_F12","C7"
"BC_TAGCACAGTATACCTG","HSC_F12","C7"
"BC_TAGCACAGTCACGTGC","HSC_F12","C6"
"BC_TAGGAGGAGTGCAAAT","HSC_F12","C6"
"BC_TAGGAGGAGTGCACAG","HSC_F12","C6"
"BC_TAGGAGGCAACCGACC","HSC_F12","C7"
"BC_TAGGAGGCACCATTCC","HSC_F12","C7"
"BC_TAGGAGGGTCGTACTA","HSC_F12","C7"
"BC_TAGGAGGGTTCATCGA","HSC_F12","C6"
"BC_TAGGGTTTCACGATAC","HSC_F12","C5"
"BC_TAGGGTTTCTTCGACC","HSC_F12","C5"
"BC_TAGGTACCAGCTGGTC","HSC_F12","C6"
"BC_TAGGTACCAGTGTGCC","HSC_F12","C5"
"BC_TAGGTACGTTACTCAG","HSC_F12","C6"
"BC_TAGGTACGTTGACTGT","HSC_F12","C7"
"BC_TAGGTTGCATGAAAGT","HSC_F12","C5"
"BC_TAGGTTGGTGAGAACC","HSC_F12","C6"
"BC_TAGTGCAGTGTATCCA","HSC_F12","C6"
"BC_TATACCTAGCCTCTTC","HSC_F12","C7"
"BC_TATACCTAGTAAGCAT","HSC_F12","C7"
"BC_TATACCTCATGCGGTC","HSC_F12","C6"
"BC_TATACCTGTAGGTGCA","HSC_F12","C6"
"BC_TATACCTGTCTGCCTT","HSC_F12","C6"
"BC_TATATCCCACATGAAA","HSC_F12","C5"
"BC_TATATCCGTCTTACTT","HSC_F12","C5"
"BC_TATATCCGTGTGTGGA","HSC_F12","C6"
"BC_TATATCCTCGAATGCT","HSC_F12","C5"
"BC_TATATCCTCTGAGGCC","HSC_F12","C5"
"BC_TATATCCTCTTTCCGG","HSC_F12","C6"
"BC_TATCAGGCACCTCGTT","HSC_F12","C6"
"BC_TATCAGGGTACGCTTA","HSC_F12","C7"
"BC_TATCAGGGTTCAGGTT","HSC_F12","C6"
"BC_TATCCTAAGACCTTTG","HSC_F12","C6"
"BC_TATCCTACAACTGGTT","HSC_F12","C7"
"BC_TATCCTACACTGGTTA","HSC_F12","C6"
"BC_TATCCTAGTGCCTTCT","HSC_F12","C6"
"BC_TATCCTATCCTGGTCT","HSC_F12","C7"
"BC_TATCGCCCAATGTCAC","HSC_F12","C6"
"BC_TATCGCCCAGACCCGT","HSC_F12","C7"
"BC_TATCGCCGTAATTAGG","HSC_F12","C5"
"BC_TATCGCCGTTATGTGC","HSC_F12","C5"
"BC_TATCGCCTCGGATAAA","HSC_F12","C5"
"BC_TATCGCCTCTGTCCGT","HSC_F12","C7"
"BC_TATCGCCTCTTACGGA","HSC_F12","C7"
"BC_TATCTGTCAAGACAAT","HSC_F12","C6"
"BC_TATCTGTTCGATTCCC","HSC_F12","C5"
"BC_TATCTTGAGTCGTCTA","HSC_F12","C7"
"BC_TATCTTGCATCAGCAT","HSC_F12","C6"
"BC_TATCTTGTCCGATGCG","HSC_F12","C6"
"BC_TATCTTGTCTTCTGTA","HSC_F12","C7"
"BC_TATGTTCAGGTGTGAC","HSC_F12","C5"
"BC_TATGTTCCATCATTGG","HSC_F12","C6"
"BC_TATGTTCGTCGCTTAA","HSC_F12","C5"
"BC_TATGTTCTCCGAGCTG","HSC_F12","C6"
"BC_TATGTTCTCGCACTCT","HSC_F12","C6"
"BC_TATTCCAAGTCTTGGT","HSC_F12","C7"
"BC_TATTCCACAAGGTTGG","HSC_F12","C6"
"BC_TATTCCACATCGTTCC","HSC_F12","C6"
"BC_TATTCCACATTCTCCG","HSC_F12","C6"
"BC_TATTGCTAGACCAACG","HSC_F12","C6"
"BC_TATTGCTAGCAACAAT","HSC_F12","C6"
"BC_TATTGCTCAATTCACG","HSC_F12","C7"
"BC_TATTGCTTCACGGAGA","HSC_F12","C7"
"BC_TATTGGGTCAGACATC","HSC_F12","C5"
"BC_TATTGGGTCTACTGCC","HSC_F12","C7"
"BC_TATTTCGCAATACCCA","HSC_F12","C5"
"BC_TATTTCGTCACTCGAA","HSC_F12","C6"
"BC_TATTTCGTCTCCTGAC","HSC_F12","C7"
"BC_TCAAGACAGAGTTGCG","HSC_F12","C7"
"BC_TCAAGACAGATAACAC","HSC_F12","C6"
"BC_TCAAGACCACGTGAGA","HSC_F12","C7"
"BC_TCAAGACTCCTCTTTC","HSC_F12","C6"
"BC_TCAAGCAAGCGATTCT","HSC_F12","C6"
"BC_TCAAGCAAGGTGCTGA","HSC_F12","C6"
"BC_TCAAGCACATAGGAGC","HSC_F12","C6"
"BC_TCAAGCAGTGAATGAT","HSC_F12","C6"
"BC_TCAAGCATCACTGTCC","HSC_F12","C6"
"BC_TCAAGCATCATGCTAG","HSC_F12","C7"
"BC_TCAAGCATCTATTTCG","HSC_F12","C6"
"BC_TCAAGTGGTGATCATC","HSC_F12","C5"
"BC_TCAATCTAGACTCTTG","HSC_F12","C5"
"BC_TCAATCTAGCCTAGGA","HSC_F12","C6"
"BC_TCAATCTCACTCTGCT","HSC_F12","C6"
"BC_TCAATCTGTCCGGTGT","HSC_F12","C5"
"BC_TCAATCTTCAGACCGC","HSC_F12","C7"
"BC_TCAATCTTCAGGACGA","HSC_F12","C6"
"BC_TCAATCTTCGACGCGT","HSC_F12","C6"
"BC_TCAATTCAGACCTTTG","HSC_F12","C7"
"BC_TCAATTCAGCATCTTG","HSC_F12","C6"
"BC_TCAATTCAGCTGGAGT","HSC_F12","C7"
"BC_TCAATTCCACATAACC","HSC_F12","C5"
"BC_TCAATTCCATTAAAGG","HSC_F12","C7"
"BC_TCAATTCTCGACGATT","HSC_F12","C5"
"BC_TCACAAGCAGTAGGAC","HSC_F12","C7"
"BC_TCACAAGCATGTCTAG","HSC_F12","C6"
"BC_TCACACCGTAGTGTGG","HSC_F12","C6"
"BC_TCACACCGTCTCCCTA","HSC_F12","C6"
"BC_TCACATTAGTTAGAAC","HSC_F12","C5"
"BC_TCACATTTCATTACCT","HSC_F12","C6"
"BC_TCACGCTCATCTGCGG","HSC_F12","C7"
"BC_TCACGCTGTACTTGTG","HSC_F12","C6"
"BC_TCACGCTGTCATATGC","HSC_F12","C6"
"BC_TCACGCTTCTCTATGT","HSC_F12","C2"
"BC_TCACGCTTCTCTGCTG","HSC_F12","C6"
"BC_TCACGGGCACTCTAGA","HSC_F12","C7"
"BC_TCACGGGCAGATAAAC","HSC_F12","C7"
"BC_TCACGGGGTGCAATGG","HSC_F12","C7"
"BC_TCACGGGTCATAGACC","HSC_F12","C7"
"BC_TCACGGGTCTTCCGTG","HSC_F12","C7"
"BC_TCACGGGTCTTGGCTC","HSC_F12","C6"
"BC_TCACTATTCACCGGTG","HSC_F12","C6"
"BC_TCACTATTCACGGACC","HSC_F12","C5"
"BC_TCACTCGAGACAACTA","HSC_F12","C7"
"BC_TCACTCGAGGGTACGT","HSC_F12","C5"
"BC_TCACTCGTCTCCTGCA","HSC_F12","C6"
"BC_TCAGCAAGTAACTGCT","HSC_F12","C6"
"BC_TCAGCAATCACCGACG","HSC_F12","C5"
"BC_TCAGCCTAGACGGTTG","HSC_F12","C5"
"BC_TCAGCCTAGCACCGTC","HSC_F12","C6"
"BC_TCAGCCTCAATAGAGT","HSC_F12","C7"
"BC_TCAGCCTGTCGCCTAG","HSC_F12","C7"
"BC_TCAGCCTTCAATCGGT","HSC_F12","C7"
"BC_TCAGCCTTCGGTGTTA","HSC_F12","C6"
"BC_TCAGGGCAGCTGAGCA","HSC_F12","C7"
"BC_TCAGGGCCACCAGCTG","HSC_F12","C7"
"BC_TCAGGGCCACCCAAGC","HSC_F12","C5"
"BC_TCAGGTAAGCACTAAA","HSC_F12","C7"
"BC_TCAGGTAAGCCATTTG","HSC_F12","C7"
"BC_TCAGGTACACAATCTG","HSC_F12","C5"
"BC_TCAGTCCGTTCGCGTG","HSC_F12","C6"
"BC_TCAGTCCTCACTTCTA","HSC_F12","C7"
"BC_TCAGTCCTCCAACTGA","HSC_F12","C6"
"BC_TCAGTTTAGTGATGGC","HSC_F12","C7"
"BC_TCAGTTTCAATAGGAT","HSC_F12","C6"
"BC_TCAGTTTGTACTTCCC","HSC_F12","C3"
"BC_TCAGTTTGTCACCTTC","HSC_F12","C6"
"BC_TCAGTTTTCCGAACGC","HSC_F12","C5"
"BC_TCATACTAGCCGCTTG","HSC_F12","C6"
"BC_TCATACTTCAGCAATC","HSC_F12","C5"
"BC_TCATACTTCGGCCCAA","HSC_F12","C6"
"BC_TCATATCGTTTATGCG","HSC_F12","C6"
"BC_TCATATCTCACTCTTA","HSC_F12","C7"
"BC_TCATCATCAAGTGCAG","HSC_F12","C6"
"BC_TCATCATCACTAACCA","HSC_F12","C6"
"BC_TCATCATGTAGACACG","HSC_F12","C6"
"BC_TCATCATGTGAATATG","HSC_F12","C6"
"BC_TCATCATGTGAGGCAT","HSC_F12","C7"
"BC_TCATCATGTTCGAACT","HSC_F12","C6"
"BC_TCATCATGTTGCGTAT","HSC_F12","C7"
"BC_TCATCATTCATTTGCT","HSC_F12","C6"
"BC_TCATCCGAGCCGTTAT","HSC_F12","C6"
"BC_TCATCCGGTTCCCACT","HSC_F12","C6"
"BC_TCATCCGTCACTACTT","HSC_F12","C6"
"BC_TCATGAGGTACCTAGT","HSC_F12","C6"
"BC_TCATGCCGTCACTCTC","HSC_F12","C6"
"BC_TCATGCCTCTTAGCAG","HSC_F12","C7"
"BC_TCATGGAAGTGACACG","HSC_F12","C7"
"BC_TCATGGAAGTGGTCAG","HSC_F12","C6"
"BC_TCATGGACAACAGCTT","HSC_F12","C6"
"BC_TCATGGACAATCCAGT","HSC_F12","C3"
"BC_TCATGGACAGCGATTT","HSC_F12","C6"
"BC_TCATGGAGTACGTTCA","HSC_F12","C5"
"BC_TCATGTTAGGCTAGCA","HSC_F12","C6"
"BC_TCATGTTGTCCTGAAT","HSC_F12","C6"
"BC_TCATGTTGTGGTCCCA","HSC_F12","C7"
"BC_TCATGTTTCAGCACCG","HSC_F12","C7"
"BC_TCATGTTTCGCCAGAC","HSC_F12","C7"
"BC_TCATTACCACGTACTA","HSC_F12","C5"
"BC_TCATTACGTATGGTTC","HSC_F12","C6"
"BC_TCATTACTCCATTGCC","HSC_F12","C7"
"BC_TCATTACTCGGCTCTT","HSC_F12","C6"
"BC_TCATTCACAAATCCCA","HSC_F12","C5"
"BC_TCATTCACATCGGTTA","HSC_F12","C6"
"BC_TCATTCAGTAACAAGT","HSC_F12","C7"
"BC_TCATTCAGTTTATGCG","HSC_F12","C6"
"BC_TCATTGTAGGATACAT","HSC_F12","C5"
"BC_TCATTGTCACACGGTC","HSC_F12","C6"
"BC_TCATTGTGTAAGAACT","HSC_F12","C6"
"BC_TCATTGTTCATTGTGG","HSC_F12","C6"
"BC_TCATTGTTCCGTATGA","HSC_F12","C6"
"BC_TCATTTGAGACCAGAC","HSC_F12","C6"
"BC_TCATTTGGTACAAACA","HSC_F12","C7"
"BC_TCATTTGGTGTCCGGT","HSC_F12","C5"
"BC_TCATTTGGTTTCACTT","HSC_F12","C6"
"BC_TCATTTGTCATATGGC","HSC_F12","C6"
"BC_TCATTTGTCCACCTGT","HSC_F12","C6"
"BC_TCATTTGTCCTGTACC","HSC_F12","C6"
"BC_TCCACCAAGTCATAGA","HSC_F12","C6"
"BC_TCCACCATCAACGAGG","HSC_F12","C7"
"BC_TCCACGTAGCCTATTG","HSC_F12","C5"
"BC_TCCACGTCAGACTCTA","HSC_F12","C6"
"BC_TCCACGTCAGGAGGTT","HSC_F12","C6"
"BC_TCCACGTGTGCTTATG","HSC_F12","C6"
"BC_TCCACGTTCTGCTCTG","HSC_F12","C6"
"BC_TCCAGAAAGCCTCAGC","HSC_F12","C6"
"BC_TCCAGAACACAAGCCC","HSC_F12","C6"
"BC_TCCAGAACACATGACT","HSC_F12","C6"
"BC_TCCAGAACAGTCAGTT","HSC_F12","C6"
"BC_TCCAGAAGTATCCCTC","HSC_F12","C6"
"BC_TCCAGAATCAAGTAAG","HSC_F12","C5"
"BC_TCCATCGAGCTAATGA","HSC_F12","C6"
"BC_TCCATCGGTGGAATGC","HSC_F12","C6"
"BC_TCCATCGGTGTCCGGT","HSC_F12","C6"
"BC_TCCATCGGTTTCACTT","HSC_F12","C7"
"BC_TCCATCGTCCTTGGAA","HSC_F12","C6"
"BC_TCCATGCAGACATATG","HSC_F12","C6"
"BC_TCCATGCAGGTCATCT","HSC_F12","C6"
"BC_TCCATGCGTACTTGTG","HSC_F12","C5"
"BC_TCCATGCGTGAGTTTC","HSC_F12","C5"
"BC_TCCATGCTCACACCCT","HSC_F12","C6"
"BC_TCCATGCTCTTTGCAT","HSC_F12","C6"
"BC_TCCCACACACTGATTG","HSC_F12","C6"
"BC_TCCCACACAGTTTCAG","HSC_F12","C6"
"BC_TCCCACAGTGACTGAG","HSC_F12","C6"
"BC_TCCCACAGTGTACAGG","HSC_F12","C5"
"BC_TCCCACAGTTGCGGCT","HSC_F12","C7"
"BC_TCCCACATCAACTCTT","HSC_F12","C6"
"BC_TCCCACATCAAGATAG","HSC_F12","C7"
"BC_TCCCAGTAGCCTCGTG","HSC_F12","C7"
"BC_TCCCAGTAGTGATGGC","HSC_F12","C6"
"BC_TCCCAGTCAAACTCTG","HSC_F12","C6"
"BC_TCCCAGTCAAAGCTCT","HSC_F12","C6"
"BC_TCCCAGTGTAGGTGCA","HSC_F12","C6"
"BC_TCCCAGTGTTACACTG","HSC_F12","C6"
"BC_TCCCAGTTCCTAACAG","HSC_F12","C5"
"BC_TCCCATGAGGTCCGAA","HSC_F12","C5"
"BC_TCCCATGAGGTCGTCC","HSC_F12","C5"
"BC_TCCCATGGTACGGGAT","HSC_F12","C5"
"BC_TCCCATGTCATAGGCT","HSC_F12","C7"
"BC_TCCGAAAAGACTAAGT","HSC_F12","C6"
"BC_TCCGAAAAGGTAGCCA","HSC_F12","C6"
"BC_TCCGAAAAGGTCGCCT","HSC_F12","C7"
"BC_TCCGAAACACTGGATT","HSC_F12","C6"
"BC_TCCGAAACATAACAGA","HSC_F12","C6"
"BC_TCCGAAAGTAGCCAGA","HSC_F12","C7"
"BC_TCCGAAAGTAGTCGGA","HSC_F12","C6"
"BC_TCCGAAATCCGTGTGG","HSC_F12","C7"
"BC_TCCGATCAGCCTGAAG","HSC_F12","C5"
"BC_TCCGATCAGTGCAGGT","HSC_F12","C7"
"BC_TCCGATCCAAGTGCAG","HSC_F12","C7"
"BC_TCCGATCCACCCTTGT","HSC_F12","C6"
"BC_TCCGATCGTACCGTGC","HSC_F12","C7"
"BC_TCCGATCTCTGCGGGT","HSC_F12","C6"
"BC_TCCGGGAAGTAGTCCT","HSC_F12","C7"
"BC_TCCGGGACACTTGACA","HSC_F12","C6"
"BC_TCCGGGAGTCATCAGT","HSC_F12","C5"
"BC_TCCGGGAGTCGAGTTT","HSC_F12","C7"
"BC_TCCGGGATCATCACTT","HSC_F12","C6"
"BC_TCCGGGATCGTCTCAC","HSC_F12","C5"
"BC_TCCGTGTCACGACGAA","HSC_F12","C7"
"BC_TCCGTGTCACTGGCCA","HSC_F12","C6"
"BC_TCCGTGTGTACGGCAA","HSC_F12","C6"
"BC_TCCGTGTGTCTTCCGT","HSC_F12","C6"
"BC_TCCGTGTTCATCTGTT","HSC_F12","C5"
"BC_TCCGTGTTCCGCATAA","HSC_F12","C7"
"BC_TCCGTGTTCTCACTCG","HSC_F12","C7"
"BC_TCCTAATAGGATTACA","HSC_F12","C7"
"BC_TCCTAATGTGGTAATA","HSC_F12","C7"
"BC_TCCTAATGTTCGTAAC","HSC_F12","C6"
"BC_TCCTAATTCTACCAGA","HSC_F12","C5"
"BC_TCCTCCCAGTCACGCC","HSC_F12","C5"
"BC_TCCTCCCCATGACTGT","HSC_F12","C6"
"BC_TCCTCCCGTAGTTACC","HSC_F12","C6"
"BC_TCCTCCCGTATCCTTT","HSC_F12","C6"
"BC_TCCTCCCGTCACGACC","HSC_F12","C7"
"BC_TCCTCCCGTCGTTCAA","HSC_F12","C6"
"BC_TCCTCCCGTGCCAAGA","HSC_F12","C6"
"BC_TCCTCTTAGCAAGGAA","HSC_F12","C7"
"BC_TCCTCTTAGCATATGA","HSC_F12","C6"
"BC_TCCTCTTGTAGCTGTT","HSC_F12","C5"
"BC_TCCTCTTTCCTCGATC","HSC_F12","C5"
"BC_TCCTCTTTCTGATTCT","HSC_F12","C5"
"BC_TCCTGCAAGGAATCGC","HSC_F12","C7"
"BC_TCCTGCAAGGCAGTCA","HSC_F12","C7"
"BC_TCCTGCAGTATGGAGC","HSC_F12","C6"
"BC_TCCTGCATCACCCATC","HSC_F12","C6"
"BC_TCCTGCATCCATTCGC","HSC_F12","C6"
"BC_TCCTGCATCGACACTA","HSC_F12","C6"
"BC_TCCTGCATCTCCACTG","HSC_F12","C5"
"BC_TCCTTCTAGTGAGGTC","HSC_F12","C5"
"BC_TCCTTCTCAGACAATA","HSC_F12","C7"
"BC_TCCTTCTGTCATTGCA","HSC_F12","C7"
"BC_TCCTTTCAGCAGTCTT","HSC_F12","C7"
"BC_TCCTTTCAGGCCTGCT","HSC_F12","C6"
"BC_TCCTTTCCATAACTCG","HSC_F12","C6"
"BC_TCCTTTCTCAAGTGTC","HSC_F12","C6"
"BC_TCCTTTCTCTGCCTCA","HSC_F12","C5"
"BC_TCCTTTCTCTGGACCG","HSC_F12","C6"
"BC_TCGAACAAGGTTCTTG","HSC_F12","C6"
"BC_TCGAACAGTGAGGAAA","HSC_F12","C6"
"BC_TCGAACAGTGTACGCC","HSC_F12","C7"
"BC_TCGAAGTAGAGGTATT","HSC_F12","C6"
"BC_TCGAAGTAGCACACAG","HSC_F12","C7"
"BC_TCGAAGTAGCTTAAGA","HSC_F12","C5"
"BC_TCGAAGTAGTCAAGCG","HSC_F12","C7"
"BC_TCGAAGTCACGCTGTG","HSC_F12","C6"
"BC_TCGACCTAGTAGTCTC","HSC_F12","C6"
"BC_TCGACCTCAAAGACTA","HSC_F12","C6"
"BC_TCGACCTTCCACACAA","HSC_F12","C6"
"BC_TCGACGGAGATGACAT","HSC_F12","C6"
"BC_TCGACGGCACGCGCTA","HSC_F12","C5"
"BC_TCGACGGTCTCATGGA","HSC_F12","C6"
"BC_TCGATTTAGCAAACAT","HSC_F12","C7"
"BC_TCGATTTCAGTCAGTT","HSC_F12","C6"
"BC_TCGATTTGTTCTCACC","HSC_F12","C7"
"BC_TCGATTTGTTTCGTGA","HSC_F12","C7"
"BC_TCGATTTTCTCCGAGG","HSC_F12","C6"
"BC_TCGCACTAGTCCCGAC","HSC_F12","C7"
"BC_TCGCACTCAAACGGCA","HSC_F12","C7"
"BC_TCGCACTCACACAGCC","HSC_F12","C6"
"BC_TCGCACTCACTCCGAG","HSC_F12","C6"
"BC_TCGCACTCACTGTGTA","HSC_F12","C6"
"BC_TCGCAGGAGATTGACA","HSC_F12","C5"
"BC_TCGCAGGAGTAATCCC","HSC_F12","C7"
"BC_TCGCAGGCAAAGAGTT","HSC_F12","C7"
"BC_TCGCAGGCAAGTTCCA","HSC_F12","C6"
"BC_TCGCAGGGTTGCTCCT","HSC_F12","C7"
"BC_TCGCAGGTCTATTTCG","HSC_F12","C7"
"BC_TCGCTCAAGGCTCTCG","HSC_F12","C5"
"BC_TCGCTCAAGTTCCGGC","HSC_F12","C6"
"BC_TCGCTCATCCATACTT","HSC_F12","C6"
"BC_TCGCTCATCCATCTCG","HSC_F12","C6"
"BC_TCGCTTGAGGTCGTCC","HSC_F12","C7"
"BC_TCGCTTGCACAACGCC","HSC_F12","C5"
"BC_TCGCTTGCATAGCACT","HSC_F12","C6"
"BC_TCGCTTGCATCGTGGC","HSC_F12","C6"
"BC_TCGCTTGGTACTGTTG","HSC_F12","C6"
"BC_TCGCTTGGTCTCTCAC","HSC_F12","C5"
"BC_TCGGATATCCCGAATA","HSC_F12","C6"
"BC_TCGGGACAGACTTCGT","HSC_F12","C5"
"BC_TCGGGACGTCTTTATC","HSC_F12","C7"
"BC_TCGGGCACATCCGGTG","HSC_F12","C6"
"BC_TCGGGCATCAAGTTGC","HSC_F12","C7"
"BC_TCGGGCATCATCGACA","HSC_F12","C6"
"BC_TCGGGCATCTGCCTCA","HSC_F12","C7"
"BC_TCGGGTGAGGGAACAA","HSC_F12","C7"
"BC_TCGGGTGCAGCAGATG","HSC_F12","C6"
"BC_TCGGGTGGTACTCGAT","HSC_F12","C6"
"BC_TCGGTCTAGAATGTTG","HSC_F12","C7"
"BC_TCGGTCTAGAGTACCG","HSC_F12","C7"
"BC_TCGGTCTTCTCGACCT","HSC_F12","C6"
"BC_TCGTAGAAGCCTGAGA","HSC_F12","C6"
"BC_TCGTAGACACCGCTGA","HSC_F12","C6"
"BC_TCGTAGACAGAACGCA","HSC_F12","C7"
"BC_TCGTAGAGTTACCCTC","HSC_F12","C7"
"BC_TCGTCCATCGCTCCTA","HSC_F12","C6"
"BC_TCGTGCTAGAGGCTGT","HSC_F12","C7"
"BC_TCGTGCTCAATTCTCT","HSC_F12","C5"
"BC_TCGTGCTGTATGGAGC","HSC_F12","C7"
"BC_TCGTGGGTCTACACAG","HSC_F12","C5"
"BC_TCTAACTCACTAGTAC","HSC_F12","C5"
"BC_TCTACATCAAGAGAGA","HSC_F12","C7"
"BC_TCTACATCATGACGTT","HSC_F12","C5"
"BC_TCTACATTCCCAGTGG","HSC_F12","C7"
"BC_TCTACATTCCCGATCT","HSC_F12","C5"
"BC_TCTACCGCACTGGAAG","HSC_F12","C6"
"BC_TCTACCGCAGAGTCAG","HSC_F12","C6"
"BC_TCTACCGCAGTGGTGA","HSC_F12","C6"
"BC_TCTACCGTCATGAGTC","HSC_F12","C5"
"BC_TCTATACCAGAGTCTT","HSC_F12","C6"
"BC_TCTATACGTTGTGGCC","HSC_F12","C5"
"BC_TCTATACTCCACACCT","HSC_F12","C6"
"BC_TCTATACTCGAAGGAC","HSC_F12","C5"
"BC_TCTATCAAGCACCCAC","HSC_F12","C6"
"BC_TCTATCATCTATCGTT","HSC_F12","C6"
"BC_TCTCACGAGAATCGAT","HSC_F12","C6"
"BC_TCTCACGAGAGCCGAT","HSC_F12","C5"
"BC_TCTCACGCATTCTCCG","HSC_F12","C6"
"BC_TCTCACGGTGTCCATA","HSC_F12","C7"
"BC_TCTCACGGTTCAGGTT","HSC_F12","C2"
"BC_TCTCACGTCAGCTCTC","HSC_F12","C6"
"BC_TCTCAGCAGTGATGGC","HSC_F12","C6"
"BC_TCTCAGCGTAATCAAG","HSC_F12","C6"
"BC_TCTCAGCGTAGTTAGA","HSC_F12","C7"
"BC_TCTCCGACACAAATCC","HSC_F12","C6"
"BC_TCTCCGAGTCGAACGA","HSC_F12","C6"
"BC_TCTCCGATCGACATAC","HSC_F12","C6"
"BC_TCTCCGATCGCTGTTC","HSC_F12","C7"
"BC_TCTCTGGAGAGGTTTA","HSC_F12","C7"
"BC_TCTCTGGAGGGTGAGG","HSC_F12","C7"
"BC_TCTCTGGCAAACCATC","HSC_F12","C5"
"BC_TCTCTGGCAATCGAAA","HSC_F12","C7"
"BC_TCTCTGGCAGAGAGGG","HSC_F12","C7"
"BC_TCTCTGGCATTGTAGC","HSC_F12","C6"
"BC_TCTCTGGTCTGTCGCT","HSC_F12","C6"
"BC_TCTGCCAAGCACCCAC","HSC_F12","C7"
"BC_TCTGCCACACCACTGG","HSC_F12","C5"
"BC_TCTGCCAGTACCTTCC","HSC_F12","C6"
"BC_TCTGCCATCAGGAACG","HSC_F12","C5"
"BC_TCTGGCTAGAGCAGAA","HSC_F12","C6"
"BC_TCTGGCTAGCGGACAT","HSC_F12","C7"
"BC_TCTGGCTAGTGATGGC","HSC_F12","C7"
"BC_TCTGGCTCATCTAGAC","HSC_F12","C5"
"BC_TCTGTCGAGGCACAAC","HSC_F12","C6"
"BC_TCTGTCGCACCGAATT","HSC_F12","C6"
"BC_TCTGTCGCAGGTCCCA","HSC_F12","C5"
"BC_TCTGTCGGTATAATGG","HSC_F12","C7"
"BC_TCTGTCGGTCCATCTC","HSC_F12","C5"
"BC_TCTGTCGTCACCCTGT","HSC_F12","C5"
"BC_TCTTAGTAGGGTAATT","HSC_F12","C6"
"BC_TCTTAGTAGTGTTCAC","HSC_F12","C6"
"BC_TCTTAGTCACCGCTGA","HSC_F12","C7"
"BC_TCTTAGTTCTAGCAAC","HSC_F12","C7"
"BC_TCTTAGTTCTAGCATG","HSC_F12","C6"
"BC_TCTTCCTAGACAACAT","HSC_F12","C7"
"BC_TCTTCCTCAGCTACCG","HSC_F12","C7"
"BC_TCTTCCTCATTCGATG","HSC_F12","C5"
"BC_TCTTCCTTCCAGGACC","HSC_F12","C6"
"BC_TCTTGCGAGCGCTTCG","HSC_F12","C7"
"BC_TCTTGCGCACTTGACA","HSC_F12","C5"
"BC_TCTTTGAAGGTAGTCG","HSC_F12","C7"
"BC_TCTTTGACAAACTAGA","HSC_F12","C7"
"BC_TCTTTGAGTGACCTGC","HSC_F12","C7"
"BC_TCTTTGATCATTCGGA","HSC_F12","C6"
"BC_TCTTTGATCGAACGCC","HSC_F12","C3"
"BC_TGAACGTCACCCAACG","HSC_F12","C6"
"BC_TGAATCGAGAAATCCA","HSC_F12","C6"
"BC_TGAATCGCAGACACAG","HSC_F12","C6"
"BC_TGAATCGGTTGTTGTG","HSC_F12","C6"
"BC_TGAATGCAGATAGCAT","HSC_F12","C7"
"BC_TGAATGCCAATTTCGG","HSC_F12","C6"
"BC_TGAATGCCACACGGTC","HSC_F12","C7"
"BC_TGAATGCGTAGAATGT","HSC_F12","C6"
"BC_TGACAGTAGAGTTGAT","HSC_F12","C5"
"BC_TGACAGTAGCCAAGGT","HSC_F12","C6"
"BC_TGACAGTAGGCTCTCG","HSC_F12","C7"
"BC_TGACAGTCAGGTCCGT","HSC_F12","C5"
"BC_TGACAGTGTTTAGTCG","HSC_F12","C6"
"BC_TGACCCTCATCCCGTT","HSC_F12","C5"
"BC_TGACCCTCATCGTTCC","HSC_F12","C5"
"BC_TGACCCTGTGTTTCTT","HSC_F12","C6"
"BC_TGACGCGAGAGCATAT","HSC_F12","C6"
"BC_TGACGCGCAATGTCTG","HSC_F12","C5"
"BC_TGACGCGCAGCGCTTG","HSC_F12","C5"
"BC_TGACGCGGTCACATTG","HSC_F12","C6"
"BC_TGACGCGGTCTAGATC","HSC_F12","C6"
"BC_TGACGCGTCAACCCGG","HSC_F12","C5"
"BC_TGACGCGTCTCCACTG","HSC_F12","C6"
"BC_TGACTCCCAGGTCAGA","HSC_F12","C7"
"BC_TGACTCCTCATAAGGA","HSC_F12","C6"
"BC_TGACTCCTCCGAACGC","HSC_F12","C7"
"BC_TGACTCCTCGTAACCA","HSC_F12","C6"
"BC_TGAGACTAGCCATTCA","HSC_F12","C6"
"BC_TGAGACTGTGGACCTC","HSC_F12","C6"
"BC_TGAGACTGTTCTATCT","HSC_F12","C6"
"BC_TGAGCATAGCTACTAC","HSC_F12","C6"
"BC_TGAGCATCATCAACCA","HSC_F12","C8"
"BC_TGAGCATTCGTAATGC","HSC_F12","C5"
"BC_TGAGCGCAGAAGTCAT","HSC_F12","C7"
"BC_TGAGGAGAGACCTGGA","HSC_F12","C7"
"BC_TGAGGAGCAATTTCTC","HSC_F12","C5"
"BC_TGAGGAGTCAGTGGGA","HSC_F12","C6"
"BC_TGAGGAGTCCTCCACA","HSC_F12","C7"
"BC_TGAGGAGTCGGAGTGA","HSC_F12","C6"
"BC_TGAGGGATCATCTATC","HSC_F12","C7"
"BC_TGAGGTTCATAGGAGC","HSC_F12","C7"
"BC_TGAGGTTCATGGGTCC","HSC_F12","C6"
"BC_TGAGGTTTCACTGCTC","HSC_F12","C6"
"BC_TGAGTCACAAGAAACT","HSC_F12","C6"
"BC_TGAGTCACAGTAGGAC","HSC_F12","C5"
"BC_TGAGTCAGTACTCCGG","HSC_F12","C7"
"BC_TGAGTCAGTTTCGATG","HSC_F12","C5"
"BC_TGATCAGCAGCAATTC","HSC_F12","C6"
"BC_TGATCAGTCGATGCAT","HSC_F12","C6"
"BC_TGATCTTCAGGTAGTG","HSC_F12","C6"
"BC_TGATCTTTCGTGGCTG","HSC_F12","C6"
"BC_TGATCTTTCTGTGCAA","HSC_F12","C6"
"BC_TGATGCAAGGTTGGTG","HSC_F12","C5"
"BC_TGATGCAAGTGCGCTC","HSC_F12","C7"
"BC_TGATGCAGTAGGACTG","HSC_F12","C7"
"BC_TGATGCATCCAACCGG","HSC_F12","C6"
"BC_TGATGCATCTCCGCAT","HSC_F12","C6"
"BC_TGATGCATCTCGACGG","HSC_F12","C6"
"BC_TGATGGTAGCGCCTTG","HSC_F12","C6"
"BC_TGATGGTAGGTACATA","HSC_F12","C5"
"BC_TGATGGTCAAATACAG","HSC_F12","C7"
"BC_TGATGGTTCCAGGACC","HSC_F12","C6"
"BC_TGATGGTTCCATACTT","HSC_F12","C6"
"BC_TGATTCTGTCATTCCC","HSC_F12","C7"
"BC_TGATTCTTCCCAGTGG","HSC_F12","C7"
"BC_TGATTTCCATAGACTC","HSC_F12","C6"
"BC_TGATTTCGTAACACCT","HSC_F12","C5"
"BC_TGATTTCTCTCTGCCA","HSC_F12","C6"
"BC_TGATTTCTCTTAGGAC","HSC_F12","C7"
"BC_TGCACGGAGTCTCTGA","HSC_F12","C5"
"BC_TGCACGGCACCGCTAG","HSC_F12","C6"
"BC_TGCACGGGTGGCAGAT","HSC_F12","C5"
"BC_TGCACGGTCAAGTGGG","HSC_F12","C7"
"BC_TGCACGGTCCCTTTGG","HSC_F12","C7"
"BC_TGCAGATAGTAACCTC","HSC_F12","C7"
"BC_TGCAGATCAGGAATCG","HSC_F12","C7"
"BC_TGCAGATCAGTAACAA","HSC_F12","C7"
"BC_TGCAGATGTCGGCACT","HSC_F12","C5"
"BC_TGCAGATTCTCCGAAA","HSC_F12","C7"
"BC_TGCAGGCCAGCTGCCA","HSC_F12","C6"
"BC_TGCAGGCCATGATCTG","HSC_F12","C5"
"BC_TGCAGGCGTCTACTGA","HSC_F12","C5"
"BC_TGCAGGCGTTAGCTAC","HSC_F12","C5"
"BC_TGCAGTAAGAAACTGT","HSC_F12","C7"
"BC_TGCAGTACACAATGCT","HSC_F12","C7"
"BC_TGCAGTACAGTAACCT","HSC_F12","C7"
"BC_TGCAGTAGTTTCCATT","HSC_F12","C7"
"BC_TGCAGTATCTTGTGCC","HSC_F12","C6"
"BC_TGCATCCAGAACGTGC","HSC_F12","C7"
"BC_TGCATCCGTCCATCTC","HSC_F12","C6"
"BC_TGCATCCGTTGTGGCC","HSC_F12","C5"
"BC_TGCATCCTCTACTTCA","HSC_F12","C6"
"BC_TGCATGACAAGATTGA","HSC_F12","C7"
"BC_TGCATGACAAGGGTCA","HSC_F12","C6"
"BC_TGCCGAGGTATTGACC","HSC_F12","C5"
"BC_TGCCGAGGTCTAACGT","HSC_F12","C7"
"BC_TGCGACGAGACTACGG","HSC_F12","C5"
"BC_TGCGACGCAAACCACT","HSC_F12","C6"
"BC_TGCGACGTCCGAAGGA","HSC_F12","C6"
"BC_TGCGATAGTTTCGTAG","HSC_F12","C5"
"BC_TGCGGCAAGCATAGGC","HSC_F12","C6"
"BC_TGCGGCATCCATGCAA","HSC_F12","C5"
"BC_TGCGGGTCAAGATCCT","HSC_F12","C5"
"BC_TGCGGGTCAATAAGGT","HSC_F12","C7"
"BC_TGCGGGTGTAATGCGG","HSC_F12","C7"
"BC_TGCGGGTGTACTTCCC","HSC_F12","C7"
"BC_TGCGGGTGTGGTAACG","HSC_F12","C6"
"BC_TGCTCCAAGCATGCGA","HSC_F12","C6"
"BC_TGCTCCAAGTCTCTGA","HSC_F12","C6"
"BC_TGCTCCATCATGGTAC","HSC_F12","C7"
"BC_TGCTCGTAGACCATGG","HSC_F12","C7"
"BC_TGCTCGTAGCGCTGAA","HSC_F12","C7"
"BC_TGCTCGTCACATATCG","HSC_F12","C5"
"BC_TGCTCGTCACTGAATC","HSC_F12","C7"
"BC_TGCTCGTCATCCGAGC","HSC_F12","C6"
"BC_TGCTCGTTCATCTATC","HSC_F12","C6"
"BC_TGCTCGTTCCAGCTCT","HSC_F12","C6"
"BC_TGCTCGTTCTGAATGC","HSC_F12","C7"
"BC_TGCTGAACATCTCGTC","HSC_F12","C6"
"BC_TGCTGAATCCCTTGTG","HSC_F12","C7"
"BC_TGCTGAATCTTGCAGA","HSC_F12","C6"
"BC_TGCTTCGAGACAACTA","HSC_F12","C7"
"BC_TGCTTCGAGACTACCT","HSC_F12","C6"
"BC_TGCTTCGCAGAGTCAG","HSC_F12","C5"
"BC_TGCTTCGGTATCTCGA","HSC_F12","C6"
"BC_TGCTTGCAGACTTCCA","HSC_F12","C6"
"BC_TGCTTGCAGGTTACCT","HSC_F12","C6"
"BC_TGCTTGCAGTCGAATA","HSC_F12","C5"
"BC_TGCTTGCGTCTACGAT","HSC_F12","C6"
"BC_TGCTTGCGTCTGCATA","HSC_F12","C7"
"BC_TGGAACTAGGAGTATT","HSC_F12","C5"
"BC_TGGAACTGTGGATCGA","HSC_F12","C6"
"BC_TGGAGAGAGAGAGCCT","HSC_F12","C5"
"BC_TGGAGAGCACGCACCA","HSC_F12","C6"
"BC_TGGAGAGCATGCCGGT","HSC_F12","C6"
"BC_TGGAGAGGTGAGTTTC","HSC_F12","C6"
"BC_TGGAGGAAGATGACAT","HSC_F12","C6"
"BC_TGGAGGACATGAATCC","HSC_F12","C6"
"BC_TGGAGGATCGATTGAC","HSC_F12","C6"
"BC_TGGATCAAGGAGGGTG","HSC_F12","C7"
"BC_TGGATCAGTGCACGCT","HSC_F12","C7"
"BC_TGGATCAGTTGAGAGC","HSC_F12","C6"
"BC_TGGATGTCACAGGATG","HSC_F12","C5"
"BC_TGGATGTCATGACTTG","HSC_F12","C6"
"BC_TGGATGTTCGAGTGAG","HSC_F12","C5"
"BC_TGGCGTGAGGCACTCC","HSC_F12","C7"
"BC_TGGCGTGCAGCTCATA","HSC_F12","C6"
"BC_TGGCGTGCAGTAGATA","HSC_F12","C7"
"BC_TGGCGTGCATGGAGAC","HSC_F12","C6"
"BC_TGGCGTGGTGCTGTCG","HSC_F12","C6"
"BC_TGGCGTGGTTGCTCAA","HSC_F12","C5"
"BC_TGGGAAGCAGCTATAC","HSC_F12","C7"
"BC_TGGGAAGTCCGCAGTG","HSC_F12","C7"
"BC_TGGGAAGTCGTGGCTG","HSC_F12","C5"
"BC_TGGGAGACACCTTCGT","HSC_F12","C7"
"BC_TGGGAGACATATCGGT","HSC_F12","C6"
"BC_TGGGAGACATGAATCC","HSC_F12","C6"
"BC_TGGGAGAGTATCAGCT","HSC_F12","C7"
"BC_TGGGAGAGTGGTGATG","HSC_F12","C7"
"BC_TGGGAGAGTTGTGGAG","HSC_F12","C7"
"BC_TGGGATTGTGGGAGAG","HSC_F12","C6"
"BC_TGGGATTTCCGAACGC","HSC_F12","C6"
"BC_TGGGATTTCGCATAGT","HSC_F12","C6"
"BC_TGGGCGTCAAAGCGTG","HSC_F12","C6"
"BC_TGGGCGTGTAATACCC","HSC_F12","C5"
"BC_TGGGCGTTCCACATAG","HSC_F12","C6"
"BC_TGGGCGTTCTCATAGG","HSC_F12","C7"
"BC_TGGGCTGCATAGGTTC","HSC_F12","C5"
"BC_TGGGCTGGTCATATGC","HSC_F12","C5"
"BC_TGGGCTGTCGAGTTGT","HSC_F12","C6"
"BC_TGGGTTAAGCTCCACG","HSC_F12","C7"
"BC_TGGGTTACAATTGGTC","HSC_F12","C6"
"BC_TGGGTTAGTATTGGCT","HSC_F12","C6"
"BC_TGGGTTAGTTTATGCG","HSC_F12","C7"
"BC_TGGGTTATCTTACGTT","HSC_F12","C6"
"BC_TGGTACACAAACTCTG","HSC_F12","C5"
"BC_TGGTACACAATCGCGC","HSC_F12","C6"
"BC_TGGTACAGTAAGATTG","HSC_F12","C5"
"BC_TGGTACAGTGTGATGG","HSC_F12","C7"
"BC_TGGTACATCCGAAATC","HSC_F12","C6"
"BC_TGGTAGTGTTAGAAAC","HSC_F12","C6"
"BC_TGGTAGTGTTTATGCG","HSC_F12","C6"
"BC_TGGTAGTTCTAGCAAC","HSC_F12","C5"
"BC_TGGTGATAGAGGGTGG","HSC_F12","C6"
"BC_TGGTGATCAGAATGTA","HSC_F12","C7"
"BC_TGGTGATGTGAGCGAT","HSC_F12","C7"
"BC_TGGTGATTCGCGTTTC","HSC_F12","C7"
"BC_TGGTTAGGTCGTTCAA","HSC_F12","C5"
"BC_TGGTTAGGTCTTCATT","HSC_F12","C7"
"BC_TGGTTAGGTGGCGCTT","HSC_F12","C6"
"BC_TGTAACGGTAAGTTAG","HSC_F12","C6"
"BC_TGTAACGGTTGTCATG","HSC_F12","C7"
"BC_TGTAACGTCACGTCCT","HSC_F12","C7"
"BC_TGTAACGTCAGGCGAA","HSC_F12","C7"
"BC_TGTAACGTCATTGAGC","HSC_F12","C6"
"BC_TGTAACGTCCCTGTTG","HSC_F12","C7"
"BC_TGTAAGCGTATACAGA","HSC_F12","C6"
"BC_TGTACAGAGCGACTGA","HSC_F12","C5"
"BC_TGTACAGAGCTTAAGA","HSC_F12","C6"
"BC_TGTACAGCACATGAAA","HSC_F12","C6"
"BC_TGTACAGGTCATGACT","HSC_F12","C6"
"BC_TGTACAGTCACGAACT","HSC_F12","C7"
"BC_TGTACAGTCTAGACAC","HSC_F12","C6"
"BC_TGTACAGTCTGGCCTT","HSC_F12","C6"
"BC_TGTAGACGTTCCACAA","HSC_F12","C6"
"BC_TGTCAGACACAACATC","HSC_F12","C5"
"BC_TGTCCACCACTTGAGT","HSC_F12","C7"
"BC_TGTCCCAAGTGATAGT","HSC_F12","C6"
"BC_TGTCCCACATCCGCGA","HSC_F12","C6"
"BC_TGTCCTGAGACAGTCG","HSC_F12","C6"
"BC_TGTCCTGAGACCAGCA","HSC_F12","C6"
"BC_TGTCCTGAGCTAATGA","HSC_F12","C6"
"BC_TGTCCTGAGTGCACTT","HSC_F12","C6"
"BC_TGTCCTGAGTGCCGAA","HSC_F12","C7"
"BC_TGTCCTGCATCGAAGG","HSC_F12","C6"
"BC_TGTCCTGGTGTGCTTA","HSC_F12","C6"
"BC_TGTCCTGTCACTCACC","HSC_F12","C6"
"BC_TGTCCTGTCCTCTAAT","HSC_F12","C7"
"BC_TGTGAGTAGGTCGCCT","HSC_F12","C7"
"BC_TGTGAGTAGTCATAGA","HSC_F12","C6"
"BC_TGTGAGTGTATCCTCC","HSC_F12","C5"
"BC_TGTGAGTGTGCAGATG","HSC_F12","C6"
"BC_TGTGAGTTCAAACGAA","HSC_F12","C6"
"BC_TGTGAGTTCGGTATGT","HSC_F12","C5"
"BC_TGTGATGAGGTGGTTG","HSC_F12","C7"
"BC_TGTGATGCAGCTCTGG","HSC_F12","C5"
"BC_TGTGCGGAGGGACCAT","HSC_F12","C7"
"BC_TGTGCGGCACACCGCA","HSC_F12","C6"
"BC_TGTGCGGCACTTGAGT","HSC_F12","C6"
"BC_TGTGCGGCAGAGACTG","HSC_F12","C7"
"BC_TGTGGCGAGTACCGGA","HSC_F12","C5"
"BC_TGTGGCGGTACGAGTG","HSC_F12","C6"
"BC_TGTGGCGGTAGGCAGT","HSC_F12","C6"
"BC_TGTGGCGGTCCGGCAT","HSC_F12","C6"
"BC_TGTGGCGTCCCGTAAA","HSC_F12","C5"
"BC_TGTGGCGTCCGTGTAA","HSC_F12","C6"
"BC_TGTGTGACACAGTCCG","HSC_F12","C6"
"BC_TGTGTGATCCAATCCC","HSC_F12","C7"
"BC_TGTGTGATCCACTTCG","HSC_F12","C6"
"BC_TGTTACTAGGAAGTGA","HSC_F12","C6"
"BC_TGTTACTCAGCTATAC","HSC_F12","C6"
"BC_TGTTACTGTCGGTAAG","HSC_F12","C7"
"BC_TGTTACTTCCATACAG","HSC_F12","C6"
"BC_TGTTACTTCCCGAATA","HSC_F12","C6"
"BC_TGTTACTTCGATAACC","HSC_F12","C6"
"BC_TGTTACTTCTCACTCG","HSC_F12","C6"
"BC_TGTTCATCATGTGGTT","HSC_F12","C5"
"BC_TGTTCATGTCTTCATT","HSC_F12","C6"
"BC_TGTTCCGAGCCAACCC","HSC_F12","C6"
"BC_TGTTCCGGTGGGCTTC","HSC_F12","C6"
"BC_TGTTCCGTCACGATCA","HSC_F12","C7"
"BC_TGTTCCGTCAGCTCTC","HSC_F12","C5"
"BC_TGTTCCGTCCCAACTC","HSC_F12","C6"
"BC_TGTTCCGTCCTTGGAA","HSC_F12","C6"
"BC_TGTTCCGTCTTACGGA","HSC_F12","C5"
"BC_TGTTCTAAGTTGCTCA","HSC_F12","C6"
"BC_TGTTCTACAGCGTGCT","HSC_F12","C7"
"BC_TGTTCTAGTAGGAGTC","HSC_F12","C5"
"BC_TGTTCTAGTGTTAGCT","HSC_F12","C6"
"BC_TGTTGAGAGCACACCC","HSC_F12","C6"
"BC_TGTTGAGCAACCACAT","HSC_F12","C6"
"BC_TGTTGAGGTTTGCCGG","HSC_F12","C6"
"BC_TGTTGAGTCACCTCGT","HSC_F12","C7"
"BC_TGTTGAGTCGGAATGG","HSC_F12","C5"
"BC_TGTTGGATCAGGAACG","HSC_F12","C6"
"BC_TGTTGGATCCACAGCG","HSC_F12","C7"
"BC_TGTTGGATCCGCGATG","HSC_F12","C7"
"BC_TGTTTGTAGCACAAAT","HSC_F12","C6"
"BC_TGTTTGTCATGCCGGT","HSC_F12","C5"
"BC_TGTTTGTTCGCTCTAC","HSC_F12","C6"
"BC_TTAATCCAGTCTTCGA","HSC_F12","C7"
"BC_TTAATCCCATGCACTA","HSC_F12","C7"
"BC_TTAATCCTCGCCAACG","HSC_F12","C6"
"BC_TTACAGGCAAGAATAC","HSC_F12","C6"
"BC_TTACAGGGTCGAAACG","HSC_F12","C6"
"BC_TTACAGGTCATCACCC","HSC_F12","C6"
"BC_TTACAGGTCTCGTCAC","HSC_F12","C7"
"BC_TTACCATAGTGGGAAA","HSC_F12","C6"
"BC_TTACCATCACACCTGG","HSC_F12","C6"
"BC_TTACCATGTCATCCCT","HSC_F12","C6"
"BC_TTACCGCTCCAGCAAT","HSC_F12","C6"
"BC_TTACCGCTCTGGCCGA","HSC_F12","C7"
"BC_TTACCGCTCTTCGGAA","HSC_F12","C6"
"BC_TTACGCCAGCATAGGC","HSC_F12","C6"
"BC_TTACGCCCAACCCTCT","HSC_F12","C6"
"BC_TTACGCCTCCATTGTT","HSC_F12","C6"
"BC_TTACGTTAGAGTGAAG","HSC_F12","C6"
"BC_TTACGTTAGCCAGAGT","HSC_F12","C5"
"BC_TTACGTTAGCTGCCAC","HSC_F12","C6"
"BC_TTACGTTCAAGAGATT","HSC_F12","C6"
"BC_TTACGTTTCGAAATCC","HSC_F12","C6"
"BC_TTACTGTAGATAGCAT","HSC_F12","C7"
"BC_TTACTGTGTCATAAAG","HSC_F12","C6"
"BC_TTACTGTGTGAATGAT","HSC_F12","C5"
"BC_TTACTGTTCCTACCGT","HSC_F12","C6"
"BC_TTAGGCAAGCCAACCC","HSC_F12","C7"
"BC_TTAGGCACATGCCGGT","HSC_F12","C6"
"BC_TTAGGCATCGCCGAGT","HSC_F12","C6"
"BC_TTAGGCATCTCTATGT","HSC_F12","C7"
"BC_TTAGGGTCAAAGACTA","HSC_F12","C6"
"BC_TTAGGGTCACATTCGA","HSC_F12","C5"
"BC_TTAGGGTCATGCCGAC","HSC_F12","C5"
"BC_TTAGGGTTCACCTGGG","HSC_F12","C7"
"BC_TTAGTCTCAATCTCTT","HSC_F12","C6"
"BC_TTAGTCTGTCGCTCGA","HSC_F12","C6"
"BC_TTAGTCTTCCATTTCA","HSC_F12","C6"
"BC_TTATTGCTCTCTGACC","HSC_F12","C6"
"BC_TTCAATCCACTCAAGT","HSC_F12","C6"
"BC_TTCACCGCACACACGC","HSC_F12","C6"
"BC_TTCACCGGTCATAGTC","HSC_F12","C6"
"BC_TTCACCGGTGCCCGTA","HSC_F12","C7"
"BC_TTCACGCCAAGATCCT","HSC_F12","C7"
"BC_TTCACGCCAGTTTGGT","HSC_F12","C6"
"BC_TTCACGCGTAGAATAC","HSC_F12","C5"
"BC_TTCACGCGTTAGGCCC","HSC_F12","C7"
"BC_TTCACGCTCAACACCA","HSC_F12","C7"
"BC_TTCAGGAGTAACATGA","HSC_F12","C7"
"BC_TTCAGGAGTAGCTTAC","HSC_F12","C5"
"BC_TTCAGGAGTGCAGTGA","HSC_F12","C6"
"BC_TTCAGGAGTTTCTATC","HSC_F12","C6"
"BC_TTCATGTCAGTATACC","HSC_F12","C6"
"BC_TTCATGTCATGGTGGA","HSC_F12","C7"
"BC_TTCATGTTCACGGGCT","HSC_F12","C6"
"BC_TTCATGTTCGCTTTAT","HSC_F12","C7"
"BC_TTCATTGTCGAATGCT","HSC_F12","C7"
"BC_TTCCAATCAACTGCTA","HSC_F12","C7"
"BC_TTCCAATTCGGCAGTC","HSC_F12","C5"
"BC_TTCCACGTCCAAACCA","HSC_F12","C6"
"BC_TTCCGGTAGGCCCGTT","HSC_F12","C5"
"BC_TTCCGGTCAACACACT","HSC_F12","C6"
"BC_TTCCGGTCACCGCTAG","HSC_F12","C6"
"BC_TTCCGGTGTCAGATTC","HSC_F12","C6"
"BC_TTCCGGTTCTTTGGAG","HSC_F12","C6"
"BC_TTCCGTGAGACATCCT","HSC_F12","C6"
"BC_TTCCGTGAGCGCCGTT","HSC_F12","C6"
"BC_TTCCGTGCAAATACAG","HSC_F12","C7"
"BC_TTCCGTGCAGTCTCTC","HSC_F12","C6"
"BC_TTCCGTGCATTCTGTT","HSC_F12","C6"
"BC_TTCCGTGTCTCAACGA","HSC_F12","C6"
"BC_TTCCGTGTCTTCTGGC","HSC_F12","C7"
"BC_TTCCTAACAACTCATG","HSC_F12","C5"
"BC_TTCCTAAGTATCAGGG","HSC_F12","C5"
"BC_TTCCTCTAGCAATTCC","HSC_F12","C5"
"BC_TTCCTCTAGCATGATA","HSC_F12","C7"
"BC_TTCCTCTCACTAGTAC","HSC_F12","C5"
"BC_TTCCTCTGTAACATAG","HSC_F12","C6"
"BC_TTCCTCTGTATCTTCT","HSC_F12","C6"
"BC_TTCCTCTGTGGACCTC","HSC_F12","C5"
"BC_TTCCTCTTCATTTGCT","HSC_F12","C7"
"BC_TTCCTTCAGAGCCGAT","HSC_F12","C6"
"BC_TTCCTTCGTGAATATG","HSC_F12","C6"
"BC_TTCGATTGTGGGACAT","HSC_F12","C6"
"BC_TTCGATTTCGGACGTC","HSC_F12","C5"
"BC_TTCGCTGCACCTCTGT","HSC_F12","C6"
"BC_TTCGCTGGTTACTCAG","HSC_F12","C6"
"BC_TTCGCTGTCCGCTTAC","HSC_F12","C5"
"BC_TTCGGTCAGTGCACAG","HSC_F12","C7"
"BC_TTCGGTCCAAACGAGC","HSC_F12","C6"
"BC_TTCGGTCTCCCTCATG","HSC_F12","C6"
"BC_TTCTAACAGTCAAGCG","HSC_F12","C5"
"BC_TTCTAACTCGACGAGA","HSC_F12","C6"
"BC_TTCTAGTAGTCTGGAG","HSC_F12","C7"
"BC_TTCTAGTGTAAGATCA","HSC_F12","C7"
"BC_TTCTAGTTCAAGCCCG","HSC_F12","C6"
"BC_TTCTAGTTCCTGTACC","HSC_F12","C6"
"BC_TTCTCTCAGGTGCTTT","HSC_F12","C7"
"BC_TTCTCTCCAAGTACCT","HSC_F12","C6"
"BC_TTCTCTCCACCTCAGG","HSC_F12","C7"
"BC_TTCTCTCCATATTCGG","HSC_F12","C6"
"BC_TTCTGTAGTCAGTCGC","HSC_F12","C6"
"BC_TTCTGTATCGCCTATC","HSC_F12","C5"
"BC_TTCTGTATCTGGGTCG","HSC_F12","C6"
"BC_TTCTTCCAGGATCATA","HSC_F12","C6"
"BC_TTCTTCCAGGTAAGTT","HSC_F12","C6"
"BC_TTCTTCCGTAGCCAGA","HSC_F12","C7"
"BC_TTCTTCCTCCTAGCCT","HSC_F12","C3"
"BC_TTCTTGAAGCCGCACT","HSC_F12","C6"
"BC_TTCTTGAAGCGCCCAT","HSC_F12","C6"
"BC_TTCTTGAGTGGGACAT","HSC_F12","C7"
"BC_TTCTTGATCGTCAGAT","HSC_F12","C6"
"BC_TTCTTGATCTACTCAT","HSC_F12","C6"
"BC_TTGAACGAGACCAAGC","HSC_F12","C7"
"BC_TTGAACGGTGGGTCAA","HSC_F12","C7"
"BC_TTGAACGGTGTACGCC","HSC_F12","C7"
"BC_TTGACCCAGCAGCCTC","HSC_F12","C6"
"BC_TTGACCCAGGTGCTTT","HSC_F12","C7"
"BC_TTGACCCCAAGATGTA","HSC_F12","C6"
"BC_TTGACCCCACAAGCAG","HSC_F12","C3"
"BC_TTGACCCGTAACGTTC","HSC_F12","C7"
"BC_TTGACCCGTATAATGG","HSC_F12","C7"
"BC_TTGACCCTCCAGCAAT","HSC_F12","C5"
"BC_TTGAGTGTCCGAAGGA","HSC_F12","C6"
"BC_TTGATGGTCGCATTAG","HSC_F12","C6"
"BC_TTGCATTAGAAACTGT","HSC_F12","C6"
"BC_TTGCATTAGACTAGAT","HSC_F12","C5"
"BC_TTGCATTCAAAGGGTC","HSC_F12","C5"
"BC_TTGCATTTCATAGCAC","HSC_F12","C5"
"BC_TTGCCTGTCCTGGTCT","HSC_F12","C6"
"BC_TTGCGTCAGGTCGTCC","HSC_F12","C6"
"BC_TTGCGTCGTAATGCTC","HSC_F12","C7"
"BC_TTGCGTCTCACTCGAA","HSC_F12","C8"
"BC_TTGCGTCTCCATCTGC","HSC_F12","C7"
"BC_TTGCTGCCACTCCACT","HSC_F12","C6"
"BC_TTGCTGCCAGCAGAAC","HSC_F12","C6"
"BC_TTGCTGCTCATGGTAC","HSC_F12","C5"
"BC_TTGCTGCTCCCATACC","HSC_F12","C6"
"BC_TTGCTGCTCCCGTTCA","HSC_F12","C5"
"BC_TTGCTGCTCCTTATGT","HSC_F12","C6"
"BC_TTGCTGCTCTTGCGCT","HSC_F12","C5"
"BC_TTGGATGAGTATTGCC","HSC_F12","C6"
"BC_TTGGATGCACAACGTT","HSC_F12","C6"
"BC_TTGGATGCAGTAACCT","HSC_F12","C6"
"BC_TTGGATGGTTCGGTTA","HSC_F12","C7"
"BC_TTGGGATAGTAGTGCG","HSC_F12","C7"
"BC_TTGGGATAGTGGTTAA","HSC_F12","C7"
"BC_TTGGGATCACCCAATA","HSC_F12","C6"
"BC_TTGGGATTCGGCCAAC","HSC_F12","C5"
"BC_TTGGGATTCGGCCTTT","HSC_F12","C6"
"BC_TTGGGCGAGGCTCTCG","HSC_F12","C7"
"BC_TTGGGCGCACCGTCTT","HSC_F12","C5"
"BC_TTGGGCGGTCTGTTAG","HSC_F12","C5"
"BC_TTGGGCGGTGATCATC","HSC_F12","C7"
"BC_TTGGGCGTCACCTGGG","HSC_F12","C6"
"BC_TTGGGCGTCTCGCTTG","HSC_F12","C6"
"BC_TTGGGTACAGAAGCGT","HSC_F12","C7"
"BC_TTGGGTACAGAGCCCT","HSC_F12","C6"
"BC_TTGGGTAGTCGAAGCA","HSC_F12","C6"
"BC_TTGGGTATCAAGGTGG","HSC_F12","C6"
"BC_TTGGTTTAGGGATCTG","HSC_F12","C7"
"BC_TTGGTTTCATCCTTGC","HSC_F12","C6"
"BC_TTGGTTTGTCTAACTG","HSC_F12","C7"
"BC_TTGGTTTTCTAGACCA","HSC_F12","C6"
"BC_TTGGTTTTCTAGTACG","HSC_F12","C6"
"BC_TTGTGGAAGCGCTGAA","HSC_F12","C6"
"BC_TTGTGGAAGGTAAGGA","HSC_F12","C6"
"BC_TTGTGGATCATACAGC","HSC_F12","C7"
"BC_TTGTGTTAGCTCGAAG","HSC_F12","C7"
"BC_TTGTGTTCACGTGAGA","HSC_F12","C5"
"BC_TTGTGTTTCTAGGAAA","HSC_F12","C5"
"BC_TTGTTCAAGCCTCTTC","HSC_F12","C6"
"BC_TTGTTCACAGTCGCAC","HSC_F12","C7"
"BC_TTGTTCATCTCGGTAA","HSC_F12","C5"
"BC_TTGTTGTAGATGGCGT","HSC_F12","C7"
"BC_TTGTTGTAGCGTCAGA","HSC_F12","C6"
"BC_TTGTTGTAGCTATCTG","HSC_F12","C7"
"BC_TTGTTGTCAACACGTT","HSC_F12","C5"
"BC_TTGTTGTGTGACTAAA","HSC_F12","C7"
"BC_TTGTTGTGTGGTCTAT","HSC_F12","C6"
"BC_TTGTTTGCAAGTGACG","HSC_F12","C5"
"BC_TTGTTTGCACGGTGAA","HSC_F12","C7"
"BC_TTGTTTGCAGCGTACC","HSC_F12","C6"
"BC_TTTACCACAGCACACC","HSC_F12","C7"
"BC_TTTACCACAGGAATAT","HSC_F12","C7"
"BC_TTTACCAGTCTACGAT","HSC_F12","C7"
"BC_TTTACCAGTCTCAGAT","HSC_F12","C6"
"BC_TTTACCATCACCCATC","HSC_F12","C6"
"BC_TTTACCATCCATAGAC","HSC_F12","C6"
"BC_TTTACCATCCGTTGAA","HSC_F12","C7"
"BC_TTTACCATCGGAGTAG","HSC_F12","C7"
"BC_TTTACTGAGGAGACCT","HSC_F12","C6"
"BC_TTTACTGCAACCGCCA","HSC_F12","C6"
"BC_TTTACTGCAATTTCCT","HSC_F12","C7"
"BC_TTTACTGCACCTGCTT","HSC_F12","C7"
"BC_TTTACTGGTACAGAGC","HSC_F12","C7"
"BC_TTTAGTCAGCCGATCC","HSC_F12","C6"
"BC_TTTAGTCAGCGAGAAA","HSC_F12","C6"
"BC_TTTAGTCAGGTGATCG","HSC_F12","C7"
"BC_TTTAGTCCACCTCGTT","HSC_F12","C6"
"BC_TTTAGTCGTAGCGCCT","HSC_F12","C6"
"BC_TTTAGTCGTCTCACAA","HSC_F12","C6"
"BC_TTTATGCAGGTAGTCG","HSC_F12","C7"
"BC_TTTATGCCAACAGCCC","HSC_F12","C6"
"BC_TTTATGCCAACGGGTA","HSC_F12","C6"
"BC_TTTATGCCACTAACCA","HSC_F12","C5"
"BC_TTTATGCCATTACTCT","HSC_F12","C6"
"BC_TTTATGCGTGGACTGA","HSC_F12","C5"
"BC_TTTCACAAGAGTCTGG","HSC_F12","C7"
"BC_TTTCACAAGCTGGAGT","HSC_F12","C6"
"BC_TTTCACACACTGGCGT","HSC_F12","C6"
"BC_TTTCACACATCGCCTT","HSC_F12","C7"
"BC_TTTCACATCCCGAACG","HSC_F12","C6"
"BC_TTTCAGTAGCCAACCC","HSC_F12","C5"
"BC_TTTCAGTCAAAGGCTG","HSC_F12","C6"
"BC_TTTCAGTCACAGTGAG","HSC_F12","C6"
"BC_TTTCAGTCACTAAACC","HSC_F12","C6"
"BC_TTTCAGTCAGAACATA","HSC_F12","C5"
"BC_TTTCAGTCAGGTCCGT","HSC_F12","C6"
"BC_TTTCAGTGTCTGCCTT","HSC_F12","C5"
"BC_TTTCAGTGTGCGCTCA","HSC_F12","C6"
"BC_TTTCAGTTCTCCGAGG","HSC_F12","C5"
"BC_TTTCATGGTGAGGCAT","HSC_F12","C5"
"BC_TTTCATGGTTCGGCTG","HSC_F12","C7"
"BC_TTTCATGTCTTACCGC","HSC_F12","C6"
"BC_TTTCCTCAGAGGCGGA","HSC_F12","C6"
"BC_TTTCCTCCACAGTACT","HSC_F12","C6"
"BC_TTTCCTCTCACAATGC","HSC_F12","C6"
"BC_TTTCCTCTCCGATAAC","HSC_F12","C6"
"BC_TTTCCTCTCGGACCAC","HSC_F12","C7"
"BC_TTTCGATAGCACCGTC","HSC_F12","C7"
"BC_TTTCGATAGCTCTTCC","HSC_F12","C6"
"BC_TTTCGATAGCTGACAG","HSC_F12","C5"
"BC_TTTCGATCAAGCAGGT","HSC_F12","C7"
"BC_TTTCGATCAGTGGGTA","HSC_F12","C5"
"BC_TTTCGATGTGTTGACT","HSC_F12","C6"
"BC_TTTCGATTCCTTATCA","HSC_F12","C6"
"BC_TTTGACTAGCTTCATG","HSC_F12","C6"
"BC_TTTGACTAGTGACCTT","HSC_F12","C7"
"BC_TTTGACTAGTGCAGCA","HSC_F12","C7"
"BC_TTTGACTCAGCACAAG","HSC_F12","C7"
"BC_TTTGACTTCCGTAGTA","HSC_F12","C6"
"BC_TTTGATCAGAGGTTTA","HSC_F12","C6"
"BC_TTTGATCCACACGGTC","HSC_F12","C7"
"BC_TTTGATCCATATACCG","HSC_F12","C6"
"BC_TTTGATCCATATCGGT","HSC_F12","C6"
"BC_TTTGATCGTGCGGTAA","HSC_F12","C5"
"BC_TTTGGAGAGTCGTCTA","HSC_F12","C6"
"BC_TTTGGAGAGTCTGGTT","HSC_F12","C6"
"BC_TTTGGAGAGTGAGTTA","HSC_F12","C6"
"BC_TTTGGAGCATAACAGA","HSC_F12","C5"
"BC_TTTGGAGGTCGTCATA","HSC_F12","C7"
"BC_TTTGGAGTCAGGAGAC","HSC_F12","C5"
"BC_TTTGGAGTCGCCGTGA","HSC_F12","C7"
"BC_TTTGGTTGTCAACCAT","HSC_F12","C6"
"BC_TTTGGTTTCTGGACCG","HSC_F12","C5"
"BC_TTTGTTGAGCAGCAGT","HSC_F12","C7"
"BC_TTTGTTGAGCAGTAAT","HSC_F12","C5"
"BC_TTTGTTGCAGCTCGGT","HSC_F12","C6"
"BC_TTTGTTGGTACTAGCT","HSC_F12","C6"
"BC_TTTGTTGGTACTCCGG","HSC_F12","C7"
"BC_TTTGTTGGTTAACCTG","HSC_F12","C6"
"BC_TTTGTTGTCACATACG","HSC_F12","C6"
"BC_TTTGTTGTCCCAAGCG","HSC_F12","C7"
"BC_AAAGTGACATGACTGT","hESC_C9","C0"
"BC_TTCAGGATCGTAGCTA","hESC_C12","C3"
"BC_ACCCTCACAGACGGAT","hESC_C9","C2"
"BC_CAGTTAGAGCTAGTTC","hESC_C9","C0"
"BC_TACCGAAGTCCAGCGT","hESC_D3","C0"
"BC_AAGCCATAGGCGATAC","hESC_C9","C4"
"BC_ATCCCTGCACCCTGAG","hESC_D3","C0"
"BC_GTGTCCTAGGTATCTC","hESC_D3","C0"
"BC_ATGTCTTGTATCATGC","hESC_C9","C2"
"BC_TGAGACTCAGCAGTAG","hESC_C9","C0"
"BC_ACATGCATCTCTTCAA","hESC_C12","C0"
"BC_TAGATCGAGTGATAAC","hESC_C9","C0"
"BC_CAACAACCACCAGTAT","hESC_D3","C3"
"BC_AAAGAACGTGCACATT","hESC_D3","C0"
"BC_ACCCTCAGTACGTTCA","hESC_A7","C2"
"BC_TCATTTGGTCCAAGAG","hESC_C9","C0"
"BC_TGATCAGTCTGAATGC","hESC_D3","C0"
"BC_CTCTGGTCAGTGTATC","hESC_A7","C1"
"BC_CAATTTCAGTGGTGGT","hESC_D3","C0"
"BC_TGGGCGTGTTGAGTCT","hESC_C9","C0"
"BC_TCCCAGTTCGATGCTA","hESC_C9","C0"
"BC_GCTCAAAAGGCTCAAG","hESC_D3","C0"
"BC_CTTTCAACATGAATCC","hESC_A7","C0"
"BC_ATACCTTCAGCTATAC","hESC_C9","C2"
"BC_TCTCACGTCCCGAATA","hESC_C9","C0"
"BC_TCAGGGCCATGGAATA","hESC_C9","C0"
"BC_CTGTATTGTCGATTAC","hESC_C9","C3"
"BC_TGTAAGCCAGACCATT","hESC_D3","C0"
"BC_GTTACGAGTTGAGAGC","hESC_A7","C1"
"BC_CAAGCTAAGACATCAA","hESC_A7","C3"
"BC_GATGAGGCATTGGGAG","hESC_C9","C0"
"BC_GTGTTAGTCCTCGCAT","hESC_C9","C2"
"BC_ACTTTCACAACTAGAA","hESC_C9","C0"
"BC_GTTAGTGGTGTTATCG","hESC_D3","C0"
"BC_TGGAGAGTCTTGTTAC","hESC_C12","C3"
"BC_AGGTCTATCTGGAAGG","hESC_C9","C3"
"BC_TTACGCCCACAGCATT","hESC_A7","C3"
"BC_GCCAGGTTCTATCACT","hESC_C9","C3"
"BC_AAGTGAAGTCTTGGTA","hESC_C12","C3"
"BC_TCGTCCACAGATCACT","hESC_A7","C0"
"BC_CAACGATTCGAGCACC","hESC_D3","C0"
"BC_ATCGATGGTGATAGTA","hESC_A7","C1"
"BC_TGACCCTAGTCCTGTA","hESC_C9","C3"
"BC_CTCCCAAGTTGGTACT","hESC_A7","C2"
"BC_AAGTCGTCAGACCAGA","hESC_A7","C3"
"BC_GCTGAATTCCCTTGGT","hESC_C12","C3"
"BC_TTTCGATGTATTGCCA","hESC_C9","C3"
"BC_ATTTCACGTGGATCAG","hESC_A7","C0"
"BC_TGGATCAGTACTGACT","hESC_D3","C3"
"BC_AGTGATCGTCCACGCA","hESC_D3","C0"
"BC_TCGGGTGCAAACGGCA","hESC_C9","C0"
"BC_TTCTTCCCACAAGCAG","hESC_C9","C3"
"BC_TGTTACTGTAACCCTA","hESC_C9","C0"
"BC_TTCACGCTCTAGACCA","hESC_C9","C3"
"BC_GAGGGTACATCCGGTG","hESC_D3","C0"
"BC_AATCGACCAGGGAATC","hESC_C12","C3"
"BC_TTGGATGGTACAGAAT","hESC_C9","C0"
"BC_AGAAATGCAAAGGGCT","hESC_A7","C0"
"BC_TCATCATTCGGTCGGT","hESC_C9","C0"
"BC_AGGACTTCAGTATGAA","hESC_D3","C3"
"BC_TGTTGAGAGATAGTGT","hESC_C9","C0"
"BC_GTTACGACAACTGTGT","hESC_A7","C0"
"BC_ATGATCGAGACCAAGC","hESC_C12","C0"
"BC_AGAACAAGTGAGCGAT","hESC_C9","C2"
"BC_GTCTTTATCATTGCTT","hESC_A7","C0"
"BC_CGGGACTAGCTGACAG","hESC_C9","C2"
"BC_CATGCAATCAACCTCC","hESC_A7","C3"
"BC_TGGGCTGCAACCTATG","hESC_A7","C3"
"BC_TTACTGTGTCCAGCAC","hESC_C9","C3"
"BC_TATCCTAGTCAAAGTA","hESC_C9","C3"
"BC_GGCACGTCATCAGTCA","hESC_C9","C0"
"BC_CCACGAGGTGTCTTGA","hESC_A7","C0"
"BC_GGTCTGGGTGCATGTT","hESC_C9","C0"
"BC_CACATGACACCACTGG","hESC_C9","C3"
"BC_GCGGAAATCTGGAGAG","hESC_C9","C3"
"BC_GGGTTATAGTGCTCGC","hESC_D3","C3"
"BC_GAAATGACACTGTGAT","hESC_C9","C0"
"BC_TGTGTGAGTTAGGGTG","hESC_C9","C0"
"BC_TCATTTGTCGTAGTCA","hESC_D3","C0"
"BC_AGGGCCTTCGTAGCCG","hESC_C12","C0"
"BC_TTCCAATTCCGCGAGT","hESC_C9","C0"
"BC_GGGTGAATCTCCTGTG","hESC_A7","C0"
"BC_ATCAGGTGTACGTAGG","hESC_A7","C3"
"BC_TAGACTGCAGATCATC","hESC_C9","C3"
"BC_GCACGTGCAATGGGTG","hESC_C12","C0"
"BC_TCTCACGCACAAAGTA","hESC_C9","C0"
"BC_AGACCATCAAGACGGT","hESC_D3","C0"
"BC_TGTACAGAGCATCAGG","hESC_D3","C0"
"BC_CACTGGGAGTCATAGA","hESC_C9","C0"
"BC_CATACTTGTTGCTGAT","hESC_D3","C0"
"BC_AGGCCACCACTGCTTC","hESC_C9","C0"
"BC_GACCTTCCACAGTCCG","hESC_C9","C0"
"BC_TTACTGTCACGCGTGT","hESC_A7","C0"
"BC_GTGCGTGCAGTTAAAG","hESC_A7","C0"
"BC_TAGTGCAGTTAGCTAC","hESC_C12","C3"
"BC_ACATTTCTCTAATTCC","hESC_A7","C0"
"BC_ATGATCGAGCTCGTGC","hESC_C12","C0"
"BC_AGTCACAGTGTCCATA","hESC_C12","C0"
"BC_TGTACAGTCGTTATCT","hESC_D3","C0"
"BC_GTAGATCAGTCGCCCA","hESC_D3","C3"
"BC_TTGCTGCTCCATCTGC","hESC_C9","C3"
"BC_ATTCCCGGTGGCCACT","hESC_A7","C0"
"BC_TGTACAGGTCCAAGAG","hESC_D3","C0"
"BC_GCTTCACAGTAAACTG","hESC_C9","C1"
"BC_TTTACGTCATCGCCTT","hESC_C9","C3"
"BC_TCGGTCTTCCGTTTCG","hESC_A7","C0"
"BC_AGACCATTCCTCACCA","hESC_A7","C2"
"BC_ATTTCACTCTGGACCG","hESC_D3","C0"
"BC_TGCTTCGCATAGGCGA","hESC_A7","C0"
"BC_TGCGATACACACGTGC","hESC_D3","C1"
"BC_TGAGGTTAGAAACCAT","hESC_A7","C0"
"BC_GGAAGTGAGGGCATGT","hESC_C12","C0"
"BC_TTCTAACTCCATACTT","hESC_C12","C1"
"BC_GTTACGACATATTCGG","hESC_C9","C3"
"BC_GAATCGTAGGCCTAGA","hESC_A7","C0"
"BC_TGCAGTAGTGACAGGT","hESC_C9","C0"
"BC_GACTATGTCGAGAACG","hESC_C9","C0"
"BC_GGGTCTGCAGAATTCC","hESC_C9","C3"
"BC_GTGAGTTCATTCGATG","hESC_C9","C0"
"BC_TCCTAATGTCTTTCAT","hESC_D3","C0"
"BC_TTCATTGCAACTGTGT","hESC_D3","C0"
"BC_GAAGCGACATCGCTGG","hESC_A7","C0"
"BC_AAGCATCGTTGAATCC","hESC_C9","C1"
"BC_CATGGATCAGACGGAT","hESC_A7","C2"
"BC_AAACCCATCGCCAGTG","hESC_A7","C0"
"BC_GTAGAAAAGGGTCACA","hESC_A7","C0"
"BC_CTCCATGGTTCTCGTC","hESC_C9","C2"
"BC_CATACCCTCCTTCGAC","hESC_A7","C3"
"BC_TTCCGTGGTCTGTAGT","hESC_C9","C0"
"BC_AAACGAATCCATCACC","hESC_C9","C0"
"BC_TCATACTGTTCAGCTA","hESC_C12","C3"
"BC_AGCTTCCGTAGCGTTT","hESC_A7","C0"
"BC_ATCACAGGTCGACGCT","hESC_D3","C0"
"BC_AGGAAATGTAAGGCTG","hESC_C9","C2"
"BC_GTTCATTGTCACAATC","hESC_C9","C0"
"BC_ACGGTTAAGCTCAGAG","hESC_D3","C0"
"BC_CCTCCTCCACTACGGC","hESC_C9","C3"
"BC_GTGCTTCGTGAATTGA","hESC_A7","C0"
"BC_GCTGGGTCAACGCCCA","hESC_C12","C2"
"BC_TCAGCCTGTCTACGTA","hESC_C9","C3"
"BC_GTGCAGCAGCTAAACA","hESC_C9","C0"
"BC_GTATTGGTCACATACG","hESC_A7","C1"
"BC_GGGTGAACAAAGAACT","hESC_D3","C0"
"BC_CCTACGTAGATGCGAC","hESC_C9","C0"
"BC_AGTACTGAGCACCGAA","hESC_C12","C0"
"BC_AGACCCGGTGTCCAAT","hESC_A7","C3"
"BC_ATCGTCCTCTTTGGAG","hESC_D3","C0"
"BC_GATGGAGTCCATCCGT","hESC_A7","C0"
"BC_TGATTCTTCCGTGTCT","hESC_C9","C0"
"BC_GATTGGTGTAATTAGG","hESC_A7","C0"
"BC_GCAGCCACAAGACAAT","hESC_C9","C0"
"BC_AAAGAACTCGCTAGCG","hESC_C9","C0"
"BC_CCACACTCAAAGGCGT","hESC_C12","C0"
"BC_TGGATGTGTTGATGTC","hESC_C9","C2"
"BC_ACTTATCGTTTGATCG","hESC_C9","C0"
"BC_CGATGCGGTCCATCTC","hESC_C9","C0"
"BC_CTGTGAATCCCATAGA","hESC_C9","C2"
"BC_CTGTACCAGCACCCAC","hESC_C9","C3"
"BC_TGTTCATGTGACTATC","hESC_C9","C0"
"BC_GTCGCGACATAGATCC","hESC_D3","C0"
"BC_CGAAGTTAGATGGTAT","hESC_C9","C3"
"BC_AGCATCATCATGCGGC","hESC_C9","C1"
"BC_GCAGTTAGTGAATTAG","hESC_C12","C0"
"BC_CCCATTGTCCCAATAG","hESC_C9","C3"
"BC_GAGCCTGTCTACCACC","hESC_C12","C2"
"BC_GGGACTCAGTGGTGAC","hESC_A7","C3"
"BC_CATAAGCAGCGAAACC","hESC_A7","C3"
"BC_AGCGTATTCTGTGTGA","hESC_A7","C0"
"BC_GCTCAAACAGTGTGCC","hESC_A7","C2"
"BC_CCGAACGGTGTCTCCT","hESC_D3","C3"
"BC_AATGCCACAAGAGTTA","hESC_C9","C2"
"BC_TCATGTTTCTACGGTA","hESC_C9","C3"
"BC_CTCGAGGTCTCCTGCA","hESC_C12","C0"
"BC_TCAGGGCGTAGGCAGT","hESC_C12","C2"
"BC_CCACAAAAGCACACCC","hESC_C12","C3"
"BC_ACCCTCATCGTAACTG","hESC_C9","C0"
"BC_TAGTGCACATCGAGCC","hESC_C12","C2"
"BC_GGCGTCAAGCACTCAT","hESC_D3","C0"
"BC_GAGAGGTCACCAAAGG","hESC_C9","C0"
"BC_AGGGAGTTCCTATTGT","hESC_A7","C0"
"BC_TCATTTGTCTCTGCCA","hESC_C9","C0"
"BC_GAGTTACGTTTCGTAG","hESC_C9","C0"
"BC_TACGGGCGTCTGTGCG","hESC_C12","C3"
"BC_CATGGTAGTTTACGTG","hESC_A7","C0"
"BC_GAACGTTAGTAGTCTC","hESC_D3","C2"
"BC_GACAGCCGTGCCGGTT","hESC_D3","C0"
"BC_GTGTCCTGTAGGCAAC","hESC_C9","C0"
"BC_AGTGTTGCAGAATCGG","hESC_C12","C3"
"BC_GAAGCCCCACAACATC","hESC_D3","C2"
"BC_CTGTAGACAATCGTCA","hESC_D3","C0"
"BC_CTCTGGTCAAAGACTA","hESC_D3","C0"
"BC_AGTAACCTCCGGACTG","hESC_A7","C3"
"BC_ATTGGGTTCCGCTGTT","hESC_A7","C3"
"BC_ATCGCCTTCGTTAGTG","hESC_D3","C2"
"BC_TGAGGTTAGAGTCAAT","hESC_C9","C0"
"BC_CTCCATGGTCTTGAAC","hESC_C9","C0"
"BC_TTTGACTAGAGGACTC","hESC_C9","C2"
"BC_CGGACACGTCTGCAAT","hESC_C12","C3"
"BC_GGAACCCAGCACTGGA","hESC_C9","C3"
"BC_GTTACGAAGGCTCTCG","hESC_C9","C0"
"BC_AAGGAATAGATTCGAA","hESC_A7","C0"
"BC_GTAGATCCAGAACTAA","hESC_C9","C0"
"BC_CCTCAACCAGGCTTGC","hESC_C9","C3"
"BC_ACATCCCTCGAGCACC","hESC_A7","C0"
"BC_TGAACGTTCCATAGGT","hESC_A7","C0"
"BC_TCAATTCTCGTTTACT","hESC_D3","C0"
"BC_GACCTTCCAGCCCACA","hESC_A7","C3"
"BC_AGTGTTGTCCATGCAA","hESC_D3","C0"
"BC_TCCCAGTGTTCGGCGT","hESC_A7","C2"
"BC_GGTCTGGAGTATGCAA","hESC_A7","C0"
"BC_CATCGGGCAAGAGTAT","hESC_C9","C0"
"BC_TTAGGGTCACTTGACA","hESC_C12","C0"
"BC_ACTACGACAATCCAGT","hESC_D3","C0"
"BC_CAAGACTAGGTAGTCG","hESC_C9","C2"
"BC_GTTAGACAGCTGACTT","hESC_C9","C3"
"BC_TGATGGTCATCCCACT","hESC_C12","C0"
"BC_AGGGCCTAGGTTTACC","hESC_C12","C0"
"BC_AACAGGGAGGTTAAAC","hESC_D3","C0"
"BC_TCCTGCAGTAATGTGA","hESC_C9","C3"
"BC_ATCGTCCCAAATGCTC","hESC_C9","C2"
"BC_TGGAACTAGGCAATGC","hESC_C12","C0"
"BC_TAGATCGCACGCTGTG","hESC_A7","C0"
"BC_GTCCCATGTGACCTGC","hESC_C9","C0"
"BC_GATCCCTCACATAACC","hESC_C9","C3"
"BC_TACGCTCTCCTTCACG","hESC_A7","C3"
"BC_CATAAGCGTTATTCCT","hESC_A7","C2"
"BC_GCCATGGAGGCATGCA","hESC_A7","C0"
"BC_AGATAGATCAGACAAA","hESC_C9","C0"
"BC_ACTATGGTCACCATCC","hESC_C9","C0"
"BC_TGTAAGCGTTCCGGTG","hESC_A7","C3"
"BC_AGAGAGCCAATACGAA","hESC_C9","C0"
"BC_ACTATGGAGACTACCT","hESC_D3","C3"
"BC_ATCCATTAGCTGGCCT","hESC_D3","C0"
"BC_AAATGGATCCGGTTCT","hESC_C9","C3"
"BC_GGTAGAGCACCACTGG","hESC_C9","C1"
"BC_ATTATCCTCGCAAGAG","hESC_C12","C0"
"BC_ACCAACAGTACAAACA","hESC_D3","C3"
"BC_AGAACCTCATGTTCAG","hESC_D3","C0"
"BC_GAAGGACGTGGATTTC","hESC_D3","C0"
"BC_CTCTCAGTCGTTCTAT","hESC_D3","C0"
"BC_GTATTGGAGATAGTGT","hESC_C9","C0"
"BC_TACACCCTCTGAGAGG","hESC_D3","C1"
"BC_CCACCATCACCATTCC","hESC_C9","C3"
"BC_TTCTGTACATAGATGA","hESC_D3","C0"
"BC_GAGTTTGCATTGAGCT","hESC_A7","C0"
"BC_GAAGTAACAAGGGCAT","hESC_D3","C0"
"BC_GACTCAAGTATCGAGG","hESC_C9","C3"
"BC_GGTTCTCGTTGAATCC","hESC_A7","C3"
"BC_GGAGGTACACATTACG","hESC_C9","C3"
"BC_TCGCACTCACGACAAG","hESC_C9","C0"
"BC_AAGCGAGGTGGACAGT","hESC_C12","C0"
"BC_TATTCCAAGTCGCCAC","hESC_D3","C0"
"BC_ATTCAGGCATGGATCT","hESC_D3","C0"
"BC_TCATGAGGTGGTCCCA","hESC_C9","C0"
"BC_GAATCACTCGATGGAG","hESC_C12","C0"
"BC_TACGGGCGTCCAGCGT","hESC_A7","C0"
"BC_CAGGGCTCATGAAGGC","hESC_C9","C0"
"BC_AAAGTGAGTAGTCACT","hESC_C9","C0"
"BC_GGCAGTCGTCTGTAAC","hESC_C9","C0"
"BC_GTCTGTCGTTTGCAGT","hESC_A7","C0"
"BC_TACGCTCGTACCTATG","hESC_A7","C0"
"BC_AGGGTCCTCCACGTCT","hESC_D3","C0"
"BC_CCCGAAGGTAACATCC","hESC_A7","C3"
"BC_GGGTGAAAGGTACCTT","hESC_C9","C0"
"BC_GACGCTGAGGCTAGCA","hESC_D3","C0"
"BC_ACACAGTGTGTCTTCC","hESC_C12","C2"
"BC_GCCATGGAGGTTGGAC","hESC_C12","C0"
"BC_TTTATGCTCCGTACGG","hESC_C12","C1"
"BC_GCAGCCAAGCGACTAG","hESC_D3","C0"
"BC_TAGACTGTCGGTCAGC","hESC_C9","C0"
"BC_GTGGGAATCACGGGCT","hESC_C12","C0"
"BC_ATCGCCTGTAACTAAG","hESC_D3","C0"
"BC_GGTAACTAGGCATTTC","hESC_D3","C0"
"BC_CTCCTCCGTGTATTCG","hESC_A7","C2"
"BC_TAGGTTGCATATCTGG","hESC_A7","C0"
"BC_TACCGGGGTTCTGACA","hESC_C12","C3"
"BC_ACAAAGATCATGGGAG","hESC_C9","C1"
"BC_GCTTCACCAACCGTGC","hESC_C9","C0"
"BC_GGAGATGCAAGTCCCG","hESC_C9","C3"
"BC_TCGAAGTAGTCTTCGA","hESC_C9","C0"
"BC_CAGTGCGTCAGAACCT","hESC_C9","C0"
"BC_TGGTTAGCACAGTACT","hESC_C12","C3"
"BC_TCAGTGATCATTACTC","hESC_A7","C0"
"BC_AGTGCCGGTCTCACAA","hESC_C12","C0"
"BC_CTTGAGAGTCGAACGA","hESC_C9","C0"
"BC_CAGCGTGTCCAAATGC","hESC_C12","C0"
"BC_GATCGTACACTGGAAG","hESC_D3","C0"
"BC_ATGGATCTCTGGTCAA","hESC_D3","C0"
"BC_ATTCATCCAGCCGGTT","hESC_D3","C0"
"BC_AGTCATGTCACCGCTT","hESC_C9","C0"
"BC_ACCTGAACAGTACTAC","hESC_A7","C0"
"BC_CCGGACATCGCTTGAA","hESC_A7","C0"
"BC_ACACGCGCATGAGATA","hESC_C12","C2"
"BC_AAGGAATGTGTATTGC","hESC_D3","C0"
"BC_AACGAAATCTTACGGA","hESC_D3","C0"
"BC_AGTAACCCAGATAAAC","hESC_C9","C0"
"BC_GCCGTGACACTGTCCT","hESC_D3","C1"
"BC_AGTGATCTCCACAGGC","hESC_C9","C0"
"BC_CATGCAACACCATTCC","hESC_C12","C3"
"BC_AAGTCGTTCTGCCTCA","hESC_C12","C0"
"BC_CACCGTTGTAGCGAGT","hESC_C12","C0"
"BC_TGCTTGCAGCTCTTCC","hESC_D3","C0"
"BC_AAATGGACACTAGGTT","hESC_A7","C0"
"BC_GCTGCAGTCCATTGTT","hESC_C12","C0"
"BC_ATCGTGAAGTATTCCG","hESC_A7","C3"
"BC_CTGCATCTCGTAATGC","hESC_C9","C0"
"BC_CTGAGCGAGGAAAGAC","hESC_C9","C3"
"BC_GTATTGGCATTCATCT","hESC_C9","C3"
"BC_CGGGACTCAGAGGAAA","hESC_C9","C0"
"BC_ACATCCCAGGCGATAC","hESC_A7","C0"
"BC_GTCACGGTCTTCTAAC","hESC_D3","C0"
"BC_AACCCAAAGTACTCGT","hESC_D3","C0"
"BC_AGGGTGAAGCTTCGTA","hESC_A7","C4"
"BC_TTCTGTAGTGGTCTCG","hESC_A7","C3"
"BC_CCTTTGGGTGGGACAT","hESC_D3","C0"
"BC_CATTCATGTACACGTT","hESC_C12","C0"
"BC_GTCCACTTCCAACCGG","hESC_A7","C1"
"BC_CACTTCGCAAATCCCA","hESC_C9","C3"
"BC_ACCTGAATCACTTTGT","hESC_C12","C0"
"BC_TATCAGGAGTCGAGGT","hESC_C9","C0"
"BC_CATTCCGGTGAGGATC","hESC_C9","C0"
"BC_AGCGATTAGTTGTAAG","hESC_A7","C1"
"BC_GACATCATCCGGCAGT","hESC_A7","C1"
"BC_GAAACCTGTCACCGCA","hESC_D3","C3"
"BC_CAATGACCAGTCGGTC","hESC_D3","C0"
"BC_CTACCCATCGCCAATA","hESC_A7","C0"
"BC_TAGGGTTTCGAGATGG","hESC_C9","C0"
"BC_GACAGCCTCAACCTTT","hESC_C9","C3"
"BC_CTAACCCGTGAGATAT","hESC_C9","C3"
"BC_ACCCAAATCTACTTCA","hESC_C12","C3"
"BC_TACACCCTCTGTGCAA","hESC_A7","C3"
"BC_GTCTAGACATTCTCCG","hESC_C9","C0"
"BC_GTTGCTCAGGGTTGCA","hESC_D3","C0"
"BC_CCCAACTGTTGCTCAA","hESC_D3","C2"
"BC_TAGATCGTCTGTCTCG","hESC_D3","C2"
"BC_GAGACTTGTGATATAG","hESC_C12","C0"
"BC_TCGGGTGGTCCCACGA","hESC_D3","C0"
"BC_GTGAGTTAGTCTAGAA","hESC_D3","C0"
"BC_AGTTCCCAGAGCGACT","hESC_C9","C0"
"BC_AAGATAGGTGACTGTT","hESC_A7","C3"
"BC_CGTGTCTAGGGACCAT","hESC_D3","C0"
"BC_CTTCAATTCTAGCATG","hESC_D3","C0"
"BC_CAATGACTCTACACAG","hESC_C12","C3"
"BC_GGAGAACGTTCTCCCA","hESC_D3","C1"
"BC_AGGGCCTGTACAAAGT","hESC_D3","C3"
"BC_ACCTGAAAGATTCGCT","hESC_C9","C0"
"BC_AGAACCTCATTATGCG","hESC_D3","C1"
"BC_CATCCGTCATAATCGC","hESC_A7","C0"
"BC_GGATGTTTCTTCCACG","hESC_C9","C0"
"BC_CTTGATTCATCCTAAG","hESC_D3","C1"
"BC_TCTAACTTCTAACACG","hESC_C12","C0"
"BC_CTACCCAAGCATACTC","hESC_C12","C0"
"BC_GTCCCATTCACAATGC","hESC_A7","C3"
"BC_AGCCAATAGATTCGAA","hESC_C9","C0"
"BC_TCTGCCATCTAACGCA","hESC_D3","C0"
"BC_AGATAGAAGGCGTTAG","hESC_C12","C3"
"BC_TACGGTATCAGATGCT","hESC_C9","C0"
"BC_CTCAGGGTCATTGCCC","hESC_C12","C0"
"BC_GCCGATGTCATGTCTT","hESC_C12","C0"
"BC_TCCTAATGTGTAAACA","hESC_C9","C0"
"BC_TCCAGAAGTGTGTCCG","hESC_C12","C0"
"BC_ATAGACCAGCTAAGTA","hESC_A7","C3"
"BC_ACTGTGACAATGTTGC","hESC_D3","C0"
"BC_TCATTGTAGGAGGCAG","hESC_C9","C3"
"BC_AGAACAAAGAAGTCCG","hESC_C12","C2"
"BC_ATCGCCTAGCCGATTT","hESC_C9","C0"
"BC_ATCATTCGTCTCGGAC","hESC_C9","C0"
"BC_ACATTTCCAGCGTTGC","hESC_C12","C0"
"BC_CCGTGAGAGAATCTAG","hESC_D3","C0"
"BC_CCATCACAGCAGGCTA","hESC_A7","C3"
"BC_TATGTTCCACAACGAG","hESC_A7","C0"
"BC_CCTAAGAGTTCTCCAC","hESC_C9","C0"
"BC_ATCGATGGTTTGAAAG","hESC_D3","C0"
"BC_ATTCATCGTCATGCAT","hESC_A7","C3"
"BC_CTGGACGTCGACTCCT","hESC_D3","C1"
"BC_TAGTGCAAGATCACCT","hESC_D3","C3"
"BC_TTCTTCCGTGATACTC","hESC_C12","C0"
"BC_TCCCATGGTGTAAATG","hESC_C9","C0"
"BC_TCATTCACATGCTGCG","hESC_D3","C0"
"BC_CTCATTAGTGGATACG","hESC_C12","C2"
"BC_GTTGCGGTCCTCTTTC","hESC_D3","C2"
"BC_TGGGATTGTCCTGTCT","hESC_C12","C0"
"BC_CTTCCGACAAATGATG","hESC_C9","C3"
"BC_GTATTGGAGCAATAGT","hESC_C9","C0"
"BC_GTTTACTGTAACTAAG","hESC_C9","C0"
"BC_TGAGGGAAGTCGAAGC","hESC_D3","C1"
"BC_CAGATTGCACCTGTCT","hESC_A7","C0"
"BC_GAGACCCAGGCAGCTA","hESC_D3","C0"
"BC_TTCATGTGTGTCCCTT","hESC_A7","C3"
"BC_ACTCCCATCTCTCGCA","hESC_C9","C3"
"BC_TTGCCTGTCATGCCAA","hESC_A7","C0"
"BC_GACTCAAAGCTGAGCA","hESC_A7","C3"
"BC_GGGAAGTGTTACCTTT","hESC_A7","C3"
"BC_GTCTACCGTCCTGTCT","hESC_D3","C0"
"BC_AATGCCACAGTAGTGG","hESC_A7","C2"
"BC_AGCTCAAGTTTCGTTT","hESC_C9","C0"
"BC_ACATCCCCAGACTCTA","hESC_C12","C0"
"BC_TCGGGACAGGAACGTC","hESC_A7","C0"
"BC_ACTGTGAGTTAGGAGC","hESC_C9","C0"
"BC_CCACACTTCAGCAATC","hESC_A7","C2"
"BC_CCTCACACAAATGGCG","hESC_C9","C0"
"BC_TTACGCCGTCGGCTAC","hESC_D3","C0"
"BC_CTACATTGTTACCTTT","hESC_A7","C3"
"BC_TGCGATACACTGGATT","hESC_D3","C0"
"BC_ACACTGACAGCTTTGA","hESC_D3","C0"
"BC_GACCGTGAGTTTGGCT","hESC_D3","C2"
"BC_CAGCAATGTTACCTGA","hESC_A7","C0"
"BC_CTCAACCTCCTTCTTC","hESC_D3","C3"
"BC_ATCGGATCAACTTCTT","hESC_A7","C1"
"BC_AGAAGCGTCTCTATGT","hESC_C12","C3"
"BC_GAGTTTGAGGTCACAG","hESC_C12","C0"
"BC_GGTTGTATCTCCGATC","hESC_C9","C0"
"BC_CGAAGTTTCCTGGGTG","hESC_A7","C0"
"BC_ACACCAAGTGCCCGTA","hESC_C12","C3"
"BC_TCAGTTTTCGCATTGA","hESC_C9","C0"
"BC_GCTACCTTCATTACTC","hESC_D3","C3"
"BC_ATGGAGGAGAGGTTAT","hESC_D3","C1"
"BC_AGTGTTGGTACTGGGA","hESC_C9","C0"
"BC_CCGTGAGCATCGTTCC","hESC_A7","C0"
"BC_CTTAGGAAGCGTGTCC","hESC_A7","C0"
"BC_ATGCCTCTCGCGTAGC","hESC_C9","C3"
"BC_GTTCATTTCCCATTTA","hESC_D3","C0"
"BC_TCCTCTTCAACACACT","hESC_C9","C3"
"BC_CCAATTTTCACGTAGT","hESC_A7","C2"
"BC_GGAATGGTCTGGGATT","hESC_C9","C0"
"BC_TCCTCGACAGTGAGCA","hESC_A7","C0"
"BC_ACTTAGGGTCGTTCAA","hESC_A7","C3"
"BC_CCTCCAAAGAGATCGC","hESC_C12","C3"
"BC_CCGGGTAAGCATCCCG","hESC_D3","C0"
"BC_TCTTCCTTCACTTGTT","hESC_A7","C2"
"BC_CCTCATGAGGAATTAC","hESC_D3","C0"
"BC_ATGGGAGTCTCATGGA","hESC_C9","C0"
"BC_TCCTTCTTCCTCATAT","hESC_A7","C3"
"BC_CTCCTCCTCTCTCCTC","hESC_A7","C3"
"BC_GTGCTGGTCCCGTGTT","hESC_C12","C0"
"BC_AACCATGCAGCTCCTT","hESC_D3","C0"
"BC_AATTTCCTCGTAGAGG","hESC_C9","C0"
"BC_TTCTTGAAGAACTGAT","hESC_C9","C0"
"BC_TCAGTCCGTCCTTGTC","hESC_D3","C0"
"BC_TCAATCTCAGTTACCA","hESC_A7","C0"
"BC_TTGCATTAGGTTGGTG","hESC_C9","C2"
"BC_GAGTGTTTCATCCTAT","hESC_A7","C3"
"BC_GGGCTACTCCTTATGT","hESC_C12","C0"
"BC_CATTGCCGTTGCCGAC","hESC_A7","C3"
"BC_TAGACCATCAACCGAT","hESC_C9","C3"
"BC_GGGCCATGTGTCATTG","hESC_C12","C0"
"BC_ATCGGATAGACCGTTT","hESC_C9","C0"
"BC_GACTCTCGTAGCTCGC","hESC_C9","C2"
"BC_ACCCTTGCACGGTGCT","hESC_D3","C1"
"BC_ATGCCTCTCACTGATG","hESC_C12","C0"
"BC_ACGCACGGTAACAGTA","hESC_C12","C3"
"BC_TATCTGTTCGGCTTCT","hESC_C9","C0"
"BC_GAGATGGGTTGCCGCA","hESC_A7","C3"
"BC_AGGACGAGTGTATTGC","hESC_C9","C0"
"BC_GTGCAGCGTTCTCCTG","hESC_C9","C3"
"BC_TCACTCGAGTACTGGG","hESC_C9","C0"
"BC_TTGGGTATCGTGGCGT","hESC_D3","C2"
"BC_CGAGTTAGTGCCCAGT","hESC_C12","C2"
"BC_CGATCGGGTCTTTATC","hESC_A7","C0"
"BC_ATTTCACGTACAAAGT","hESC_C12","C0"
"BC_ATACCGAAGCAAGTCG","hESC_C12","C3"
"BC_ACTATTCCATCACAGT","hESC_A7","C0"
"BC_TACTTGTAGAGGTCAC","hESC_A7","C0"
"BC_CGCATGGAGTCGAAAT","hESC_D3","C0"
"BC_TGCGGCACATACTGTG","hESC_D3","C2"
"BC_TACTTACGTAACATAG","hESC_A7","C2"
"BC_TTCTAGTCAAGCCATT","hESC_C9","C3"
"BC_CATCGGGCACCGAATT","hESC_A7","C0"
"BC_ATGCATGTCATGCGGC","hESC_D3","C0"
"BC_ACATGCATCTTGTGCC","hESC_C12","C2"
"BC_ATGAGGGTCAAGAAAC","hESC_D3","C0"
"BC_CTCAATTAGGTAACTA","hESC_A7","C1"
"BC_CTGCCATTCCAACCAA","hESC_D3","C0"
"BC_ACGATGTTCTTCGCTG","hESC_D3","C0"
"BC_ACTATCTTCCGGCAGT","hESC_C9","C0"
"BC_AGCTACAAGACGGTCA","hESC_A7","C1"
"BC_GCACGGTTCCACGTCT","hESC_D3","C0"
"BC_CTCAGGGCAGAGGTTG","hESC_D3","C0"
"BC_CTGTACCCAACTGAAA","hESC_C9","C0"
"BC_GGATGTTAGCGTCGAA","hESC_A7","C0"
"BC_ACTGATGCATGTGTCA","hESC_C12","C3"
"BC_GTCGTTCGTTACCTGA","hESC_A7","C0"
"BC_TATTGCTCAACCGATT","hESC_D3","C0"
"BC_TGTAGACAGCATAGGC","hESC_D3","C1"
"BC_TTATTGCAGATTCGCT","hESC_C9","C3"
"BC_ATGAGTCGTGGATACG","hESC_D3","C0"
"BC_GTGAGTTGTGCGGTAA","hESC_C9","C0"
"BC_TAACCAGGTATGATCC","hESC_D3","C0"
"BC_GGGAAGTGTAACATCC","hESC_A7","C3"
"BC_GCGTGCAGTGCCCGTA","hESC_C9","C0"
"BC_CCATAAGCATTGAAGA","hESC_C9","C0"
"BC_ATGAGTCTCTCCGAAA","hESC_D3","C0"
"BC_CAGTTAGCAGGAACCA","hESC_A7","C0"
"BC_TCTCTGGCAATTCTCT","hESC_C12","C0"
"BC_TCGACGGTCCATAGGT","hESC_C9","C0"
"BC_AGACAGGGTCTGTGCG","hESC_D3","C0"
"BC_GGGACTCGTCCGATCG","hESC_C9","C0"
"BC_GCGATCGTCCTTATCA","hESC_D3","C0"
"BC_GGATCTAAGAGAGAAC","hESC_A7","C3"
"BC_TGATGCACACGTCGTG","hESC_D3","C0"
"BC_GTGAGCCGTTAGGGAC","hESC_A7","C3"
"BC_GTAACACCAAGGTCAG","hESC_C9","C0"
"BC_CTCTCGAGTATGTCAC","hESC_A7","C3"
"BC_ACTGATGTCTTACACT","hESC_C9","C0"
"BC_AAGATAGAGCTTTGTG","hESC_C9","C1"
"BC_GCACGTGAGACCGTTT","hESC_D3","C0"
"BC_ATTCTTGCACGACAAG","hESC_D3","C0"
"BC_TACTGCCTCTGTCTCG","hESC_D3","C0"
"BC_TTGAACGCAGCCCAGT","hESC_D3","C3"
"BC_TGCGACGTCCGCTGTT","hESC_C9","C0"
"BC_AGATAGATCTCTCTTC","hESC_D3","C1"
"BC_GGGACAACAGCTGGTC","hESC_A7","C0"
"BC_GGGTTATAGCCGGATA","hESC_A7","C0"
"BC_CTCTCGACAATTTCCT","hESC_C9","C0"
"BC_AGGGCTCCACAGTGAG","hESC_C9","C0"
"BC_GTCGTTCCAACTGTGT","hESC_A7","C0"
"BC_TACGCTCCAGCTACTA","hESC_C9","C0"
"BC_TCAGTTTCACGAGAAC","hESC_C9","C0"
"BC_GGTAATCTCTACGCAA","hESC_D3","C0"
"BC_GTGATGTGTCCCTCAT","hESC_C9","C0"
"BC_CTTCAATAGGGTTTCT","hESC_C12","C3"
"BC_AACAGGGTCCCTCGTA","hESC_D3","C1"
"BC_GCAGCCATCCACCTCA","hESC_A7","C3"
"BC_CTTAGGATCGTGGCTG","hESC_D3","C0"
"BC_GAACACTCAGCGTAGA","hESC_A7","C0"
"BC_ACGGTTATCAGACCTA","hESC_C9","C0"
"BC_ATCCATTAGGCCTTCG","hESC_A7","C0"
"BC_CGCATGGAGGAATGTT","hESC_C9","C0"
"BC_ACACCAAGTGAGACGT","hESC_C12","C2"
"BC_AGTTCCCGTCATGACT","hESC_C9","C0"
"BC_CGCATGGGTTCGATTG","hESC_A7","C0"
"BC_CGAGAAGTCTCATGCC","hESC_D3","C0"
"BC_GTCATGAAGATCCAAA","hESC_A7","C0"
"BC_ATGGATCGTCGCTGCA","hESC_D3","C0"
"BC_ATCTCTAGTCATAAAG","hESC_C9","C0"
"BC_TCAGTGAGTAGCACGA","hESC_C9","C3"
"BC_CGGGTCACAAATGAGT","hESC_A7","C1"
"BC_CATACTTAGGTTGAGC","hESC_C9","C3"
"BC_GCCATTCTCCTTCTGG","hESC_C12","C0"
"BC_GGGCCATGTTTACTGG","hESC_A7","C3"
"BC_ATCATTCCAGATCACT","hESC_C9","C0"
"BC_ACTTATCCATTGCTGA","hESC_D3","C3"
"BC_CACGGGTCAGACTGCC","hESC_C12","C2"
"BC_CTCATTACATCTTAGG","hESC_D3","C0"
"BC_AACCAACCACTACCCT","hESC_A7","C3"
"BC_AAGGAATGTTGGAGGT","hESC_D3","C0"
"BC_ACGGTCGTCATTACCT","hESC_C12","C3"
"BC_CATACCCGTCTGCCTT","hESC_D3","C3"
"BC_GAGTGTTAGGTTGTTC","hESC_D3","C1"
"BC_CCACGTTCACATCATG","hESC_A7","C3"
"BC_GACTGATCATGGTACT","hESC_A7","C0"
"BC_TCGGTCTTCCGCCTAT","hESC_A7","C0"
"BC_GACGCTGAGCAACAGC","hESC_C9","C0"
"BC_GCCGATGAGCTATCCA","hESC_C9","C0"
"BC_AACGAAATCTCGCCTA","hESC_C12","C3"
"BC_TCAGCCTTCAGAACCT","hESC_C9","C3"
"BC_CGAAGGATCGCCTAGG","hESC_C9","C3"
"BC_AGATCGTTCCATCGTC","hESC_A7","C0"
"BC_AACTTCTGTAAGTTAG","hESC_C9","C0"
"BC_CGACAGCCATACTTTC","hESC_C12","C0"
"BC_GCACATATCTTAGCTT","hESC_A7","C0"
"BC_TGATCAGGTTAGCTAC","hESC_C9","C0"
"BC_CGCATGGGTCTTACTT","hESC_A7","C0"
"BC_AGCCACGGTTTCACAG","hESC_C9","C0"
"BC_ACTGTGAGTGAGTGAC","hESC_C12","C0"
"BC_TATCCTATCAAGGACG","hESC_A7","C1"
"BC_TGAATCGCAAGGTACG","hESC_A7","C1"
"BC_TGTCCACGTTAGCTAC","hESC_D3","C0"
"BC_ATTCTACTCCGGCTTT","hESC_A7","C0"
"BC_GCACTAAAGAGCCATG","hESC_D3","C0"
"BC_TATTTCGAGGATCATA","hESC_C9","C0"
"BC_AGAGCCCAGCACAAAT","hESC_C9","C0"
"BC_TCTTAGTCAAGGCTTT","hESC_C9","C2"
"BC_TTGTGGAAGTCGAATA","hESC_C9","C0"
"BC_ATTACTCCACTAACCA","hESC_C9","C3"
"BC_TACACCCCAGTTGCGC","hESC_A7","C0"
"BC_GACTATGAGCACCGTC","hESC_C9","C0"
"BC_CGTAATGTCGTTATCT","hESC_C9","C0"
"BC_CGGGCATAGGCAGGTT","hESC_A7","C0"
"BC_TGGGTTAAGATGCAGC","hESC_C9","C1"
"BC_TTCTTGAAGACAACTA","hESC_C9","C0"
"BC_AGGAAATTCTCACTCG","hESC_D3","C1"
"BC_AACGTCAGTCACGCTG","hESC_C9","C3"
"BC_TGATGCAAGCGAGAAA","hESC_C9","C0"
"BC_CTCCACATCATTGCGA","hESC_C12","C0"
"BC_GTTAGTGGTCCGGACT","hESC_C9","C3"
"BC_TCTGTCGGTATAATGG","hESC_A7","C0"
"BC_CCGGACAGTTGCCGAC","hESC_D3","C0"
"BC_TCGGTCTCAGGCTTGC","hESC_C9","C0"
"BC_GCAGCCATCCAATCTT","hESC_C9","C0"
"BC_AGGGAGTGTACAGAAT","hESC_C12","C1"
"BC_GGAGGATTCCACGTCT","hESC_C9","C3"
"BC_CCCGGAAAGAGAGCGG","hESC_C9","C0"
"BC_TGCAGTACACGGTGTC","hESC_D3","C1"
"BC_TCCATGCTCCCGTTCA","hESC_D3","C0"
"BC_ACGGTCGAGTAGAGTT","hESC_D3","C0"
"BC_CCTCCTCGTCAACCTA","hESC_C9","C2"
"BC_TGCTTCGAGCAACAAT","hESC_D3","C1"
"BC_GTGCAGCCAATCCAGT","hESC_C9","C2"
"BC_CTCGAGGAGCGTCTCG","hESC_A7","C3"
"BC_GGAATCTTCCCTCTCC","hESC_C12","C3"
"BC_GTAACCATCACCCTCA","hESC_A7","C0"
"BC_AACCCAATCATCCTGC","hESC_C9","C0"
"BC_TTGGTTTAGGACTGGT","hESC_C9","C0"
"BC_ATACCGACAACCCTAA","hESC_C9","C3"
"BC_AGATGAATCGCTCCTA","hESC_C9","C0"
"BC_CATGGATTCGCTAAAC","hESC_C12","C0"
"BC_GCGATCGAGTGCCGAA","hESC_C12","C0"
"BC_GTGCACGCATATGGCT","hESC_A7","C3"
"BC_CTCTCAGAGACCAAGC","hESC_D3","C0"
"BC_CTTTCAAAGCAACCAG","hESC_C9","C3"
"BC_AGAGAGCCAGAATTCC","hESC_A7","C1"
"BC_CTCATCGTCATTTCGT","hESC_A7","C0"
"BC_TTGTTGTGTTATAGCC","hESC_D3","C0"
"BC_AGGTCTAGTTCAGCGC","hESC_D3","C0"
"BC_CATCGGGTCGCTGTCT","hESC_D3","C0"
"BC_CTAAGTGAGTATTCCG","hESC_A7","C0"
"BC_TCGGGACCAGACTCTA","hESC_A7","C0"
"BC_CCGCAAGGTCTTGAGT","hESC_C12","C2"
"BC_CTGTGAAAGCTGTGCC","hESC_D3","C2"
"BC_CGATGCGGTGCCCACA","hESC_D3","C0"
"BC_CTCCGATTCCACACCT","hESC_D3","C0"
"BC_GAACTGTCAGCTGTCG","hESC_C9","C0"
"BC_GTCAGCGTCCTACACC","hESC_A7","C1"
"BC_CTACAGAAGATTGGGC","hESC_C12","C3"
"BC_AAGATAGCATATCTGG","hESC_C9","C3"
"BC_CACCAAAAGACCGCCT","hESC_C9","C0"
"BC_GGAATCTGTGTCATGT","hESC_C9","C2"
"BC_TACCCGTAGTGTACCT","hESC_A7","C3"
"BC_TCGCAGGGTGGGTTGA","hESC_A7","C1"
"BC_CATTCTAGTTCCGTTC","hESC_C12","C0"
"BC_CATAGACGTACTCGAT","hESC_A7","C2"
"BC_CTGCTCACATGACCCG","hESC_A7","C0"
"BC_CGTGAATAGATGATTG","hESC_D3","C0"
"BC_CGGAATTTCTCGGGAC","hESC_C9","C0"
"BC_GCCAACGTCTAGTGTG","hESC_C9","C0"
"BC_AAAGAACTCGCGTGAC","hESC_A7","C1"
"BC_GTCCTCATCGAAGCCC","hESC_D3","C0"
"BC_GTCACGGGTTCAGCTA","hESC_A7","C0"
"BC_GCAACATAGAAGCTCG","hESC_D3","C0"
"BC_CGTTGGGTCTCACTCG","hESC_C9","C0"
"BC_GCTTGGGAGTCATTGC","hESC_C12","C0"
"BC_CATCCACAGTGATTCC","hESC_A7","C3"
"BC_GGTCTGGCAAGAATGT","hESC_A7","C2"
"BC_TGTAAGCAGCTGGCTC","hESC_D3","C2"
"BC_AAGATAGTCTACACTT","hESC_A7","C3"
"BC_TGATCTTGTCACAGAG","hESC_C12","C0"
"BC_TCACATTCAGGAATCG","hESC_A7","C0"
"BC_ATTCAGGTCCGAGGCT","hESC_D3","C0"
"BC_GTCACTCAGTGCAGGT","hESC_D3","C0"
"BC_TAGATCGTCTTACCAT","hESC_D3","C0"
"BC_TTCCACGAGAGATTCA","hESC_A7","C3"
"BC_TTGGGCGCATCGTGGC","hESC_C9","C2"
"BC_ATCACGAAGGTCTGGA","hESC_D3","C3"
"BC_CCGTAGGGTGCCGTAC","hESC_C9","C0"
"BC_AGGATAATCACTTATC","hESC_A7","C1"
"BC_GGGTGAACAAGGTTGG","hESC_C12","C0"
"BC_TTTGGTTAGAGCAGCT","hESC_C12","C0"
"BC_ATGCATGAGCGTTACT","hESC_C12","C2"
"BC_CCGTTCAAGCAACTCT","hESC_A7","C3"
"BC_TCTTCCTTCTGGGAGA","hESC_C9","C0"
"BC_TCGGGCACAACCGCTG","hESC_A7","C0"
"BC_AATCACGCATCCGTTC","hESC_A7","C0"
"BC_ATTCTACTCCCTCATG","hESC_A7","C3"
"BC_TTACGTTGTGTCTTCC","hESC_D3","C0"
"BC_TGACCCTGTCATTGCA","hESC_C9","C0"
"BC_CCAATTTCACACACGC","hESC_A7","C3"
"BC_TGCACGGCAGCGAGTA","hESC_C9","C0"
"BC_ACAGCCGAGGTCCTGC","hESC_C12","C1"
"BC_TAGACTGGTACGAGTG","hESC_C9","C3"
"BC_TCTCCGAAGCACACCC","hESC_C9","C1"
"BC_AGAGAGCGTGTTCGAT","hESC_D3","C0"
"BC_CTACATTTCACCTCAC","hESC_C9","C2"
"BC_ACTGTGACAATTCTCT","hESC_C9","C0"
"BC_ATCATTCTCATGAGGG","hESC_A7","C0"
"BC_ATACCGAGTGACACAG","hESC_A7","C3"
"BC_CTTACCGTCCAGGACC","hESC_C9","C3"
"BC_AGTCAACAGGCTCAAG","hESC_C9","C0"
"BC_TGGTGATGTCATGCAT","hESC_A7","C0"
"BC_GACAGCCCAAAGACGC","hESC_C9","C0"
"BC_ATGCGATTCCGCACTT","hESC_D3","C2"
"BC_GAAGGGTCAGGTGGAT","hESC_C9","C0"
"BC_ATCAGGTGTCTACATG","hESC_C9","C0"
"BC_CTCAGGGCAGGAGACT","hESC_A7","C3"
"BC_AGAGAATGTTCGATTG","hESC_D3","C1"
"BC_CTACTATTCACCTCTG","hESC_C12","C2"
"BC_CATACCCAGGAGTATT","hESC_D3","C0"
"BC_CCCAACTCAGCTATAC","hESC_C12","C3"
"BC_GTTAGACTCTGAGCAT","hESC_C9","C3"
"BC_GAAGGACCAAGTGGGT","hESC_C12","C0"
"BC_TTTCAGTCACATACGT","hESC_A7","C0"
"BC_CCGTGAGTCGTGGCTG","hESC_C9","C0"
"BC_CATGAGTTCCATTTGT","hESC_A7","C3"
"BC_TTCCGGTGTAAGGCTG","hESC_C9","C1"
"BC_ACCAAACAGGCTAAAT","hESC_D3","C0"
"BC_AAGGTAAAGTTGGCGA","hESC_C9","C0"
"BC_CTCCATGGTGGTTTGT","hESC_C12","C0"
"BC_TATTGCTTCCCAGGAC","hESC_A7","C1"
"BC_GTAGGAGGTATCCCAA","hESC_D3","C2"
"BC_ACACCAAAGACGCCAA","hESC_D3","C0"
"BC_TACCCGTGTCTAGATC","hESC_C9","C0"
"BC_TGTTCATTCTCCACTG","hESC_C9","C2"
"BC_TGCGATACAATCTAGC","hESC_C12","C0"
"BC_AACGTCATCCGCGATG","hESC_A7","C0"
"BC_ATCTTCAGTTAACAGA","hESC_A7","C2"
"BC_AGCTACATCTCTTAAC","hESC_A7","C0"
"BC_GTATTGGCAACAAAGT","hESC_C9","C0"
"BC_GGTGGCTAGCAAGTCG","hESC_C9","C0"
"BC_GTCTAGACATAAGCAA","hESC_A7","C0"
"BC_TGTGCGGGTGGCGTAA","hESC_C9","C2"
"BC_AACAAAGCAGGTAGTG","hESC_C9","C0"
"BC_ATCCTATAGGAATTAC","hESC_D3","C0"
"BC_GGAACCCGTCACTTCC","hESC_A7","C3"
"BC_GGTTGTAAGTGAGGCT","hESC_C12","C3"
"BC_GAAGGACCATCGCTGG","hESC_A7","C2"
"BC_ACTATTCGTCGACTGC","hESC_C9","C3"
"BC_AACGTCAGTTCCAAAC","hESC_A7","C0"
"BC_TGGGCGTTCCGCGATG","hESC_C9","C0"
"BC_TCATATCCATGAGTAA","hESC_A7","C0"
"BC_TACCCGTCATCCCGTT","hESC_C9","C2"
"BC_ATTACTCGTCATTCCC","hESC_A7","C0"
"BC_TTTACTGCACATTGTG","hESC_A7","C0"
"BC_GTGCGTGCAAGTTTGC","hESC_C9","C0"
"BC_AGAAATGCAAATGGTA","hESC_A7","C1"
"BC_CAGATCACAGCGTATT","hESC_C9","C0"
"BC_CTGTGAAAGCCATTCA","hESC_C9","C0"
"BC_TCTATACCAGAGGTTG","hESC_A7","C0"
"BC_AACAACCTCATGGAGG","hESC_C9","C0"
"BC_AAAGTCCAGTGCCGAA","hESC_C9","C3"
"BC_CTACATTCATTAAAGG","hESC_D3","C0"
"BC_ACCAACATCCTATGGA","hESC_C9","C3"
"BC_TTCATGTTCCGAGATT","hESC_A7","C2"
"BC_TGAATCGTCGTGTCAA","hESC_A7","C0"
"BC_TGAGGTTGTTTCGATG","hESC_C12","C0"
"BC_GCAGCCAGTGCTGCAC","hESC_A7","C0"
"BC_GTTACCCGTTTGGAAA","hESC_A7","C2"
"BC_CATCCACGTACGTACT","hESC_C12","C3"
"BC_GTCACGGCAGTAACAA","hESC_C9","C0"
"BC_ATACTTCTCCAACACA","hESC_C9","C2"
"BC_TCCACCAAGCAAATCA","hESC_A7","C3"
"BC_GTGCAGCAGGGCCAAT","hESC_C12","C0"
"BC_CGAGAAGGTCACTTAG","hESC_C12","C0"
"BC_CAGGCCAAGCTCACTA","hESC_D3","C0"
"BC_GTGCAGCAGAGCACTG","hESC_D3","C0"
"BC_CCTCTCCGTCTAGGCC","hESC_C9","C0"
"BC_TCGTCCAAGCCACCGT","hESC_A7","C0"
"BC_AGGACTTGTCAGTCGC","hESC_C9","C0"
"BC_TGTCAGAAGGCAATGC","hESC_A7","C3"
"BC_GTGTGATTCCTCATAT","hESC_D3","C0"
"BC_GTTGAACTCGGCTGGT","hESC_C12","C0"
"BC_TGATTTCCAATGTGGG","hESC_A7","C2"
"BC_TCACATTGTGCATGTT","hESC_C12","C2"
"BC_GAGCCTGTCTTCGCTG","hESC_C9","C2"
"BC_ACAGCCGTCAGTGGGA","hESC_A7","C0"
"BC_GCACGGTGTCTGTCAA","hESC_D3","C0"
"BC_ACCTACCCATAACCCA","hESC_C9","C3"
"BC_GGTTCTCCAGGTGAGT","hESC_C9","C0"
"BC_TGGCGTGGTACGATGG","hESC_A7","C3"
"BC_GAAGAATAGGCACTAG","hESC_C12","C0"
"BC_GGTCTGGAGCCGATTT","hESC_D3","C0"
"BC_ACTGTCCAGTATCCTG","hESC_C12","C3"
"BC_GGTTAACAGGATTCCT","hESC_D3","C0"
"BC_GTAGGTTGTATACAGA","hESC_C9","C0"
"BC_CCTAACCCAGCCTACG","hESC_A7","C3"
"BC_TCAGTTTAGTCACAGG","hESC_C12","C0"
"BC_TTGTTCAGTTGTCAGT","hESC_C9","C0"
"BC_CTTCTAACAGATACCT","hESC_C9","C0"
"BC_GGAACCCCAGTCTCTC","hESC_C9","C0"
"BC_GTAACCACAGGTTTAC","hESC_C9","C0"
"BC_TAAGCCAGTGTTAAAG","hESC_A7","C0"
"BC_GCCCGAACAACTCCAA","hESC_A7","C0"
"BC_CAACGGCGTGCAGATG","hESC_C9","C3"
"BC_TGCTTGCGTTATGACC","hESC_C9","C0"
"BC_ATTCTTGGTGTTTGCA","hESC_A7","C0"
"BC_CCACCATGTGCTTATG","hESC_A7","C0"
"BC_ACCTGTCTCCACAAGT","hESC_A7","C3"
"BC_CTAGGTAGTGACCGAA","hESC_A7","C0"
"BC_CGTGCTTCATCGGCCA","hESC_A7","C0"
"BC_AATTCCTAGGCGTTAG","hESC_A7","C3"
"BC_ATGCGATCATCCGAAT","hESC_A7","C0"
"BC_CATCGGGCATACCAGT","hESC_C9","C0"
"BC_TGATTTCCAGATAAAC","hESC_C9","C0"
"BC_GTCATTTAGTCCGCCA","hESC_C12","C3"
"BC_TAGACTGCACACCTGG","hESC_A7","C3"
"BC_AAGTCGTGTGACAACG","hESC_A7","C3"
"BC_GCACGTGTCGCATTGA","hESC_C9","C0"
"BC_GAAATGAAGACGGTTG","hESC_A7","C0"
"BC_CTCTCGATCAACCTTT","hESC_D3","C2"
"BC_GCGTTTCTCACGGGAA","hESC_D3","C1"
"BC_CTACAGACAGAAATTG","hESC_C9","C0"
"BC_TCCTCTTCATTACTCT","hESC_C12","C2"
"BC_TAATTCCCAGTGGTGA","hESC_A7","C1"
"BC_CACGGGTTCTTGCAAG","hESC_C9","C0"
"BC_TGAGACTGTACTGAGG","hESC_D3","C0"
"BC_CGTGAATCAGAGAATT","hESC_C12","C0"
"BC_CCCTGATTCGCAAGAG","hESC_C9","C0"
"BC_CAGGGCTGTAACTTCG","hESC_C12","C0"
"BC_TAACGACAGACTGGGT","hESC_D3","C0"
"BC_CAACGGCCAAGGCAAC","hESC_C9","C3"
"BC_GGGTCACGTACACGCC","hESC_A7","C0"
"BC_GGAATGGCAGCTCGGT","hESC_C9","C3"
"BC_GTCCTCAGTCGAATTC","hESC_D3","C1"
"BC_GTTGTGAGTTTGCCGG","hESC_C9","C0"
"BC_CAGTGCGGTCAGCTTA","hESC_C9","C3"
"BC_TGTGTGAAGAGTTGTA","hESC_A7","C0"
"BC_CTATCTATCCGGTAAT","hESC_A7","C0"
"BC_TCGTGGGGTGTGTACT","hESC_C9","C0"
"BC_GTGGAGACAACGATTC","hESC_A7","C0"
"BC_AAGAACAGTCAAGGCA","hESC_D3","C0"
"BC_GACTATGTCGGTTCAA","hESC_C9","C3"
"BC_TCATGCCGTGAGCTCC","hESC_D3","C0"
"BC_TGTGGCGAGGCGACAT","hESC_A7","C0"
"BC_GGGTTATGTTTAGACC","hESC_A7","C0"
"BC_AACCATGCACTGGACC","hESC_C9","C3"
"BC_TCAATTCGTCAACACT","hESC_C9","C3"
"BC_CAAGGGAGTGTGAGCA","hESC_D3","C0"
"BC_CATGGATTCCAAGCTA","hESC_A7","C3"
"BC_TTACTGTAGACGACTG","hESC_C9","C1"
"BC_TCCTCGATCGTGCAGC","hESC_C12","C0"
"BC_CGCCAGAGTACACGTT","hESC_D3","C0"
"BC_TACGCTCGTTCCGCTT","hESC_C9","C0"
"BC_CAAAGAAAGCCAAGCA","hESC_D3","C0"
"BC_AATGCCACAGCGTATT","hESC_A7","C3"
"BC_ATCGCCTAGGGCGAGA","hESC_C9","C0"
"BC_CAGCCAGGTTCGCGTG","hESC_C12","C2"
"BC_TAGAGTCAGGGAGATA","hESC_C9","C0"
"BC_GAGGGTAAGCCGATTT","hESC_C9","C1"
"BC_TTTCATGGTCAGATTC","hESC_A7","C3"
"BC_ACTGTGAAGAGCTGCA","hESC_A7","C1"
"BC_TCAAGTGAGGAAACGA","hESC_D3","C1"
"BC_TACGGTACATCGCTCT","hESC_D3","C0"
"BC_TCAAGACCAGTTAGGG","hESC_D3","C0"
"BC_CTTCAATTCGCTTGCT","hESC_D3","C0"
"BC_TCCTTCTCACACGGAA","hESC_A7","C0"
"BC_ACATGCATCATACGGT","hESC_D3","C0"
"BC_ATTATCCGTTAAGAAC","hESC_D3","C0"
"BC_CGATCGGAGGATATAC","hESC_C12","C2"
"BC_GTGTCCTGTCACTAGT","hESC_D3","C0"
"BC_GGGTGTCCACGGCCAT","hESC_C9","C2"
"BC_TTCGGTCCAAAGACTA","hESC_A7","C3"
"BC_ACGTAACCAAGCACAG","hESC_C9","C3"
"BC_AATTCCTGTACGTGTT","hESC_C9","C0"
"BC_ATCCACCGTCGGATTT","hESC_C9","C0"
"BC_GTAGATCAGCATTTCG","hESC_C12","C0"
"BC_CGGGTGTTCTTACACT","hESC_C12","C3"
"BC_GAGGCAACATACCAGT","hESC_A7","C1"
"BC_GTCGAATGTAGGGTAC","hESC_C12","C0"
"BC_ACTTCGCCACCTCGTT","hESC_A7","C0"
"BC_ATTGGGTAGCGTCTCG","hESC_D3","C0"
"BC_TCGCAGGGTAACTGCT","hESC_C12","C0"
"BC_TCACTATGTTGCACGC","hESC_C9","C3"
"BC_ATTTACCTCTGTCCCA","hESC_C12","C0"
"BC_GGCTTTCCACCCTCTA","hESC_A7","C0"
"BC_AGTTCGAAGCCTTGAT","hESC_C9","C3"
"BC_GAGTCATAGAGCCGTA","hESC_A7","C0"
"BC_AACCTTTGTGGTCTAT","hESC_C9","C3"
"BC_TACCCGTGTGACTCTA","hESC_D3","C0"
"BC_GAAGGACGTAAGAACT","hESC_D3","C0"
"BC_GGTTGTAAGGTTTGAA","hESC_A7","C0"
"BC_CCAATTTCATCCGGTG","hESC_C12","C2"
"BC_AGGCCACGTGGTCTTA","hESC_C9","C0"
"BC_TACGTCCAGCCGATAG","hESC_C9","C3"
"BC_GACCCAGCACCCTAGG","hESC_D3","C3"
"BC_ATGAAAGGTCTGATAC","hESC_A7","C0"
"BC_CCATAAGCAGCGACCT","hESC_A7","C0"
"BC_ATGCATGGTATCACGT","hESC_D3","C0"
"BC_GTGACGCAGTAAACAC","hESC_C9","C3"
"BC_ATTTACCAGTATGGCG","hESC_C9","C0"
"BC_TTTACTGCAGGGCTTC","hESC_C12","C0"
"BC_AAGCCATCACCTCGTT","hESC_A7","C2"
"BC_ATTTCACAGGCTCCCA","hESC_A7","C0"
"BC_TTCCTTCGTATGTCTG","hESC_C9","C0"
"BC_TCCAGAATCTTCGTGC","hESC_C9","C0"
"BC_CAAGCTATCTGATTCT","hESC_C12","C3"
"BC_CACGTGGGTGCTCTCT","hESC_D3","C0"
"BC_TCATCCGAGATCACCT","hESC_C9","C0"
"BC_TTCGGTCTCGTGGACC","hESC_A7","C0"
"BC_GTGGCGTAGTACCATC","hESC_C9","C0"
"BC_TGAGCGCGTCACTCTC","hESC_C12","C3"
"BC_TCTCTGGCAGTTCACA","hESC_D3","C0"
"BC_AATGGCTTCAAATGCC","hESC_A7","C0"
"BC_ACATTTCCACCTATCC","hESC_C9","C3"
"BC_CAATCGATCTGGCCGA","hESC_A7","C1"
"BC_CCCTGATTCCAAATGC","hESC_C9","C0"
"BC_AAAGGGCGTTCATCGA","hESC_A7","C0"
"BC_ATGCCTCAGATGAATC","hESC_C9","C0"
"BC_TACCCACTCTGACCCT","hESC_A7","C3"
"BC_AGGTTGTTCCATACTT","hESC_C9","C3"
"BC_TTCGGTCAGGCACGAT","hESC_C9","C0"
"BC_AAAGGTATCCACTGGG","hESC_D3","C1"
"BC_GAATAGACAAGTGGCA","hESC_C9","C0"
"BC_TCCTCCCTCTTCTTCC","hESC_C9","C2"
"BC_GATCGTAAGCTAAATG","hESC_D3","C0"
"BC_GGAACCCTCAACACCA","hESC_D3","C0"
"BC_GCCCGAATCGACGATT","hESC_D3","C0"
"BC_GTAGGAGTCCCGATCT","hESC_A7","C0"
"BC_TCTGTCGGTTTGATCG","hESC_C9","C0"
"BC_AGAACCTAGGCTTCCG","hESC_C12","C3"
"BC_GACATCAAGACTCTTG","hESC_C9","C0"
"BC_TCCTGCAGTTCAAGGG","hESC_C12","C0"
"BC_TGAGGGACAAGACCTT","hESC_C9","C0"
"BC_GACATCAGTTGTCCCT","hESC_C9","C0"
"BC_GATGCTACAAATAAGC","hESC_C12","C0"
"BC_CTGAGGCAGATTAGAC","hESC_C9","C1"
"BC_ATGCATGGTGTTGAGG","hESC_C9","C0"
"BC_CACTGGGTCTGTGCTC","hESC_D3","C0"
"BC_TACACCCGTAAGGTCG","hESC_D3","C0"
"BC_TTCGGTCAGGGCAATC","hESC_C9","C0"
"BC_GTAGGAGGTCGCAGTC","hESC_C12","C3"
"BC_GACACGCAGCTTCTAG","hESC_A7","C0"
"BC_ATGAAAGGTCTTCGAA","hESC_D3","C0"
"BC_GTTGTAGCAAACGTGG","hESC_D3","C0"
"BC_GAGACCCGTCCGACGT","hESC_D3","C0"
"BC_TACCTGCCATGACGAG","hESC_A7","C3"
"BC_CGTGAATTCATTGAGC","hESC_A7","C0"
"BC_TTCCAATTCTGCGGCA","hESC_A7","C3"
"BC_TAACGACGTGAAGCGT","hESC_C12","C0"
"BC_GACGTTACAAGTCGTT","hESC_C9","C0"
"BC_TCGGGTGCACTGGCCA","hESC_C9","C0"
"BC_AGCGTATAGGACACTG","hESC_A7","C1"
"BC_ACATTTCAGAATAACC","hESC_A7","C0"
"BC_ATGCCTCCAATTTCGG","hESC_D3","C0"
"BC_GTGCGTGAGTAACCGG","hESC_D3","C2"
"BC_CCCGGAAAGTGGTCAG","hESC_A7","C0"
"BC_GCCAACGCAGGAAGTC","hESC_A7","C2"
"BC_CAGGCCACACTGAATC","hESC_C9","C3"
"BC_GAGACCCTCGAAGGAC","hESC_D3","C3"
"BC_CAGATTGTCGTAACAC","hESC_C9","C1"
"BC_TCAGCAAGTGACTCTA","hESC_D3","C0"
"BC_AATGACCTCGATACGT","hESC_A7","C3"
"BC_CATACAGCACGGTGAA","hESC_C9","C0"
"BC_GAGACTTAGCATAGGC","hESC_A7","C0"
"BC_CAACCTCTCGTAGTGT","hESC_C9","C2"
"BC_GTGATGTTCACATACG","hESC_A7","C0"
"BC_ACACAGTTCTGGCCTT","hESC_D3","C0"
"BC_CATGCCTTCAAAGACA","hESC_C12","C0"
"BC_AATCACGCACTGAGTT","hESC_A7","C0"
"BC_TTCACGCGTGCCTATA","hESC_A7","C3"
"BC_GAGGGATCAGGAATAT","hESC_C9","C3"
"BC_GTCACTCCACTGCGAC","hESC_D3","C2"
"BC_CAACCAAAGTAAAGCT","hESC_C12","C0"
"BC_CACTTCGAGGGACCAT","hESC_A7","C0"
"BC_ACATTTCTCGATGCAT","hESC_A7","C0"
"BC_ACACGCGAGAAACCAT","hESC_C9","C0"
"BC_CTCCTCCAGCATCGAG","hESC_A7","C0"
"BC_TCAGGTAAGACAAGCC","hESC_C9","C0"
"BC_CCTGTTGGTCCCTCAT","hESC_C9","C3"
"BC_TTTCACAAGTGAATAC","hESC_D3","C0"
"BC_TAAGTCGGTGCGTGCT","hESC_D3","C0"
"BC_ATGAGTCGTGCGGTAA","hESC_D3","C4"
"BC_TGATCTTGTCAAGCGA","hESC_A7","C0"
"BC_AAGCCATAGGACTGGT","hESC_C9","C0"
"BC_GATGACTAGGTACAGC","hESC_A7","C3"
"BC_GGTGAAGAGGCTTCCG","hESC_C9","C2"
"BC_GTGTAACTCTAGCAAC","hESC_D3","C0"
"BC_AGACCATCAAACTAAG","hESC_D3","C1"
"BC_TCAGTTTAGAAGCCAC","hESC_C9","C3"
"BC_CGAAGGATCCACATAG","hESC_C9","C3"
"BC_TGAATGCAGCTTCGTA","hESC_D3","C2"
"BC_CGTGATAAGACCATTC","hESC_C9","C1"
"BC_GTCAAGTTCCATCTGC","hESC_C9","C0"
"BC_GTCACTCTCCAATCTT","hESC_A7","C1"
"BC_ACTATCTCAGTATTCG","hESC_C9","C0"
"BC_GCGGATCCAAGTGTCT","hESC_C9","C0"
"BC_ATTGGGTTCTTACACT","hESC_C9","C0"
"BC_TGAGCATGTGTTAGCT","hESC_D3","C0"
"BC_GGTTAACAGTCACTGT","hESC_C12","C0"
"BC_GCCAGGTTCGTAGGGA","hESC_D3","C0"
"BC_TCATCATAGTGGTCAG","hESC_D3","C0"
"BC_AGGCATTTCAACGTGT","hESC_A7","C1"
"BC_CGCATGGGTCTAGATC","hESC_A7","C3"
"BC_AAGACAATCAGCTGAT","hESC_C9","C3"
"BC_CTAGACAAGGGTCAAC","hESC_C12","C0"
"BC_GTTGTAGTCAGCGTCG","hESC_C9","C3"
"BC_AGTCTCCGTCGTGGAA","hESC_A7","C0"
"BC_ATCGTCCGTTGAATCC","hESC_A7","C0"
"BC_GACATCATCTGCCTCA","hESC_D3","C3"
"BC_CTCCTTTTCATTTCCA","hESC_C9","C0"
"BC_TTTCGATGTCACAATC","hESC_D3","C1"
"BC_GTAGTACCACCTGAAT","hESC_D3","C3"
"BC_CGGGTCATCTCCGTGT","hESC_D3","C0"
"BC_AATGAAGAGTATTGCC","hESC_D3","C0"
"BC_ATCCGTCCAACGTAAA","hESC_A7","C3"
"BC_ATACTTCCAGTCTTCC","hESC_A7","C3"
"BC_TGTCCACCAACCACGC","hESC_C9","C0"
"BC_AACCTTTTCTGCGGCA","hESC_D3","C0"
"BC_CGTGTCTTCTGCTCTG","hESC_C9","C0"
"BC_CAGCCAGCACCGCTGA","hESC_C9","C3"
"BC_CAGATCAGTGCCCAGT","hESC_C9","C0"
"BC_GCTTTCGGTTACACTG","hESC_C9","C0"
"BC_AATTCCTTCCCTCTTT","hESC_A7","C3"
"BC_TCGCACTCAAAGGCAC","hESC_A7","C0"
"BC_CACGTGGTCTAGAACC","hESC_A7","C0"
"BC_GTTCCGTAGCGAGAAA","hESC_C9","C2"
"BC_GAAGCCCCAGGGTCTC","hESC_A7","C2"
"BC_CACGAATAGTTGAAGT","hESC_C9","C0"
"BC_ATGCATGTCACGGACC","hESC_C12","C0"
"BC_AAGCGTTTCTGAGGTT","hESC_C9","C0"
"BC_CCCTGATTCCGATCTC","hESC_C9","C3"
"BC_TCGATTTGTCGATTTG","hESC_D3","C0"
"BC_TCAAGACTCAGCTCTC","hESC_A7","C3"
"BC_CCTCAACCATACATCG","hESC_A7","C2"
"BC_GCAGGCTTCTCCCAAC","hESC_C9","C3"
"BC_TAAGCCATCAACTACG","hESC_D3","C0"
"BC_AATGAAGTCTGGCCTT","hESC_C12","C0"
"BC_GACGTTATCTCCGAGG","hESC_A7","C3"
"BC_CGATGCGTCCGGACGT","hESC_D3","C0"
"BC_CCCAACTCAGAACTCT","hESC_A7","C2"
"BC_CAAGCTAGTCTTCGAA","hESC_C9","C0"
"BC_TGTAACGGTTAGGAGC","hESC_C12","C2"
"BC_AGACCCGTCCTTCGAC","hESC_D3","C0"
"BC_TGACCCTGTCGAGCAA","hESC_C9","C0"
"BC_TTCATTGTCCCATAGA","hESC_C9","C0"
"BC_CTCCTCCAGGATCACG","hESC_C12","C3"
"BC_ACTATGGGTGCATTAC","hESC_C9","C3"
"BC_TACCCACAGGAGTATT","hESC_C9","C0"
"BC_ATTCAGGCAGTGAGCA","hESC_A7","C3"
"BC_GTCACGGGTCGTCAGC","hESC_D3","C0"
"BC_CGGTCAGGTCGCTTGG","hESC_C12","C0"
"BC_TACACCCAGATTGACA","hESC_C9","C3"
"BC_TTCCTAACAAGAAATC","hESC_D3","C0"
"BC_CTCCCTCGTATGGTTC","hESC_D3","C0"
"BC_TCTCAGCAGGCATGCA","hESC_C12","C0"
"BC_TCACACCAGCTGGAGT","hESC_A7","C0"
"BC_AGACAAAGTTGCGTAT","hESC_C9","C0"
"BC_ACCCTTGAGAACCGCA","hESC_C9","C0"
"BC_TGTTCCGAGGTTCACT","hESC_A7","C0"
"BC_TAACGACCAGAAGCTG","hESC_A7","C0"
"BC_CGTTCTGGTGGTCTGC","hESC_C12","C0"
"BC_ATTTCACTCGAGGCAA","hESC_D3","C0"
"BC_TGTGCGGGTGCGAGTA","hESC_C9","C0"
"BC_TACAACGTCTCCGATC","hESC_C9","C0"
"BC_CTTAGGATCTTCCTAA","hESC_A7","C0"
"BC_AAGTTCGGTGCACATT","hESC_A7","C0"
"BC_ATTGTTCTCTGTCAGA","hESC_D3","C0"
"BC_GTAATGCTCTGTCCCA","hESC_D3","C2"
"BC_TGATGGTCACCTTCGT","hESC_D3","C2"
"BC_TATTCCAAGGTTCACT","hESC_A7","C1"
"BC_GGGCGTTGTACCCGAC","hESC_A7","C0"
"BC_CTCAATTTCGTAGTCA","hESC_D3","C0"
"BC_CTAACCCTCTTCTTCC","hESC_C9","C3"
"BC_ATTCTTGCAACAGATA","hESC_C12","C2"
"BC_TCGACGGGTATTTCCT","hESC_C12","C0"
"BC_CATCCACCACTAAACC","hESC_A7","C3"
"BC_CCCTCTCTCCACCCTA","hESC_C12","C3"
"BC_TTGATGGTCAGACCTA","hESC_D3","C1"
"BC_ACTCTCGCAGCGCGTT","hESC_C9","C0"
"BC_TTCCACGCAGTCACGC","hESC_D3","C0"
"BC_CTTCTCTTCCATCTCG","hESC_A7","C3"
"BC_GCAGTTAGTATAATGG","hESC_C9","C0"
"BC_GGGAAGTGTAACAGTA","hESC_D3","C0"
"BC_AAGAACACATGTGGCC","hESC_D3","C1"
"BC_CCTCCTCCAACTCCCT","hESC_A7","C3"
"BC_TACCGAAGTGGAGAAA","hESC_C12","C3"
"BC_TATCGCCGTGAACTAA","hESC_C9","C0"
"BC_GGATGTTGTCAATCTG","hESC_C9","C0"
"BC_GTAGTACCACAGTCGC","hESC_C9","C0"
"BC_CCCAACTTCCCTCTAG","hESC_A7","C3"
"BC_GACAGCCTCAAGGACG","hESC_A7","C0"
"BC_CAGGCCACAAGTTCGT","hESC_D3","C0"
"BC_CAGTTAGCAGAGTAAT","hESC_A7","C0"
"BC_ACTTCCGAGGGACAGG","hESC_A7","C1"
"BC_CCGTTCAGTAGGCTCC","hESC_C9","C1"
"BC_GTCGTTCGTAGTGTGG","hESC_A7","C0"
"BC_CTGCAGGAGCCGAACA","hESC_A7","C0"
"BC_TTCTTGACATCCCACT","hESC_D3","C0"
"BC_TCAGGTAAGGTCGAGT","hESC_D3","C1"
"BC_TAACCAGAGGAAGTAG","hESC_C9","C3"
"BC_CCGGTGAAGACGTCGA","hESC_C9","C2"
"BC_TCTGGCTTCTTCGGTC","hESC_D3","C0"
"BC_ATCGTAGAGGTGCAGT","hESC_D3","C0"
"BC_CGCCAGAAGCGGTAGT","hESC_C9","C0"
"BC_GTGAGCCTCCTAGCTC","hESC_C9","C0"
"BC_TCTCAGCAGGCGCTCT","hESC_D3","C0"
"BC_CTGCCTAGTGAGACCA","hESC_C9","C0"
"BC_CACGGGTCAGACACAG","hESC_A7","C3"
"BC_CGACAGCTCGTAGCTA","hESC_C12","C3"
"BC_CCACCATCATGTGCTA","hESC_C12","C2"
"BC_TTTATGCCATAGATCC","hESC_C9","C0"
"BC_AGACTCAGTACCGCGT","hESC_C9","C2"
"BC_CGTCCATTCTGGCCAG","hESC_A7","C0"
"BC_ATCCACCCACGTAGAG","hESC_C12","C2"
"BC_AAGTTCGCAGTAGTTC","hESC_D3","C0"
"BC_TACCCACGTGGCCACT","hESC_C12","C3"
"BC_TCAAGCATCGCTCCTA","hESC_A7","C2"
"BC_GTCAAACAGTGACACG","hESC_C12","C0"
"BC_TATCAGGCATCTAGAC","hESC_D3","C0"
"BC_TCATCATAGTTATGGA","hESC_D3","C0"
"BC_AGTGCCGTCCGTGTGG","hESC_D3","C0"
"BC_CATTGCCTCAGACCGC","hESC_D3","C1"
"BC_GGGTTATCAATTGCTG","hESC_A7","C0"
"BC_AGCTCAATCAAAGGTA","hESC_A7","C0"
"BC_GCATCTCGTCGCGGTT","hESC_D3","C2"
"BC_CGTTCTGTCGGTCACG","hESC_C9","C2"
"BC_TGTCCACGTGTTCCTC","hESC_C9","C3"
"BC_ACACCAACATAACAGA","hESC_A7","C3"
"BC_GGGACAAGTATCGAAA","hESC_C9","C2"
"BC_CCTATCGGTGTCTCCT","hESC_A7","C0"
"BC_TCCATCGTCATTTGGG","hESC_C12","C0"
"BC_CGTTGGGGTGATAGTA","hESC_D3","C0"
"BC_CATGGATAGGAGAATG","hESC_A7","C0"
"BC_CAAGCTATCATTTCCA","hESC_C9","C0"
"BC_TTTCACACACCTTCGT","hESC_A7","C3"
"BC_GTTATGGGTCTAGATC","hESC_C12","C3"
"BC_CTTGATTCAGAGAGGG","hESC_D3","C0"
"BC_CAACCTCAGCAATAGT","hESC_C9","C0"
"BC_GTGCTTCTCCTTTGAT","hESC_A7","C3"
"BC_GCCAGGTGTGTTCGTA","hESC_C9","C3"
"BC_CATCCCATCGTTGTTT","hESC_C9","C3"
"BC_CCGTTCAGTTGTTGTG","hESC_C9","C0"
"BC_ATTCATCTCTTTGCTA","hESC_A7","C3"
"BC_GGGTATTGTTCGAAGG","hESC_A7","C0"
"BC_TAAGCACTCACTACGA","hESC_C9","C2"
"BC_TGAGCATAGGAGAGGC","hESC_C12","C0"
"BC_CAGCAGCAGAGCATCG","hESC_C9","C3"
"BC_TTCTTCCGTCAGTCTA","hESC_C12","C0"
"BC_GAGTGTTTCTGCCTGT","hESC_A7","C2"
"BC_TAATCTCTCATGACAC","hESC_C9","C0"
"BC_TCCTCCCTCCGGCTTT","hESC_C12","C0"
"BC_GGGTTATTCGCCAATA","hESC_D3","C0"
"BC_GTTGTAGAGCTGTTCA","hESC_C12","C0"
"BC_CTGTGGGCATACCGTA","hESC_C9","C0"
"BC_CTAAGTGTCGCTGTCT","hESC_A7","C0"
"BC_ATCGTAGTCACACGAT","hESC_C12","C3"
"BC_TGGATCAAGGTGATCG","hESC_A7","C3"
"BC_ATTCCATAGCGCGTTC","hESC_D3","C2"
"BC_GAGTGAGCATCAGCGC","hESC_D3","C0"
"BC_AGTTAGCAGGTCACAG","hESC_A7","C3"
"BC_CACGTTCGTTGCTCCT","hESC_D3","C0"
"BC_CTCAGAACACTAACGT","hESC_D3","C3"
"BC_CTGCCATCAGATCACT","hESC_D3","C0"
"BC_GTGCAGCCATCGGATT","hESC_D3","C0"
"BC_GAACACTAGACTACCT","hESC_A7","C3"
"BC_TAGACTGAGCCTCTTC","hESC_C9","C0"
"BC_ATCCGTCTCTAAACGC","hESC_A7","C0"
"BC_TTCATGTGTGTTGACT","hESC_A7","C0"
"BC_TGGTGATGTCACCGCA","hESC_C9","C3"
"BC_CTGGCAGAGGGAGATA","hESC_D3","C0"
"BC_ACTATGGCATGACACT","hESC_C9","C0"
"BC_CGAGTTACATGAAGGC","hESC_A7","C0"
"BC_ATTACTCGTGAACCGA","hESC_D3","C0"
"BC_ACCTGAACACTTTATC","hESC_A7","C1"
"BC_TTACGCCAGTGCACTT","hESC_D3","C0"
"BC_CTCACTGGTGTTAGCT","hESC_D3","C0"
"BC_GTAGAAAAGCATCCCG","hESC_C9","C0"
"BC_CTAGGTAGTACGCGTC","hESC_C9","C0"
"BC_ATTGGGTGTTCTCACC","hESC_C9","C0"
"BC_CATTGAGGTTAAGAAC","hESC_D3","C0"
"BC_AATGAAGAGCGATGAC","hESC_D3","C0"
"BC_AGCTTCCGTGGGTATG","hESC_C9","C0"
"BC_AGCCAGCCAGTTAAAG","hESC_A7","C3"
"BC_GGTTAACCAATCCAGT","hESC_D3","C0"
"BC_CAATGACAGACCGCCT","hESC_C12","C0"
"BC_GGGTGTCGTGGTCCCA","hESC_C9","C0"
"BC_CGGAACCTCCCTTTGG","hESC_C12","C1"
"BC_CTTCCTTCAGAGAAAG","hESC_C9","C0"
"BC_CTCAGGGGTGTCACAT","hESC_C9","C3"
"BC_AAAGTCCAGAGGTTTA","hESC_C9","C0"
"BC_CCGGACATCAAGCCGC","hESC_C9","C3"
"BC_TGAGGTTAGACATCAA","hESC_C9","C0"
"BC_AGGCTGCAGCAAATCA","hESC_C9","C0"
"BC_ACAGGGATCGTAGTGT","hESC_D3","C0"
"BC_GCTGAATTCTACGCGG","hESC_C9","C3"
"BC_CAATTTCCAACGATTC","hESC_A7","C3"
"BC_TGTGCGGCATGTGCTA","hESC_D3","C0"
"BC_ACGTAGTGTAATCAAG","hESC_A7","C1"
"BC_CTTGATTTCAATCTTC","hESC_D3","C0"
"BC_TATGTTCCATAAGCGG","hESC_D3","C1"
"BC_TCCTCGAAGTCATTGC","hESC_C12","C2"
"BC_ATACCTTTCTGAACGT","hESC_D3","C0"
"BC_TCACACCGTGTGTCGC","hESC_C9","C2"
"BC_CATCCCACAGGCTATT","hESC_A7","C1"
"BC_ATACCGAAGCTGTTCA","hESC_C9","C3"
"BC_TTGGGCGAGCTTAGTC","hESC_A7","C0"
"BC_AGCTACAAGTCTTGGT","hESC_A7","C0"
"BC_AATGCCAGTCTACTGA","hESC_A7","C0"
"BC_CTTTCAAGTGTCATCA","hESC_D3","C0"
"BC_AATTCCTGTATGACAA","hESC_A7","C3"
"BC_GAGCCTGCACATGTTG","hESC_A7","C0"
"BC_CCTCAGTAGTGAGCCA","hESC_C9","C2"
"BC_TTTACCATCCATTGCC","hESC_C12","C0"
"BC_TACCCGTCACAAGCTT","hESC_C9","C3"
"BC_TTTGACTTCGTTGTAG","hESC_D3","C0"
"BC_CTCCTCCCAAGCGGAT","hESC_C9","C3"
"BC_ATCCGTCCAGCATGCC","hESC_D3","C0"
"BC_ACTTAGGGTCCTCCTA","hESC_D3","C0"
"BC_TGCTGAATCAGACAAA","hESC_D3","C0"
"BC_TACCCACCATGTGTCA","hESC_D3","C0"
"BC_ACCTACCAGCCGATCC","hESC_C9","C0"
"BC_TATCTTGGTCGAAACG","hESC_C12","C2"
"BC_AAAGGTACAAGACGAC","hESC_D3","C0"
"BC_GTGAGTTTCCGTGCGA","hESC_D3","C0"
"BC_AGGCCACAGTGGTTGG","hESC_C9","C3"
"BC_GCAGCTGCAACTAGAA","hESC_C9","C0"
"BC_GATCCCTGTTCACCGG","hESC_C12","C0"
"BC_GAGAGGTGTCTAGGTT","hESC_C9","C1"
"BC_CCCATTGAGGGTACAC","hESC_C9","C3"
"BC_TGTCCCAGTTGTCTAG","hESC_A7","C3"
"BC_CCCTCTCGTCCAGGTC","hESC_C12","C3"
"BC_AAGCGTTGTTTCACTT","hESC_C9","C3"
"BC_AGGAAATGTACGTGAG","hESC_A7","C1"
"BC_TGCAGGCGTCAGGCAA","hESC_C9","C0"
"BC_TAGACCATCGCCTTGT","hESC_C9","C0"
"BC_ATTACTCGTCCCGCAA","hESC_C9","C3"
"BC_AGGACTTGTCAGGAGT","hESC_A7","C3"
"BC_AGAAGTATCAGAATAG","hESC_A7","C3"
"BC_CAACCTCAGATCACCT","hESC_C9","C2"
"BC_TGCAGATAGTAGTGCG","hESC_A7","C0"
"BC_GAACTGTTCGTGTTCC","hESC_C9","C0"
"BC_AACGAAAGTGTGTCGC","hESC_D3","C0"
"BC_CCGAACGAGATTGATG","hESC_A7","C3"
"BC_CTTGATTAGCTCACTA","hESC_C9","C0"
"BC_GCCATTCAGGTTGCCC","hESC_D3","C3"
"BC_GTGTAACGTGCCTTCT","hESC_A7","C3"
"BC_TATTTCGCAGAAGTTA","hESC_C9","C0"
"BC_GTGCAGCGTTCTCGCT","hESC_C12","C0"
"BC_GGGTAGAGTCATATGC","hESC_A7","C0"
"BC_ATTCGTTGTCGAAGCA","hESC_D3","C0"
"BC_ATCCCTGAGGTGCGAT","hESC_A7","C2"
"BC_AGACTCAGTGAGGCAT","hESC_A7","C3"
"BC_GGCTGTGTCCTCATAT","hESC_C9","C3"
"BC_TACCTCGTCCGGACGT","hESC_D3","C0"
"BC_AGGGCTCTCATGAGGG","hESC_C9","C0"
"BC_CGAGGAAGTAACAGTA","hESC_A7","C0"
"BC_TCAGCAAGTAGGTAGC","hESC_C9","C3"
"BC_CTGGACGGTGAGGCAT","hESC_C9","C0"
"BC_ATTCCATTCCGTGTCT","hESC_C12","C2"
"BC_CCTATCGAGAATCCCT","hESC_C9","C3"
"BC_GCCATTCAGATACAGT","hESC_C9","C0"
"BC_ATCGGCGGTATACCCA","hESC_D3","C0"
"BC_AATGCCAGTACACGCC","hESC_C9","C0"
"BC_GCATCTCGTTGGGCCT","hESC_A7","C2"
"BC_GTAACACAGTCCGCGT","hESC_D3","C0"
"BC_TATTGGGCACCCTCTA","hESC_C9","C0"
"BC_TCTCAGCGTAGATTAG","hESC_D3","C0"
"BC_AGACAGGGTTATGTGC","hESC_D3","C0"
"BC_TCACGCTTCAGCCTCT","hESC_C9","C3"
"BC_TACCCGTAGTAACGAT","hESC_C9","C2"
"BC_GATGTTGTCGCTTAAG","hESC_A7","C1"
"BC_GGTTCTCGTGCGGATA","hESC_A7","C3"
"BC_AGCCAATCACCCTTGT","hESC_A7","C3"
"BC_AGGCATTAGACTACGG","hESC_C12","C0"
"BC_TCAATTCGTCTGATCA","hESC_C12","C0"
"BC_CATAGACGTCCCACGA","hESC_A7","C0"
"BC_AAGCATCAGTGTTGTC","hESC_A7","C2"
"BC_GAGTCATAGATACCAA","hESC_A7","C0"
"BC_TCCTCGACACAAGGTG","hESC_D3","C0"
"BC_CACTGTCCATGACAAA","hESC_A7","C0"
"BC_CAAGCTAGTCGGAAAC","hESC_A7","C0"
"BC_CACGAATCAGACCCGT","hESC_A7","C3"
"BC_ACGGAAGGTACTTGTG","hESC_C12","C0"
"BC_CGAGTGCCATGCTGCG","hESC_A7","C0"
"BC_AGGTAGGCACCCTTGT","hESC_A7","C3"
"BC_ATGGTTGCACGCGCTA","hESC_A7","C0"
"BC_TATCAGGCAATGAACA","hESC_A7","C3"
"BC_GGGCTCACAGCTTCGG","hESC_C9","C0"
"BC_GCCCAGACACTAGGCC","hESC_A7","C3"
"BC_CCGAACGAGAAACCAT","hESC_A7","C2"
"BC_ACAGCCGCAATGCAAA","hESC_C9","C0"
"BC_ACGGTTACATTAAAGG","hESC_C9","C0"
"BC_CACTTCGAGCGACCCT","hESC_C9","C0"
"BC_GAGTGAGCAATAGAGT","hESC_C12","C0"
"BC_GTAGATCCATCCGCGA","hESC_A7","C0"
"BC_GATGGAGCAAATGGCG","hESC_A7","C2"
"BC_TAGGTTGTCCTTTAGT","hESC_C9","C0"
"BC_ATGAGGGGTGTCATCA","hESC_C9","C3"
"BC_CCCAACTTCGTAGGAG","hESC_A7","C3"
"BC_GTCTCACAGCTCTATG","hESC_A7","C0"
"BC_TTCTAACAGTTAACGA","hESC_C12","C0"
"BC_AGTGTTGTCCACATAG","hESC_C9","C0"
"BC_GGATGTTGTGCCTATA","hESC_C12","C3"
"BC_CGTAAGTAGTCCGTCG","hESC_D3","C0"
"BC_TCCGAAAAGGGTACGT","hESC_C12","C3"
"BC_CAGGCCACAGTCTTCC","hESC_A7","C0"
"BC_TTCAATCTCAGGAAAT","hESC_A7","C0"
"BC_TCTTAGTCAAGCAGGT","hESC_A7","C1"
"BC_TCTCTGGTCGCGGACT","hESC_C12","C3"
"BC_ATCGTAGGTGAGACCA","hESC_D3","C0"
"BC_GGTCACGTCCTCATAT","hESC_C12","C0"
"BC_TCCACGTAGTTACTCG","hESC_C12","C0"
"BC_CATTCCGTCTTACTGT","hESC_C9","C3"
"BC_TTCTTGAAGGTGAGCT","hESC_C12","C0"
"BC_CTCTCGACAGTCGGTC","hESC_A7","C0"
"BC_TTACGCCTCCATAGAC","hESC_C9","C3"
"BC_TTCATTGGTAAGTAGT","hESC_C12","C1"
"BC_AACACACCACATTACG","hESC_D3","C0"
"BC_ATTGTTCTCTACTATC","hESC_D3","C0"
"BC_TTCTGTACAAAGTGTA","hESC_C9","C2"
"BC_GTTTGGAGTTGGACCC","hESC_A7","C3"
"BC_GTTGTAGAGTAGAGTT","hESC_C12","C0"
"BC_TAAGCGTAGGTCGTGA","hESC_C9","C0"
"BC_TCACACCCATCGGAAG","hESC_C12","C3"
"BC_CCACCATAGCCTCCAG","hESC_A7","C3"
"BC_CACTGTCGTGCCTTCT","hESC_D3","C1"
"BC_AGGCATTAGTGGTGAC","hESC_D3","C2"
"BC_TGCTTGCGTTCGAAGG","hESC_D3","C0"
"BC_GTCATTTAGTTTGTCG","hESC_D3","C0"
"BC_ACATTTCGTCGGCTAC","hESC_C9","C4"
"BC_GTTCGCTCAAGTAGTA","hESC_D3","C0"
"BC_GACACGCCAGCTTTGA","hESC_D3","C0"
"BC_AAACCCAAGTTTGAGA","hESC_C9","C0"
"BC_ACTCTCGCAAGGCCTC","hESC_C9","C0"
"BC_CGAAGGACAATCGCCG","hESC_D3","C0"
"BC_CCGAACGTCCACGAAT","hESC_A7","C3"
"BC_CCCTGATGTAAGCAAT","hESC_C12","C0"
"BC_AATGCCAGTAGAAACT","hESC_C9","C3"
"BC_TTTGTTGTCGCTGCGA","hESC_C9","C0"
"BC_TCAATCTAGAGGATGA","hESC_C12","C0"
"BC_TGAATGCCACCTGTCT","hESC_D3","C0"
"BC_ATCGATGTCGGACTTA","hESC_A7","C0"
"BC_GTTAGTGCACAACCGC","hESC_D3","C0"
"BC_GTAATCGAGGTTACCT","hESC_D3","C0"
"BC_TAACCAGAGCTCGTGC","hESC_C9","C0"
"BC_CTGAATGCACCTCTAC","hESC_C9","C3"
"BC_CTGGCAGCAAACTGCT","hESC_C9","C2"
"BC_TTCTAGTGTCATTCCC","hESC_C12","C1"
"BC_TTGGGTACAAATGGTA","hESC_A7","C0"
"BC_GGAAGTGAGAGCCTGA","hESC_C9","C0"
"BC_GTGTGATGTATCCCTC","hESC_A7","C0"
"BC_AGTCAACAGCATCAAA","hESC_C12","C0"
"BC_TGACAGTGTTTGTTGG","hESC_C12","C2"
"BC_GAGGGATCAACTTGGT","hESC_C12","C0"
"BC_GTAATGCCATAGTCAC","hESC_C9","C3"
"BC_TCCGATCCAACGACAG","hESC_C12","C0"
"BC_TTCAGGACAATCACGT","hESC_D3","C3"
"BC_ACTTTGTCATATGGCT","hESC_C12","C3"
"BC_AACACACAGGCACTCC","hESC_D3","C3"
"BC_CTCAACCCAGAGAGGG","hESC_A7","C2"
"BC_GAGCCTGCACACGTGC","hESC_C9","C3"
"BC_TGGGCGTAGGTATCTC","hESC_C9","C0"
"BC_AATGGCTTCAGTCACA","hESC_C9","C3"
"BC_GACATCAAGTTCCGTA","hESC_A7","C3"
"BC_GTGTAACGTCTACGAT","hESC_D3","C0"
"BC_TGGGATTCAACAGAGC","hESC_C12","C0"
"BC_AGACACTAGGGTACGT","hESC_C9","C1"
"BC_GAGACCCCACACAGAG","hESC_C12","C3"
"BC_ATCGGCGCAAATTGGA","hESC_A7","C2"
"BC_CTGTGGGCATTATGCG","hESC_D3","C0"
"BC_TACCCACGTGGCCCAT","hESC_C9","C0"
"BC_GTAGAAACAAACACGG","hESC_D3","C0"
"BC_TCCCACAAGTGCTAGG","hESC_C12","C2"
"BC_TTTCAGTGTTAGCTAC","hESC_D3","C0"
"BC_TCCACCAAGCTTAGTC","hESC_C9","C0"
"BC_AAGTGAAGTTATAGAG","hESC_C9","C2"
"BC_TCTTGCGAGATCCCGC","hESC_C9","C0"
"BC_GTTAGACCATTGGCAT","hESC_C9","C2"
"BC_TAAGCGTTCGTAGCCG","hESC_D3","C0"
"BC_GCGGAAAAGATTAGTG","hESC_C12","C0"
"BC_TGGGAGACAAATGGAT","hESC_A7","C0"
"BC_ATGCGATAGTCGAAGC","hESC_C9","C2"
"BC_CAACGATTCCGTATGA","hESC_A7","C2"
"BC_GACGTTACAAACCGGA","hESC_D3","C0"
"BC_CTAGACACAGGATCTT","hESC_A7","C0"
"BC_AGGCTGCGTGGCTTAT","hESC_C9","C0"
"BC_GGGTCTGAGACTTGTC","hESC_D3","C0"
"BC_TATACCTGTACCCACG","hESC_D3","C3"
"BC_ACCAACACAGCGAGTA","hESC_C12","C0"
"BC_TCCTGCATCCACATAG","hESC_C12","C2"
"BC_AAAGAACAGGAGTCTG","hESC_C12","C2"
"BC_TAAGTCGCAGTTGGTT","hESC_D3","C0"
"BC_TCATACTGTCGTCAGC","hESC_C9","C0"
"BC_ATTCGTTGTACTCAAC","hESC_A7","C0"
"BC_TTCCGGTTCGCTATTT","hESC_C9","C3"
"BC_GACGCTGTCCAACTAG","hESC_D3","C2"
"BC_GTTTACTAGGTGCCTC","hESC_C12","C0"
"BC_TAGGAGGCAACAACAA","hESC_D3","C0"
"BC_AACGGGACAACGCATT","hESC_A7","C0"
"BC_ATCAGGTCAGCCTATA","hESC_C9","C3"
"BC_TATCGCCCACGCCACA","hESC_A7","C0"
"BC_TGCTGAAAGGGTAGCT","hESC_C9","C0"
"BC_TGGTGATCAGAGGCAT","hESC_D3","C0"
"BC_CTTGAGAGTACAGAAT","hESC_C9","C3"
"BC_TTGGGTAGTGATGAAT","hESC_C9","C0"
"BC_CATTTCAAGGAACGAA","hESC_C12","C3"
"BC_GCAGGCTGTCTCTCCA","hESC_D3","C0"
"BC_GGTGAAGCACTAGGCC","hESC_C12","C3"
"BC_GAACGTTCAAGTCCCG","hESC_C9","C3"
"BC_TAGGTTGTCTCGGCTT","hESC_A7","C0"
"BC_CGTTGGGTCAGACATC","hESC_A7","C2"
"BC_GACTCTCCACGCGCAT","hESC_C9","C3"
"BC_GTTATGGCATCTAGAC","hESC_A7","C0"
"BC_AGCCACGAGGCTAAAT","hESC_A7","C0"
"BC_TTTCACACAATAGTGA","hESC_A7","C2"
"BC_AAACGAACATGAGGGT","hESC_D3","C0"
"BC_CGTAAGTCAGAGGGTT","hESC_A7","C3"
"BC_CCTGCATGTACCTAAC","hESC_C9","C2"
"BC_GAACGTTTCGCCAATA","hESC_D3","C0"
"BC_CTTCTCTAGATGCTGG","hESC_D3","C0"
"BC_GCGGAAATCTGCGGCA","hESC_A7","C3"
"BC_GTTATGGGTAGGGTAC","hESC_C9","C0"
"BC_AGATCGTTCCAATCTT","hESC_C12","C3"
"BC_AAAGGTAGTTCCGCAG","hESC_C12","C0"
"BC_AGTACCAAGTCCCAGC","hESC_C9","C0"
"BC_CGGGTCAAGACTGGGT","hESC_C9","C3"
"BC_TGTTACTGTAACAGTA","hESC_C12","C0"
"BC_ACGGTCGTCATCACTT","hESC_A7","C0"
"BC_CAGAGCCTCGCTCTAC","hESC_C9","C0"
"BC_CATCGGGCACAAATAG","hESC_A7","C2"
"BC_CAACCTCGTTGTCTAG","hESC_C12","C0"
"BC_AGACAGGAGGTCATCT","hESC_D3","C1"
"BC_AGGATAATCTATCGGA","hESC_A7","C0"
"BC_AGATCGTGTGGATCAG","hESC_C9","C0"
"BC_TCATTACGTTATTCTC","hESC_C9","C0"
"BC_CTGTACCGTCTTTCTA","hESC_C9","C3"
"BC_GGGAGTACATCGGTTA","hESC_C9","C0"
"BC_ACCCTCAAGCATTTGC","hESC_A7","C3"
"BC_TAGCACATCCGGTTCT","hESC_C9","C0"
"BC_AGAGCCCGTGTCTCCT","hESC_C9","C0"
"BC_AGAGCAGTCGACATAC","hESC_A7","C0"
"BC_CGGCAGTAGAGCACTG","hESC_A7","C0"
"BC_CTGTGGGTCCAGCAAT","hESC_C9","C0"
"BC_TGACCCTAGGGCCAAT","hESC_A7","C1"
"BC_CCGGTAGCATACAGCT","hESC_A7","C3"
"BC_GAGCTGCCACACGCCA","hESC_C9","C0"
"BC_CTGCTCACACGACGAA","hESC_A7","C3"
"BC_AGGATCTCAGAGGTAC","hESC_C9","C0"
"BC_TCAAGTGAGTGTTGTC","hESC_D3","C0"
"BC_GCTACAAAGTCATAGA","hESC_C9","C3"
"BC_AAGACAATCAATCTCT","hESC_C12","C3"
"BC_AGTCTCCAGGAAGTAG","hESC_C12","C0"
"BC_CCCAACTCAGGCATTT","hESC_D3","C3"
"BC_CTGGACGGTCAAAGAT","hESC_C12","C3"
"BC_TCCTCGATCCATACAG","hESC_C9","C3"
"BC_TGTTCCGCAGTAACAA","hESC_C9","C0"
"BC_GTATTTCGTCCAATCA","hESC_A7","C3"
"BC_CATACAGTCATCACAG","hESC_C12","C3"
"BC_ATCTTCATCTGCCCTA","hESC_C9","C3"
"BC_GATGAGGCAGCGAACA","hESC_D3","C0"
"BC_TGTTCATAGCACGGAT","hESC_C9","C0"
"BC_TGGTGATCACGCAAAG","hESC_D3","C0"
"BC_CGAGTTAGTCACTCGG","hESC_C12","C0"
"BC_CGTTCTGCAGAACTAA","hESC_D3","C0"
"BC_AGCGCCACATGTGTCA","hESC_C12","C2"
"BC_CGGGTCACACTACCGG","hESC_A7","C3"
"BC_AAGTGAAGTGTCTTCC","hESC_C9","C3"
"BC_TCTACCGGTTGGAGAC","hESC_C12","C0"
"BC_CATCAAGCAAGTGTCT","hESC_D3","C0"
"BC_ATTCTTGGTCGCAACC","hESC_C9","C3"
"BC_AATGGAAAGCGCCGTT","hESC_C9","C0"
"BC_CACGAATCACAATGAA","hESC_C12","C3"
"BC_AAACGAAGTAGGAGGG","hESC_C12","C0"
"BC_TCCATCGTCAAGTGGG","hESC_C12","C0"
"BC_CAGGGCTGTAGATCGG","hESC_C12","C0"
"BC_GATTCTTCAACTGCCG","hESC_A7","C0"
"BC_AAAGGTATCCCAAGCG","hESC_D3","C0"
"BC_AATCACGCAGACCTGC","hESC_A7","C3"
"BC_CCTTGTGGTGGCTGAA","hESC_C12","C2"
"BC_CACGTTCTCACTGTTT","hESC_D3","C3"
"BC_TATCTGTGTGTGGACA","hESC_C12","C0"
"BC_AACAAAGCAGCCGGTT","hESC_D3","C0"
"BC_GTGTTCCCACTGTCCT","hESC_C9","C3"
"BC_AGGAATAAGACCGTTT","hESC_A7","C3"
"BC_TTTACCACAAACCGGA","hESC_A7","C0"
"BC_GTTTGGATCAAGCCAT","hESC_D3","C0"
"BC_GTTACAGAGAAGGTAG","hESC_A7","C0"
"BC_GGGACCTTCTTTGCTA","hESC_C9","C2"
"BC_TGAGTCACAGAAGCTG","hESC_C12","C0"
"BC_TGGAACTTCATCCCGT","hESC_C12","C0"
"BC_AAGCATCAGCCACCGT","hESC_A7","C0"
"BC_CTGCCTAGTCTGTGTA","hESC_D3","C0"
"BC_TTTCAGTCATGTAACC","hESC_C9","C0"
"BC_GAGTTTGAGGAGACCT","hESC_C12","C2"
"BC_GGCTGTGCAGCGACAA","hESC_C9","C0"
"BC_TCTTCCTAGGTGCATG","hESC_C9","C2"
"BC_TGTAAGCTCTTAAGGC","hESC_C12","C3"
"BC_GGTTGTAAGCGCCTAC","hESC_C9","C0"
"BC_GGTCACGGTCACTACA","hESC_A7","C0"
"BC_AGGGCCTGTAGAGGAA","hESC_C9","C3"
"BC_TCGTGGGTCCCTGTTG","hESC_C9","C0"
"BC_GACCTTCGTAAGCGGT","hESC_C9","C3"
"BC_ATCGGCGTCGACATCA","hESC_D3","C0"
"BC_CGCAGGTTCCGCTGTT","hESC_A7","C0"
"BC_TGGAACTAGTGGATAT","hESC_C9","C3"
"BC_GTAGAAAAGTCTAGAA","hESC_C9","C1"
"BC_TCGTGCTGTACAATAG","hESC_D3","C0"
"BC_TGTAGACTCAGGTGTT","hESC_C9","C0"
"BC_ATGCCTCCACAACATC","hESC_C9","C3"
"BC_CTGAGCGGTTAGGAGC","hESC_A7","C3"
"BC_CCTCTCCGTTATCTTC","hESC_C9","C3"
"BC_TGATCAGCAATAACCC","hESC_C9","C3"
"BC_TTACGTTCACGGCCAT","hESC_C9","C0"
"BC_GTTTACTTCACCGGTG","hESC_C12","C0"
"BC_ACGCACGCAGCTATAC","hESC_D3","C0"
"BC_CGAAGGACAAGTATAG","hESC_C9","C0"
"BC_GGTAATCGTCGGTAAG","hESC_A7","C0"
"BC_TCACACCCAGCACCCA","hESC_C12","C3"
"BC_CGAGTGCGTACCGGCT","hESC_C9","C1"
"BC_CATGGTAGTGCCGTAC","hESC_D3","C0"
"BC_TGATGCAAGCGAAACC","hESC_C9","C0"
"BC_CGAAGGAGTATGGAAT","hESC_D3","C0"
"BC_CTCTCAGGTGAGAGGG","hESC_C9","C0"
"BC_AGTAACCGTAGGTGCA","hESC_C12","C3"
"BC_AGTGATCCAGTGACCC","hESC_A7","C0"
"BC_CTCACTGAGAGAGCAA","hESC_C12","C0"
"BC_CCTTTGGCAGATTAAG","hESC_C12","C0"
"BC_GTGGCGTGTCCAGCGT","hESC_C9","C3"
"BC_TTAATCCTCTATACGG","hESC_A7","C3"
"BC_GAAGCCCTCGGTCACG","hESC_C9","C0"
"BC_CAGCAATGTAACTGCT","hESC_C12","C3"
"BC_CTGCCATTCGTAATGC","hESC_C9","C3"
"BC_CCTCTCCTCCTCAGAA","hESC_C9","C3"
"BC_GGTGATTGTTGAGGAC","hESC_A7","C0"
"BC_CATCCACGTAGTCTGT","hESC_A7","C0"
"BC_CGAGTGCCACACAGCC","hESC_A7","C0"
"BC_CTTGATTGTCGAACGA","hESC_D3","C0"
"BC_AGGGAGTAGAATCCCT","hESC_C9","C3"
"BC_ACGATCATCGGTATGT","hESC_C9","C0"
"BC_ATCAGGTCAAGGGCAT","hESC_C9","C0"
"BC_ATCACTTAGACGGTTG","hESC_A7","C0"
"BC_TAACCAGAGCGTGCTC","hESC_D3","C0"
"BC_CCTCTCCGTGGGATTG","hESC_A7","C0"
"BC_CTGTAGATCGTTATCT","hESC_C12","C0"
"BC_AGATCCAGTAGAGACC","hESC_C9","C0"
"BC_TAACTTCTCTCACTCG","hESC_A7","C3"
"BC_AGCGCCAGTTGGAGAC","hESC_D3","C0"
"BC_TACCTGCGTATGGTAA","hESC_C9","C0"
"BC_ACGTTCCTCTTGTTAC","hESC_A7","C0"
"BC_ATGGGTTCACGACGCT","hESC_C9","C3"
"BC_CTCCAACCAAGTGTCT","hESC_C12","C0"
"BC_TAGGGTTCAGTTGTCA","hESC_C9","C0"
"BC_TGATGCATCGGATAAA","hESC_A7","C0"
"BC_TCACGCTTCTATTCGT","hESC_C9","C3"
"BC_TTCACCGAGCTGTTCA","hESC_D3","C3"
"BC_TGGGTTAGTGCAGTGA","hESC_D3","C0"
"BC_TCAAGTGGTGTATTCG","hESC_D3","C0"
"BC_GTAATCGCAACACGAG","hESC_C9","C0"
"BC_GATAGCTTCACACCCT","hESC_C12","C3"
"BC_GTTCTATCAATAGGAT","hESC_C12","C0"
"BC_CGTAGTAAGCGAGGAG","hESC_D3","C0"
"BC_CTGTATTGTCGTTCAA","hESC_A7","C0"
"BC_CCACTTGCACTTTATC","hESC_D3","C3"
"BC_GATTGGTGTAAGACCG","hESC_D3","C1"
"BC_CCCTGATAGCTTGTGT","hESC_C9","C0"
"BC_AGAAGCGCAGCCGTCA","hESC_D3","C0"
"BC_TTTGATCAGCCAAGCA","hESC_A7","C0"
"BC_TAACCAGTCATTATCC","hESC_A7","C0"
"BC_AAGGTAACACTTCTCG","hESC_C9","C2"
"BC_TGGGCTGAGATGCAGC","hESC_C9","C0"
"BC_TCCTCGAGTCTTTATC","hESC_C9","C0"
"BC_AACCAACAGTAAGACT","hESC_C9","C3"
"BC_GTCATCCTCGCTTTAT","hESC_C9","C1"
"BC_TCCGGGATCTCTCCGA","hESC_C9","C0"
"BC_CAGAGCCGTATGAGAT","hESC_A7","C3"
"BC_GTTGAACGTGACAACG","hESC_C12","C3"
"BC_GAGTGTTTCCTCTGCA","hESC_D3","C3"
"BC_TAGGTTGGTGCATGAG","hESC_C12","C0"
"BC_TGGAGAGCACTGTCGG","hESC_D3","C0"
"BC_CATGGTAGTTCTATCT","hESC_C12","C0"
"BC_TCATACTAGGATAATC","hESC_C9","C3"
"BC_AGCATCAAGTCATCGT","hESC_D3","C0"
"BC_TCGCAGGTCAGGGTAG","hESC_D3","C2"
"BC_AGAGAGCGTATGGGAC","hESC_C12","C0"
"BC_GCTTTCGTCAAGTTGC","hESC_C9","C0"
"BC_CCTCTCCGTTCTCTAT","hESC_A7","C0"
"BC_GTGATGTGTCGCTTAA","hESC_D3","C1"
"BC_GGTGTCGAGTATCCTG","hESC_C12","C0"
"BC_GACGCTGTCGACACCG","hESC_C12","C0"
"BC_GGTCACGGTTTCGCTC","hESC_D3","C0"
"BC_CATACTTAGGGCAGTT","hESC_D3","C2"
"BC_ATCCTATCAATGGCCC","hESC_A7","C0"
"BC_ACATTTCCAAATCGGG","hESC_C9","C0"
"BC_TGACTCCTCTATACGG","hESC_C12","C3"
"BC_AGAGAGCTCATCACCC","hESC_C9","C0"
"BC_GGTAGAGTCGATACGT","hESC_C9","C0"
"BC_CTGTGGGAGGTGCCTC","hESC_A7","C3"
"BC_CATGCAAAGTGGTGGT","hESC_C9","C0"
"BC_GGTTAACGTATTGCCA","hESC_D3","C1"
"BC_GTGTCCTGTACCAGAG","hESC_C12","C3"
"BC_CTGTATTTCGATACGT","hESC_C9","C2"
"BC_TTTACCAAGTCACTGT","hESC_C12","C0"
"BC_CATTGCCCAGCTGTGC","hESC_C12","C3"
"BC_GAGAAATGTGGGCTTC","hESC_C9","C3"
"BC_AATCGTGGTTGGGCCT","hESC_C12","C0"
"BC_GACCGTGGTACGATGG","hESC_A7","C3"
"BC_TAACCAGGTGTAAATG","hESC_C9","C0"
"BC_CCACGTTGTACCTAGT","hESC_A7","C3"
"BC_AGGCTGCAGGTTTACC","hESC_D3","C2"
"BC_TCTACATTCCAGTGTA","hESC_D3","C0"
"BC_CGGAGAATCGCCAGAC","hESC_C9","C0"
"BC_CATTGTTCAAGTCCAT","hESC_C9","C3"
"BC_TAGACCAGTCTACGTA","hESC_A7","C3"
"BC_GTGCTGGAGCTTTCTT","hESC_A7","C0"
"BC_GAGCTGCCAGCGACAA","hESC_C12","C3"
"BC_GTAATCGAGCTCCCTT","hESC_D3","C3"
"BC_CTGTGGGCACCTGAAT","hESC_D3","C0"
"BC_CAACGGCCAATCGCAT","hESC_A7","C1"
"BC_CGTTAGAGTAGGGTAC","hESC_C12","C0"
"BC_GCATTAGCAGTAACAA","hESC_C12","C0"
"BC_GAAACCTTCGCCAGTG","hESC_C9","C3"
"BC_CCTCCAACAGAGATTA","hESC_A7","C0"
"BC_GTAGAGGTCATCGGGC","hESC_C12","C0"
"BC_GATGACTAGGTGCCAA","hESC_A7","C3"
"BC_GGTGTTATCGTGTTCC","hESC_D3","C1"
"BC_ATTCCATAGTTACGAA","hESC_A7","C0"
"BC_CGATCGGAGCAATTAG","hESC_A7","C1"
"BC_GGAACCCGTTTGGCTA","hESC_D3","C0"
"BC_CACGGGTAGCCTCAGC","hESC_A7","C3"
"BC_CCTCTAGGTACACTCA","hESC_A7","C0"
"BC_ATGTCTTGTATCTTCT","hESC_D3","C2"
"BC_TCATGGACAAGTGCAG","hESC_C12","C0"
"BC_ACAAGCTGTGGACCAA","hESC_A7","C3"
"BC_TGACTCCAGAGCTTTC","hESC_A7","C0"
"BC_TGAGGGAGTAGGTCAG","hESC_C9","C0"
"BC_GGGAGATTCGGCCAAC","hESC_C9","C0"
"BC_TGTAGACGTTAAGGAT","hESC_D3","C1"
"BC_ATTACTCGTCTAACGT","hESC_D3","C4"
"BC_TTACAGGGTACACTCA","hESC_C9","C0"
"BC_AGGAATACACGTTCGG","hESC_C9","C0"
"BC_GCACATATCCGCTTAC","hESC_C9","C0"
"BC_ATCCTATGTACAGAGC","hESC_C9","C0"
"BC_AACCTGACAGACCATT","hESC_C9","C0"
"BC_CCCAACTGTTGGCTAT","hESC_A7","C3"
"BC_GCAGGCTAGAGTCAGC","hESC_D3","C1"
"BC_GTCGAATCATTAGGCT","hESC_D3","C0"
"BC_ATTTCACCATCCTTGC","hESC_D3","C0"
"BC_CTCCCTCGTTGGCCGT","hESC_C9","C2"
"BC_GCCCAGAGTCAACCAT","hESC_C12","C0"
"BC_AAGACTCCAGTTGTCA","hESC_A7","C0"
"BC_GTAAGTCGTCACTTAG","hESC_C12","C3"
"BC_TCACAAGCAATTCGTG","hESC_D3","C0"
"BC_ACAAAGAAGCACTCGC","hESC_C9","C0"
"BC_CCTCATGGTCTTTCTA","hESC_C9","C0"
"BC_CTCCAACGTGAGACGT","hESC_A7","C1"
"BC_TAGCACACATTCTCTA","hESC_A7","C3"
"BC_ACGTAACAGGGCAAGG","hESC_C9","C3"
"BC_CGGACACTCTATCGGA","hESC_C9","C3"
"BC_GTCACTCCACTGTCCT","hESC_A7","C0"
"BC_GGCAGTCTCCAAGCAT","hESC_D3","C0"
"BC_CATAAGCTCGACCTAA","hESC_A7","C0"
"BC_GTGAGTTGTCTCACAA","hESC_C12","C0"
"BC_TGACTCCCACTCCTGT","hESC_D3","C3"
"BC_ATAGAGAGTAGGTACG","hESC_A7","C0"
"BC_TTCCGGTTCGTCCTCA","hESC_A7","C3"
"BC_GATCCCTTCATACAGC","hESC_A7","C0"
"BC_TTACCGCAGAAGCGGG","hESC_C9","C0"
"BC_GCACGTGGTTGTTGCA","hESC_C12","C0"
"BC_TCCTTTCGTTCCGCTT","hESC_C9","C0"
"BC_GCTTGGGGTGTGTTTG","hESC_C12","C0"
"BC_AGTCACACATAGGTAA","hESC_C9","C1"
"BC_ACAAAGAAGAAGCCTG","hESC_C9","C0"
"BC_CTGCCTACACAGCGCT","hESC_C12","C0"
"BC_ACGGGTCTCGAGAGAC","hESC_D3","C1"
"BC_GATTTCTAGCAAACAT","hESC_C9","C0"
"BC_GTCACTCTCAGTCTTT","hESC_C9","C3"
"BC_CCGGACAAGTCTAGCT","hESC_D3","C0"
"BC_CGATGGCTCATCCCGT","hESC_D3","C0"
"BC_TGCTTCGTCGAGTACT","hESC_D3","C0"
"BC_TCTAACTGTTCGAGCC","hESC_C9","C0"
"BC_GAGTCATGTCGCATCG","hESC_C9","C3"
"BC_TACTTGTCAATGCTCA","hESC_D3","C1"
"BC_TGCAGATGTACATTGC","hESC_C12","C3"
"BC_ATCGTAGGTAGGACCA","hESC_C9","C3"
"BC_AGACTCACAGTCAGCC","hESC_D3","C3"
"BC_TTTACTGAGATGACCG","hESC_C9","C0"
"BC_ATCGGATTCACTTATC","hESC_C9","C0"
"BC_TATTTCGGTTGTAAAG","hESC_D3","C0"
"BC_CTGGACGCATTGAAAG","hESC_D3","C0"
"BC_ACGTTCCCAGCTTTCC","hESC_C12","C3"
"BC_CATTCCGAGTGGTTGG","hESC_D3","C0"
"BC_ACTTATCCACATGTTG","hESC_D3","C3"
"BC_ATACCTTCAATACGAA","hESC_C9","C0"
"BC_AACCACAGTCACTCTC","hESC_C9","C3"
"BC_AACAAAGTCTCGACCT","hESC_D3","C0"
"BC_TTCGCTGGTAGTGATA","hESC_A7","C1"
"BC_AAGTCGTCAAACGGCA","hESC_D3","C0"
"BC_GAGTCTAAGAGTGTGC","hESC_C9","C3"
"BC_ATGGATCAGCGTGAAC","hESC_C9","C0"
"BC_CACTGTCGTATTGACC","hESC_A7","C0"
"BC_GGGACTCCATCCCGTT","hESC_C12","C3"
"BC_CTGCCATTCCATTTAC","hESC_C9","C0"
"BC_ACGGTCGGTGAATGTA","hESC_C9","C0"
"BC_GATCATGGTTTCTTAC","hESC_A7","C0"
"BC_TTTATGCTCCATTGCC","hESC_C12","C3"
"BC_TTCTGTAGTAGAGGAA","hESC_C9","C0"
"BC_AATAGAGCAGCTGAAG","hESC_A7","C3"
"BC_GCTACCTAGACTCTTG","hESC_C12","C0"
"BC_CTCCTTTAGATAGCTA","hESC_C9","C0"
"BC_ACGTACAAGTCATGCT","hESC_D3","C1"
"BC_CCTGCATTCAAGAAAC","hESC_A7","C0"
"BC_ACCCTTGTCCTCACTG","hESC_C9","C2"
"BC_GGAGAACGTCCTGTTC","hESC_C9","C0"
"BC_GACACGCGTTGTCCCT","hESC_C9","C3"
"BC_CAGCAATTCATGGAGG","hESC_C9","C2"
"BC_GCCAACGGTTACCCTC","hESC_D3","C0"
"BC_TTGAACGGTAGCTGCC","hESC_C9","C0"
"BC_TCCGAAACAATTGCGT","hESC_C9","C0"
"BC_GAGCTGCCAAGCGGAT","hESC_A7","C3"
"BC_TGGGATTAGTCTACCA","hESC_A7","C0"
"BC_AGTAGCTTCCGGTAGC","hESC_D3","C1"
"BC_ACGTCCTGTCACAGAG","hESC_D3","C2"
"BC_GCGAGAATCTGTGCGG","hESC_D3","C0"
"BC_ACGCACGTCTGAGCAT","hESC_A7","C3"
"BC_CCATAAGTCCGGCAAC","hESC_C9","C0"
"BC_GACTGATCATTGAAGA","hESC_C9","C0"
"BC_TTATTGCTCCACGGAC","hESC_C9","C0"
"BC_TCGGGTGCAATTAGGA","hESC_A7","C0"
"BC_TAAGCACTCTGGAAGG","hESC_D3","C1"
"BC_TTACTGTAGAATCGAT","hESC_C12","C1"
"BC_AGGTTACTCCCATACC","hESC_C9","C0"
"BC_ACGATCAAGCTTACGT","hESC_A7","C2"
"BC_TCCCAGTAGGATGTTA","hESC_A7","C0"
"BC_TTGACCCTCAACTGAC","hESC_C12","C3"
"BC_TACATTCGTTGGACCC","hESC_C9","C0"
"BC_TTCCTTCAGGAAGAAC","hESC_D3","C0"
"BC_GTCATTTAGAGAGCCT","hESC_C12","C0"
"BC_AGCGATTGTAAGCGGT","hESC_A7","C0"
"BC_TGGCGTGTCGACACTA","hESC_A7","C3"
"BC_GTGATGTGTCGAATGG","hESC_C9","C0"
"BC_TTGTGGAGTGAGAACC","hESC_C9","C0"
"BC_TACTGCCAGCCTCCAG","hESC_C9","C0"
"BC_CAGCAATCACTACCCT","hESC_C12","C3"
"BC_TGATGCACACGGTGAA","hESC_D3","C3"
"BC_CCTCACAGTTCCAGGC","hESC_C9","C3"
"BC_AAACGCTCATGGCACC","hESC_C9","C3"
"BC_CTCAAGATCAAGGCTT","hESC_C9","C0"
"BC_TCACTATGTCAGCTTA","hESC_D3","C0"
"BC_GACGCTGTCACATCAG","hESC_D3","C0"
"BC_TACGTCCTCGAACTCA","hESC_D3","C1"
"BC_GAGTTGTAGGGATCAC","hESC_A7","C3"
"BC_GGGACTCAGATGCTAA","hESC_A7","C0"
"BC_ACCAACATCGCCGATG","hESC_A7","C3"
"BC_TAACCAGGTTCACCGG","hESC_C9","C0"
"BC_TGTAGACTCGTTCTAT","hESC_C9","C0"
"BC_CTGCATCGTCTACTGA","hESC_D3","C0"
"BC_CATCGTCGTTAGGGTG","hESC_A7","C3"
"BC_GGGACAATCAGGACAG","hESC_C9","C3"
"BC_GAATAGACATGTAACC","hESC_A7","C3"
"BC_AGATCCATCGCTCTCA","hESC_C9","C0"
"BC_TTCCGTGTCTTGGCTC","hESC_D3","C0"
"BC_ATTATCCGTAAGCGGT","hESC_C12","C0"
"BC_ATCAGGTGTGAGTTTC","hESC_A7","C3"
"BC_CTACCCAAGGCCACTC","hESC_C9","C3"
"BC_CGTAATGCATTGCCTC","hESC_C9","C2"
"BC_AGAAGTATCGTCACCT","hESC_A7","C0"
"BC_CAAGCTATCCGTGGCA","hESC_A7","C3"
"BC_CTCATCGTCAGCTTCC","hESC_D3","C0"
"BC_ATTCATCAGCAATAAC","hESC_C9","C3"
"BC_GGAGGATCACTACCCT","hESC_D3","C0"
"BC_GTAGGTTCAAGTCATC","hESC_C9","C0"
"BC_ATCGATGAGTGCTCAT","hESC_D3","C1"
"BC_AGATCCAGTACTGCCG","hESC_C9","C3"
"BC_GGAACCCAGGACAAGA","hESC_C9","C3"
"BC_ATCGTAGCAGTAGTGG","hESC_C12","C2"
"BC_GGTTAACTCAACACCA","hESC_C12","C0"
"BC_GAACACTGTATAGGGC","hESC_A7","C3"
"BC_AAAGAACAGTGTAGTA","hESC_A7","C1"
"BC_GGCAGTCAGGCAGTCA","hESC_C9","C0"
"BC_CAATGACTCGTGTTCC","hESC_A7","C0"
"BC_AGGGAGTAGAAATCCA","hESC_A7","C0"
"BC_ATACCGAAGCTAATGA","hESC_C9","C0"
"BC_TCACGCTCAGACTGCC","hESC_C9","C3"
"BC_TTCAGGACAATACCTG","hESC_C12","C2"
"BC_TCAGTCCCACTACAGT","hESC_D3","C0"
"BC_GTCAAACAGCTCGCAC","hESC_A7","C0"
"BC_GATGACTTCTCTTAAC","hESC_C12","C3"
"BC_TGCAGATTCAACCTTT","hESC_D3","C0"
"BC_CATAAGCCAATCTCTT","hESC_C9","C3"
"BC_TCCAGAACACGCAGTC","hESC_D3","C2"
"BC_GGTGATTTCGGTCATA","hESC_D3","C1"
"BC_CTTGATTGTGTCACAT","hESC_C9","C0"
"BC_TACCCGTTCTTTGATC","hESC_D3","C0"
"BC_GAATAGACAGGACTTT","hESC_A7","C0"
"BC_TGTGCGGAGATTACCC","hESC_A7","C0"
"BC_CGTGAATAGTGGAAAG","hESC_C9","C3"
"BC_TATGTTCTCCACACAA","hESC_D3","C0"
"BC_ACGGTTAGTGTTGATC","hESC_C9","C0"
"BC_TGGTGATAGATGAACT","hESC_C9","C3"
"BC_ACGGTTAGTACTAGCT","hESC_A7","C0"
"BC_TCCATGCCAACCACAT","hESC_A7","C3"
"BC_CAGCACGAGGAACGAA","hESC_C12","C0"
"BC_GATGAGGTCTCCGTGT","hESC_A7","C0"
"BC_GCTACCTAGCGGTATG","hESC_C9","C0"
"BC_TGATTCTAGCTAAGTA","hESC_C9","C0"
"BC_GGATCTACAAACACCT","hESC_C9","C3"
"BC_GAAGCGATCGGCTGGT","hESC_C9","C0"
"BC_CGCCATTAGGTTGTTC","hESC_C9","C0"
"BC_CTATCCGTCGGTCTAA","hESC_A7","C0"
"BC_GGCACGTCACGGGCTT","hESC_C9","C0"
"BC_CCCTCAACAAGACAAT","hESC_C12","C3"
"BC_TCCTCTTAGCTTAAGA","hESC_A7","C0"
"BC_TATGTTCGTTGACTAC","hESC_A7","C1"
"BC_ATCACTTAGGAATTAC","hESC_A7","C0"
"BC_TCACTCGAGTAGGGTC","hESC_C12","C3"
"BC_GCGGAAAAGAGGTCAC","hESC_C9","C2"
"BC_GTCGTTCCATTGAAGA","hESC_C12","C0"
"BC_GATGATCTCAGGACGA","hESC_D3","C0"
"BC_TACCCACGTCAACACT","hESC_C12","C0"
"BC_TCTGTCGCATGTTACG","hESC_C9","C0"
"BC_AGTGATCCAGATTCGT","hESC_A7","C1"
"BC_TCAGGGCAGTCACTGT","hESC_D3","C0"
"BC_GAAGGGTCACGACGCT","hESC_C12","C0"
"BC_ACGTAGTGTTAACCTG","hESC_D3","C0"
"BC_AGCTACAGTGATGAAT","hESC_A7","C3"
"BC_CCCATTGTCGACATCA","hESC_C12","C0"
"BC_AGGACGAGTACAGCGA","hESC_C9","C0"
"BC_CAACCTCTCTACTGCC","hESC_A7","C0"
"BC_GTGTAACGTAATCAGA","hESC_D3","C0"
"BC_TAACACGGTGTCATTG","hESC_D3","C0"
"BC_CGGGCATTCCGTGTGG","hESC_C12","C0"
"BC_AAGTCGTTCGCCTAGG","hESC_C12","C0"
"BC_GGTGTTATCCACTTTA","hESC_A7","C3"
"BC_CGAGTTAAGTGCGTCC","hESC_A7","C0"
"BC_TACGCTCTCTCTATAC","hESC_C12","C3"
"BC_ATCCTATGTACTCCCT","hESC_C9","C2"
"BC_CAGATACCACGTACTA","hESC_C9","C3"
"BC_TTGCATTCATGACGGA","hESC_C9","C0"
"BC_GAAGAATAGGCCCACT","hESC_A7","C2"
"BC_TCCGAAAGTGCTGTCG","hESC_A7","C0"
"BC_CTCGAGGCATGACGGA","hESC_D3","C0"
"BC_TGTACAGGTAGTCCTA","hESC_C12","C2"
"BC_AAGATAGAGCGAGTAC","hESC_C9","C0"
"BC_TCTTCCTGTAGCTGAG","hESC_D3","C0"
"BC_TCCTGCATCTCGTCGT","hESC_C9","C0"
"BC_ATGGAGGTCGCATTAG","hESC_A7","C0"
"BC_TATTCCAAGCGAAACC","hESC_C9","C3"
"BC_GGTTGTAAGATCGACG","hESC_A7","C1"
"BC_TCAAGACTCGTGCATA","hESC_C9","C0"
"BC_TACACCCGTCAGACTT","hESC_C12","C0"
"BC_AGGGCCTGTAATTGGA","hESC_A7","C0"
"BC_TTGGATGCAGAAGTGC","hESC_D3","C0"
"BC_ATGAGGGCACTATGTG","hESC_C12","C3"
"BC_GACCGTGCATATCGGT","hESC_D3","C0"
"BC_GTGAGGAAGTGGACTG","hESC_A7","C0"
"BC_CTGAGCGAGGCTAACG","hESC_A7","C0"
"BC_TGCCGAGTCGTACCTC","hESC_C9","C0"
"BC_TGTGATGTCTCAATCT","hESC_D3","C0"
"BC_CACTGTCAGACAGTCG","hESC_C9","C0"
"BC_TGAACGTGTTCACCGG","hESC_D3","C2"
"BC_TTTATGCTCGAAGCCC","hESC_C9","C0"
"BC_TGAGGAGTCTGTCGTC","hESC_D3","C0"
"BC_GTATTTCTCGCAGAGA","hESC_C12","C0"
"BC_AACCATGTCTTTCGAT","hESC_C12","C0"
"BC_CATTCATCAGGGTCTC","hESC_C9","C3"
"BC_TTACGTTAGTCAGCGA","hESC_C12","C0"
"BC_ACGTACAAGGCGTTAG","hESC_D3","C0"
"BC_TTGAGTGGTATCAGGG","hESC_D3","C0"
"BC_AATCGTGGTGGCTGCT","hESC_D3","C1"
"BC_GCCTGTTCACGGCTAC","hESC_D3","C0"
"BC_CGGAATTTCTGCCCTA","hESC_C9","C3"
"BC_CTGGACGAGTAATACG","hESC_D3","C0"
"BC_GCAGCCATCAGCTTGA","hESC_A7","C0"
"BC_TGTTACTGTTGGCTAT","hESC_D3","C0"
"BC_CGGTCAGGTATACAGA","hESC_A7","C0"
"BC_CTTCTAATCGCTGTCT","hESC_C12","C0"
"BC_TGTCCTGCATCAGTCA","hESC_C9","C3"
"BC_GAACGTTGTTCGGTTA","hESC_C9","C0"
"BC_ACATCGACAGAGGACT","hESC_C9","C0"
"BC_CAGAGCCCAGATAAAC","hESC_A7","C3"
"BC_ACCAAACAGTGCACAG","hESC_C9","C3"
"BC_ATCGTAGTCCAACCGG","hESC_C9","C3"
"BC_CTCATTACAGACACCC","hESC_A7","C3"
"BC_GACCCAGTCAGTCAGT","hESC_A7","C3"
"BC_GACAGCCAGTGGTTAA","hESC_D3","C0"
"BC_TCGATTTCAATCCAGT","hESC_D3","C0"
"BC_GTCATCCAGGTCGAGT","hESC_C9","C0"
"BC_TAATCTCAGAGTACCG","hESC_C9","C0"
"BC_GATTTCTCAGGCTATT","hESC_A7","C0"
"BC_CATGGTATCTCATTTG","hESC_A7","C0"
"BC_TCCTCCCCACTGCATA","hESC_C9","C3"
"BC_GGCGTCAGTCTCCCTA","hESC_A7","C0"
"BC_AAGTACCTCTTACCGC","hESC_C9","C3"
"BC_GCATCGGGTTGGTACT","hESC_C9","C0"
"BC_ATCCCTGAGTGCCTCG","hESC_C9","C0"
"BC_CTCATGCGTGTGGACA","hESC_C12","C3"
"BC_CATCCACAGTAAGCAT","hESC_C9","C0"
"BC_TTTCAGTTCCATCTGC","hESC_A7","C3"
"BC_GTGCTGGTCTGAACGT","hESC_C9","C0"
"BC_TCAATTCAGGTAAGAG","hESC_C9","C0"
"BC_AACCACAAGAGCAGAA","hESC_A7","C0"
"BC_CAACAGTGTGTACATC","hESC_C12","C0"
"BC_TCTAACTTCTCCCTAG","hESC_C9","C0"
"BC_TGCTGAAAGCGAGGAG","hESC_C9","C0"
"BC_CCGGACAGTTCCGGTG","hESC_A7","C3"
"BC_CGATGGCAGGTTCATC","hESC_D3","C0"
"BC_CATAAGCTCCCACAGG","hESC_C9","C0"
"BC_TATCCTATCATGCCCT","hESC_C9","C3"
"BC_AATGCCAGTGACCGAA","hESC_C12","C0"
"BC_TTGGTTTGTGTGCCTG","hESC_C9","C0"
"BC_ATCACGACAAGCCTGC","hESC_A7","C3"
"BC_CGTTCTGCAACCGTGC","hESC_C9","C3"
"BC_TTCCGGTGTAGAGGAA","hESC_C9","C0"
"BC_TGTGAGTTCGTGGCTG","hESC_C9","C3"
"BC_CCTCTCCTCTATCGTT","hESC_C9","C3"
"BC_CACCGTTTCCACTGGG","hESC_D3","C0"
"BC_CCTCTCCTCCATTCGC","hESC_C9","C3"
"BC_ACAGAAAGTGATTCAC","hESC_C9","C3"
"BC_TGTTCATAGCATTGAA","hESC_C9","C0"
"BC_ACCATTTGTCACCTTC","hESC_A7","C3"
"BC_TGTCCTGAGAGTTCGG","hESC_A7","C3"
"BC_GGGCGTTAGTTCTACG","hESC_A7","C0"
"BC_CTAACCCCAAACTCGT","hESC_D3","C0"
"BC_GGAGATGAGGCAGTCA","hESC_A7","C1"
"BC_GCCATTCTCGTCCATC","hESC_C9","C3"
"BC_TTGGGCGAGTGGTTCT","hESC_C9","C0"
"BC_ATTCTTGTCCACTGAA","hESC_A7","C0"
"BC_GGGACTCGTAGATCGG","hESC_C9","C0"
"BC_GACTGATAGAAACCAT","hESC_C12","C3"
"BC_GGGTATTTCTTCCACG","hESC_A7","C1"
"BC_TTGCGTCCAGTCGGTC","hESC_D3","C0"
"BC_GGGTTATCAACGCCCA","hESC_A7","C0"
"BC_GCGGATCCACTTTATC","hESC_C9","C0"
"BC_ATATCCTTCGGTCGAC","hESC_A7","C0"
"BC_TGTGAGTGTAAGCTCT","hESC_D3","C0"
"BC_GGATGTTTCAATCTCT","hESC_A7","C2"
"BC_ATAGGCTGTCTAACGT","hESC_A7","C0"
"BC_GGGCGTTAGGTATAGT","hESC_A7","C0"
"BC_AAAGGGCAGTCCCTAA","hESC_C9","C0"
"BC_TCAAGACCACACAGAG","hESC_C12","C0"
"BC_TACAACGTCATGCCCT","hESC_C9","C1"
"BC_GCTCAAATCGTTCCTG","hESC_A7","C0"
"BC_ACTATTCAGACGCTCC","hESC_C9","C3"
"BC_GGGCGTTAGCCTGAAG","hESC_C12","C2"
"BC_CTGTGGGGTTCGAACT","hESC_C12","C3"
"BC_ATTTCACCAGGCTATT","hESC_C12","C3"
"BC_AACACACGTCACTTAG","hESC_D3","C0"
"BC_TATTCCAAGCCAGACA","hESC_C9","C0"
"BC_TTCCTTCCATCGAACT","hESC_C9","C0"
"BC_TCCACCAGTGGACAGT","hESC_D3","C2"
"BC_AACGTCATCGCTAAAC","hESC_D3","C0"
"BC_ACCCAAAAGCCTCCAG","hESC_D3","C2"
"BC_TCAGCCTTCGACCAAT","hESC_D3","C0"
"BC_ATAGGCTCATCATCTT","hESC_D3","C2"
"BC_ACTATTCCAGTCAGCC","hESC_C9","C3"
"BC_TCGCTTGTCGTAGAGG","hESC_D3","C0"
"BC_TTTATGCGTTAACCTG","hESC_D3","C0"
"BC_TGGGAGAGTCGAACGA","hESC_A7","C3"
"BC_GGGTCTGAGTCTGCAT","hESC_C9","C0"
"BC_TGAGCGCAGCCGATCC","hESC_A7","C3"
"BC_ATCGTGAGTGGTCAAG","hESC_D3","C1"
"BC_TTCAGGATCACTGAAC","hESC_D3","C0"
"BC_TGCGGCAAGTGGTCAG","hESC_D3","C0"
"BC_TCGCTTGAGTGGCGAT","hESC_C9","C0"
"BC_TACCTGCCACAACATC","hESC_C9","C3"
"BC_TACAACGGTGTGTTTG","hESC_A7","C0"
"BC_TGATCTTAGGCGATAC","hESC_A7","C0"
"BC_TTTACCAAGCCGCACT","hESC_C9","C2"
"BC_AGAGAATAGCTTGTTG","hESC_D3","C3"
"BC_CAATCGAAGGTTACCT","hESC_C12","C3"
"BC_CATCCGTCATCGAAGG","hESC_D3","C0"
"BC_TTTGATCTCTACTTCA","hESC_C9","C3"
"BC_TAAGCCAGTGATAGAT","hESC_D3","C0"
"BC_GTCATGATCACCCATC","hESC_D3","C0"
"BC_CTGCCATAGCCAACCC","hESC_A7","C0"
"BC_GTAGAAATCGCTGTTC","hESC_C12","C2"
"BC_TTACCGCCACGACGCT","hESC_C12","C0"
"BC_GACTATGTCTACTCAT","hESC_C12","C0"
"BC_GGTAACTCAATTCGTG","hESC_C9","C0"
"BC_CAATTTCTCAATGCAC","hESC_C9","C3"
"BC_TCGTCCAAGGTTCTTG","hESC_C12","C3"
"BC_CAGATACCATGCAGGA","hESC_D3","C0"
"BC_AGGGCTCGTCTACAAC","hESC_C9","C0"
"BC_TTCCAATGTGCTGTCG","hESC_D3","C0"
"BC_CCCTCAAGTCACAATC","hESC_A7","C2"
"BC_CATCCACGTGTCTTCC","hESC_D3","C2"
"BC_GGTCACGGTTCGGCTG","hESC_C9","C0"
"BC_GGAGAACAGGGACCAT","hESC_C9","C2"
"BC_CAACAACCATCGAGCC","hESC_A7","C3"
"BC_ATCGGCGTCTCATTGT","hESC_D3","C3"
"BC_TCCCACATCTTCACGC","hESC_A7","C3"
"BC_CAAAGAAAGGTGCATG","hESC_D3","C0"
"BC_CCTCTCCTCCTGATAG","hESC_A7","C3"
"BC_TACGCTCAGCTATCCA","hESC_A7","C3"
"BC_CACAACACAACGCCCA","hESC_A7","C1"
"BC_TCCACCAGTTAAACCC","hESC_D3","C0"
"BC_CTCCTCCGTATGAGCG","hESC_D3","C0"
"BC_TTTACTGCAGCAGTCC","hESC_A7","C0"
"BC_TCGTGGGGTCAACCTA","hESC_C12","C3"
"BC_TAGACTGGTTTGGGTT","hESC_A7","C3"
"BC_AGGTGTTCATGTACGT","hESC_D3","C0"
"BC_TGGGCTGCATAGTCAC","hESC_C9","C0"
"BC_TTACCATCAGCAGGAT","hESC_A7","C0"
"BC_GCATGATTCGGCCTTT","hESC_C9","C0"
"BC_TGGGCTGGTTGCCATA","hESC_C9","C3"
"BC_CTCCCAAGTTGGAGGT","hESC_C9","C3"
"BC_CTCTGGTTCTTTGCTA","hESC_A7","C0"
"BC_AGGGCTCGTCACGACC","hESC_C9","C0"
"BC_CTGCCATGTATGCGTT","hESC_A7","C3"
"BC_AGGACGAGTGTCGATT","hESC_D3","C0"
"BC_TTTCCTCCACATGAAA","hESC_C9","C0"
"BC_AAGTGAACACACCTGG","hESC_C9","C0"
"BC_TCCTCCCGTGCTTATG","hESC_C9","C3"
"BC_TAGGGTTAGACCTGGA","hESC_A7","C2"
"BC_ATATCCTAGCATACTC","hESC_A7","C0"
"BC_AGATAGATCTCCTGAC","hESC_C9","C0"
"BC_CAACGATAGTCAGCCC","hESC_C12","C3"
"BC_CTCCATGTCCAAGAGG","hESC_C9","C0"
"BC_ATCACAGTCGGCTATA","hESC_D3","C1"
"BC_GACTGATTCACCTTGC","hESC_D3","C3"
"BC_TTACCGCCAGCGAACA","hESC_C9","C0"
"BC_TTCCTCTGTCAGGCAA","hESC_A7","C0"
"BC_AAGATAGCAGTTAGGG","hESC_C9","C0"
"BC_AATGGCTGTCCACTCT","hESC_C9","C3"
"BC_AGATGAAAGTCGGCAA","hESC_D3","C0"
"BC_CCTCACAGTCTTCATT","hESC_C12","C0"
"BC_TTCGATTCACTCCTGT","hESC_C9","C3"
"BC_CAACAGTAGGGCAGAG","hESC_C9","C0"
"BC_GTGCTGGCACCATATG","hESC_C9","C0"
"BC_TTGGTTTGTTTCGATG","hESC_A7","C3"
"BC_GTATTGGTCGAAGGAC","hESC_A7","C3"
"BC_GAGGGATTCTACTCAT","hESC_A7","C0"
"BC_GTTCCGTCACCCTTAC","hESC_C9","C3"
"BC_TCGCACTAGATTGTGA","hESC_A7","C3"
"BC_GTTACAGCAAATACGA","hESC_C9","C0"
"BC_GGTAACTCACACGCCA","hESC_C12","C3"
"BC_ATCACTTGTAACCCTA","hESC_C12","C3"
"BC_CTACCTGCAGTCTCTC","hESC_C9","C1"
"BC_TAGCACACACTCAGAT","hESC_D3","C0"
"BC_GTTGTCCGTTATCTTC","hESC_C9","C3"
"BC_CAATGACTCCGTTGGG","hESC_A7","C3"
"BC_AGCGCCACAGCTTTGA","hESC_A7","C0"
"BC_ACCAACAGTTCTTAGG","hESC_C12","C0"
"BC_CCTCCAAGTGCGGTAA","hESC_A7","C0"
"BC_CGCCATTCAGAACATA","hESC_C12","C0"
"BC_CCTCCTCAGTTCTACG","hESC_C9","C3"
"BC_GATGATCGTCACCTTC","hESC_C12","C3"
"BC_GCTTTCGTCGCTCTAC","hESC_D3","C0"
"BC_TCGGATAAGCGTATAA","hESC_A7","C3"
"BC_TGGTTAGCAGAGTGTG","hESC_C12","C0"
"BC_CCACGAGCACCCAATA","hESC_C12","C3"
"BC_AAGTGAAAGCTCGGCT","hESC_A7","C1"
"BC_CATTCCGCAATCTCTT","hESC_D3","C2"
"BC_TCCTTTCTCCTCTCTT","hESC_D3","C0"
"BC_GAAGAATAGGGCTAAC","hESC_A7","C3"
"BC_AGTCAACTCGTTCCTG","hESC_A7","C3"
"BC_ATCACAGCAATACGCT","hESC_C12","C0"
"BC_AGGTTGTAGTATAACG","hESC_C12","C0"
"BC_CTGTATTCATGACTAC","hESC_D3","C0"
"BC_CATTCATAGTAAACTG","hESC_C12","C0"
"BC_CGTAATGGTCCTCCAT","hESC_C9","C0"
"BC_ACCGTTCCAATTGAGA","hESC_D3","C0"
"BC_CAGCAGCAGCGTGCTC","hESC_A7","C3"
"BC_AACACACTCTTAGCCC","hESC_C12","C3"
"BC_TGTGGCGGTTAAAGTG","hESC_A7","C0"
"BC_TCAAGCAAGACCAGCA","hESC_A7","C3"
"BC_TCGTCCAGTAGAGATT","hESC_A7","C0"
"BC_CACAACACATGATAGA","hESC_D3","C0"
"BC_GGGAGATAGGTCCCTG","hESC_C9","C0"
"BC_TTCCACGCATTCACCC","hESC_C12","C3"
"BC_GATCAGTCACAAAGTA","hESC_A7","C0"
"BC_CACGGGTCAGAACATA","hESC_D3","C0"
"BC_AGTAGTCCAAATCCCA","hESC_D3","C0"
"BC_AAGACAAAGTCACGCC","hESC_D3","C3"
"BC_CTTCCGACACTGTTCC","hESC_C12","C0"
"BC_ACGTAGTAGGCTGAAC","hESC_A7","C0"
"BC_ACAGGGAGTTCCTAAG","hESC_C9","C0"
"BC_TCTCACGCATTCTGTT","hESC_A7","C1"
"BC_ATTACCTTCCTGCTAC","hESC_A7","C3"
"BC_TGGGCTGGTAATTAGG","hESC_C9","C0"
"BC_GCCAGCAAGAATCCCT","hESC_A7","C0"
"BC_AGGAAATAGCAAATCA","hESC_C12","C3"
"BC_CGGGTCACACGGTAGA","hESC_C9","C2"
"BC_GGCTTTCAGTAGGAAG","hESC_A7","C0"
"BC_CGCAGGTAGCCAAGGT","hESC_A7","C3"
"BC_ATGGGAGGTAACTTCG","hESC_A7","C1"
"BC_AGGACTTCAGACACCC","hESC_C12","C2"
"BC_CCCGAAGTCTGGCCTT","hESC_A7","C0"
"BC_ACCACAACATCCTGTC","hESC_C12","C3"
"BC_TAAGCACTCATTCGTT","hESC_D3","C1"
"BC_TCATTACCAGCACAAG","hESC_A7","C2"
"BC_CCTCAACCAAGTCATC","hESC_A7","C3"
"BC_TGGTAGTAGCCTCGTG","hESC_D3","C0"
"BC_GAAGGACGTGTGTCGC","hESC_C9","C2"
"BC_GACTGATCACCTTCCA","hESC_C12","C0"
"BC_TAGACTGAGTAAACAC","hESC_C12","C0"
"BC_TATTGCTTCACCCATC","hESC_D3","C0"
"BC_GCCAGGTGTCGCGTTG","hESC_A7","C0"
"BC_CTAACCCCAAAGCTCT","hESC_A7","C2"
"BC_GAAGCGAGTAGCACAG","hESC_D3","C0"
"BC_TGTTGGATCTGCTTTA","hESC_C9","C3"
"BC_TGGGATTAGACCGCCT","hESC_C9","C0"
"BC_CAAGCTACATAATGAG","hESC_A7","C0"
"BC_TCAGTTTAGACCATGG","hESC_D3","C0"
"BC_ACCGTTCTCCAACTGA","hESC_C9","C3"
"BC_TCCCAGTAGCTTCTAG","hESC_D3","C0"
"BC_GGGAAGTCATGCCGAC","hESC_C9","C0"
"BC_GGAAGTGGTTTGTTCT","hESC_D3","C0"
"BC_CTTGATTCAAGTGCAG","hESC_C12","C2"
"BC_GAATCACGTTATCTGG","hESC_C9","C0"
"BC_GAATCACCAAGCGCTC","hESC_C12","C3"
"BC_TTTGGTTGTCAAGCGA","hESC_D3","C0"
"BC_CGTGATAAGAGAGTTT","hESC_C9","C2"
"BC_AGAGAGCAGACGGAAA","hESC_D3","C0"
"BC_AGTGACTGTCTAGGCC","hESC_A7","C0"
"BC_CTGCATCAGACCAAAT","hESC_C9","C0"
"BC_ACGGTCGGTGACAGGT","hESC_C12","C3"
"BC_TTGTTCAAGGGACTGT","hESC_C12","C0"
"BC_AGGATAAGTGAGGAAA","hESC_C12","C0"
"BC_CAACCTCCATGGCTGC","hESC_C9","C0"
"BC_CCCTCTCTCGCTATTT","hESC_D3","C0"
"BC_TGTTTGTTCCATACTT","hESC_C9","C0"
"BC_CATCCCAGTCTGCGCA","hESC_C9","C3"
"BC_TACGTCCCACTGTGAT","hESC_D3","C0"
"BC_GTGACGCCACGTATAC","hESC_C9","C0"
"BC_CATTGAGAGACTTCCA","hESC_C9","C0"
"BC_ATCATTCAGGACAACC","hESC_A7","C3"
"BC_AGGACTTTCTTAGGAC","hESC_C12","C0"
"BC_GATTCGATCATCTACT","hESC_C12","C2"
"BC_CGAGTTAAGGGCCAAT","hESC_D3","C0"
"BC_CACTTCGTCAAGCCGC","hESC_A7","C3"
"BC_TACTTACTCTAGTCAG","hESC_A7","C0"
"BC_TGCATGACACTTTAGG","hESC_D3","C0"
"BC_ACGTCCTGTAACATCC","hESC_C9","C2"
"BC_GTGCTGGCAGAACATA","hESC_D3","C0"
"BC_GCGGATCTCAGCTGAT","hESC_C12","C0"
"BC_GGGATCCCAAGCGCTC","hESC_D3","C0"
"BC_TCTCTGGTCCGGACTG","hESC_C9","C3"
"BC_AGCCACGGTGCTGCAC","hESC_C9","C3"
"BC_GGGCTCAGTTCCGCAG","hESC_C9","C0"
"BC_ATCCATTGTCCAAGAG","hESC_D3","C2"
"BC_TTTGACTCACCAACAT","hESC_D3","C3"
"BC_TACTTACTCAGTGTGT","hESC_A7","C0"
"BC_AGATAGAAGGGATGTC","hESC_C9","C0"
"BC_CTGTATTTCCTTCTAA","hESC_A7","C3"
"BC_TTCCACGTCCGATGCG","hESC_C9","C2"
"BC_ATCACGAGTCGATTAC","hESC_C9","C0"
"BC_GACCAATGTTGCTTGA","hESC_A7","C3"
"BC_GCTTTCGGTGGACTGA","hESC_C9","C0"
"BC_TCTTGCGCAATCAGCT","hESC_A7","C0"
"BC_CCTCCTCAGAAGCCAC","hESC_C9","C3"
"BC_GTCCCATCAAGCACAG","hESC_A7","C0"
"BC_AGTCAACTCCTCCACA","hESC_C12","C0"
"BC_TCCGAAAGTACGCTTA","hESC_A7","C3"
"BC_TATCGCCGTCACTTAG","hESC_D3","C2"
"BC_ATTACTCCACTTGGCG","hESC_A7","C0"
"BC_TCGTGCTAGCACGATG","hESC_C9","C0"
"BC_AGGCATTCATTAGGAA","hESC_C9","C0"
"BC_CTTCAATGTCACGACC","hESC_C9","C3"
"BC_ACTATCTGTGAGGATC","hESC_D3","C0"
"BC_GCTGCAGAGTTGTCGT","hESC_D3","C0"
"BC_AGAGAATCAGGCTACC","hESC_C9","C3"
"BC_AGGGTGAAGTCTAGCT","hESC_D3","C0"
"BC_CAACGATTCCACAGGC","hESC_C12","C0"
"BC_TCACAAGGTCCTGTTC","hESC_A7","C0"
"BC_GTCGTAACAGAAGCGT","hESC_C9","C0"
"BC_GACTCTCGTATGATCC","hESC_C9","C0"
"BC_ATGAGGGGTTAGCTAC","hESC_C9","C0"
"BC_TCCATCGCAGGAGACT","hESC_D3","C0"
"BC_CATTCCGCACTAGGCC","hESC_C12","C3"
"BC_ACCCTTGAGGAGATAG","hESC_C9","C0"
"BC_TCCTCGATCTGCATGA","hESC_C9","C3"
"BC_GAGAAATAGAATGTTG","hESC_C12","C0"
"BC_TCCATGCAGATCCAAA","hESC_C9","C0"
"BC_TACAGGTAGATAGCTA","hESC_D3","C0"
"BC_CTAGACACATTATGCG","hESC_C9","C3"
"BC_AGACCATGTATCGTGT","hESC_C12","C0"
"BC_TCAATTCGTAGCGATG","hESC_D3","C0"
"BC_GTCCACTGTCGCTGCA","hESC_D3","C0"
"BC_TCCGATCAGCTGCCAC","hESC_C12","C0"
"BC_TCTATACGTGGCTTGC","hESC_C9","C0"
"BC_AGACACTAGATTAGAC","hESC_D3","C0"
"BC_TCACTCGAGTAGTCCT","hESC_D3","C1"
"BC_GCGTGCAAGGTCATAA","hESC_D3","C0"
"BC_TCATGTTGTCAATCTG","hESC_D3","C0"
"BC_GTATTGGCAACTGCTA","hESC_C12","C2"
"BC_TGGGAGATCTAAACGC","hESC_C9","C0"
"BC_CAGTTAGAGAAGAGCA","hESC_C12","C2"
"BC_AGGAAATAGCAACAAT","hESC_C9","C3"
"BC_TATCAGGCATATCTGG","hESC_D3","C1"
"BC_TGATGGTGTTATCTGG","hESC_C12","C0"
"BC_CTGCAGGAGCGCTGAA","hESC_C12","C0"
"BC_ACACAGTCACAATCTG","hESC_C9","C0"
"BC_AGAAATGGTCATATGC","hESC_C9","C3"
"BC_AGATCCATCTCGCAGG","hESC_D3","C3"
"BC_GCAGCCACAATTGGTC","hESC_D3","C0"
"BC_GTTCTATAGGGAGGAC","hESC_C12","C3"
"BC_TCATATCGTTGCATGT","hESC_D3","C0"
"BC_AGCCAATCATGAGATA","hESC_D3","C1"
"BC_AACGAAAGTCGATTAC","hESC_A7","C2"
"BC_AGACTCACACAGTACT","hESC_C9","C0"
"BC_CGTTCTGAGTAGAATC","hESC_C9","C0"
"BC_CTTCCTTCAAAGCGTG","hESC_D3","C0"
"BC_CCAATTTCAAGCGAAC","hESC_D3","C3"
"BC_TTGTTGTCAACTGATC","hESC_C9","C0"
"BC_CATGCTCAGCACTTTG","hESC_C9","C3"
"BC_CGGCAGTTCCGACAGC","hESC_A7","C0"
"BC_AATCGTGCACATGACT","hESC_C12","C0"
"BC_GCCATGGGTGTTAGCT","hESC_A7","C1"
"BC_CATAGACAGCGAGGAG","hESC_A7","C0"
"BC_ATTCAGGTCACAAGAA","hESC_A7","C0"
"BC_GTTCCGTGTGCTGATT","hESC_D3","C0"
"BC_GTTGTGAAGGCTTAAA","hESC_A7","C0"
"BC_GTGGAGATCTCTCTAA","hESC_D3","C0"
"BC_ATGTCCCTCAACTGAC","hESC_C12","C3"
"BC_CTCATGCGTCCCGCAA","hESC_C9","C3"
"BC_TGATTCTGTGGGATTG","hESC_D3","C0"
"BC_GACCAATGTGATCATC","hESC_C9","C0"
"BC_CTGCCTAGTAAGCTCT","hESC_A7","C2"
"BC_GAATAGAGTGTAACGG","hESC_C12","C2"
"BC_CAATTTCTCTGTAAGC","hESC_A7","C1"
"BC_CATTTCAAGGCCTGCT","hESC_C9","C0"
"BC_GACCAATAGAGAGGTA","hESC_A7","C0"
"BC_GTTGTGAGTAGTATAG","hESC_A7","C2"
"BC_CATGCCTAGCCTTTCC","hESC_D3","C0"
"BC_TTCCTTCAGCCTGTCG","hESC_C9","C3"
"BC_ATGTCTTAGGTTTGAA","hESC_C9","C0"
"BC_AGGTCATCATTAGGCT","hESC_A7","C2"
"BC_TTCGCTGCAAATGCGG","hESC_C9","C0"
"BC_TACACCCCAACGGCTC","hESC_D3","C0"
"BC_AGGTTACAGAGCTGAC","hESC_A7","C3"
"BC_GTAGATCTCTCAATCT","hESC_A7","C0"
"BC_CAGTGCGCAAGCACCC","hESC_A7","C3"
"BC_CTCAGGGTCACCTGTC","hESC_C12","C0"
"BC_TACTGCCCAATACGAA","hESC_C9","C3"
"BC_TCAGGGCGTACTCGAT","hESC_C9","C0"
"BC_TTCTCTCCAAGGGCAT","hESC_C12","C0"
"BC_CCACACTTCACCTGGG","hESC_C9","C0"
"BC_ACGTCCTAGTATAGAC","hESC_D3","C0"
"BC_GAACTGTCAACGCATT","hESC_C9","C0"
"BC_AGCTACATCGCGTCGA","hESC_C12","C0"
"BC_AATGACCCACCTCTAC","hESC_C12","C3"
"BC_GGTTCTCCACCCTAAA","hESC_A7","C3"
"BC_GTGGTTATCATTTCGT","hESC_C9","C3"
"BC_TGTTCTACAGAGAATT","hESC_A7","C2"
"BC_TTCTTCCGTAGGAGTC","hESC_A7","C0"
"BC_GTCCACTAGCGGGTTA","hESC_C12","C0"
"BC_CTGAGGCCACTAACCA","hESC_C9","C0"
"BC_GTAATGCTCAACTACG","hESC_C12","C0"
"BC_CAGGCCACAGGACTTT","hESC_C12","C0"
"BC_CGTGCTTAGGCTTAAA","hESC_C9","C0"
"BC_CTATCCGAGCGCCCAT","hESC_D3","C0"
"BC_CCCATTGTCCTAGCGG","hESC_C9","C3"
"BC_CGATCGGGTCGTATTG","hESC_C9","C3"
"BC_TTTGACTTCAAGAGGC","hESC_D3","C1"
"BC_ATGACCATCTTCTGGC","hESC_A7","C3"
"BC_CTTCAATCACAACCGC","hESC_A7","C0"
"BC_CTTACCGGTCCGGTGT","hESC_A7","C0"
"BC_TTCGGTCTCGATGGAG","hESC_D3","C3"
"BC_TTTGTTGAGAAGTCTA","hESC_C9","C0"
"BC_ATAGAGATCGGACCAC","hESC_A7","C0"
"BC_ACTTTGTGTATCGCAT","hESC_A7","C0"
"BC_TGCTTGCAGTCGGGAT","hESC_D3","C0"
"BC_TGGGATTGTCTAGGCC","hESC_D3","C0"
"BC_CCGAACGCATAGCTGT","hESC_D3","C3"
"BC_GTTACAGAGACCCTTA","hESC_C9","C3"
"BC_CTCCAACTCTCTCCGA","hESC_C9","C3"
"BC_TCAAGACTCGAAACAA","hESC_A7","C3"
"BC_AGTAGTCTCGCAATGT","hESC_A7","C0"
"BC_CCACTTGGTCCTACGG","hESC_C12","C0"
"BC_GCAGCCAGTGGCAACA","hESC_D3","C0"
"BC_TTCATGTAGCCTGCCA","hESC_D3","C3"
"BC_CACGGGTGTAATCAGA","hESC_C9","C3"
"BC_CACTGGGCAATCTCGA","hESC_A7","C0"
"BC_TGTACAGAGGTCCCTG","hESC_D3","C0"
"BC_TCATATCTCAACCTTT","hESC_D3","C0"
"BC_CGTTAGAAGCCGATTT","hESC_C9","C3"
"BC_TCGGGCAAGCATCCCG","hESC_C9","C0"
"BC_CTCATCGCAAAGTATG","hESC_C9","C0"
"BC_CTCTGGTTCACTGAAC","hESC_C12","C3"
"BC_ATTCTACTCTGTAAGC","hESC_A7","C1"
"BC_CCGATGGAGCTGAGCA","hESC_C12","C0"
"BC_CTAACCCCAATACAGA","hESC_D3","C3"
"BC_TCTGCCATCCATTCAT","hESC_A7","C3"
"BC_TCACGCTAGCATGATA","hESC_C9","C0"
"BC_TTCGCTGGTCGATGCC","hESC_A7","C1"
"BC_CTGTCGTCACAACGCC","hESC_A7","C0"
"BC_AAGCATCGTCCTACGG","hESC_C12","C0"
"BC_TTGGGCGGTGGAACCA","hESC_A7","C3"
"BC_TCAAGTGTCGTGCGAC","hESC_D3","C3"
"BC_ACTTTCAGTTCGTACA","hESC_D3","C0"
"BC_CACAGATTCACTGGGC","hESC_C9","C0"
"BC_CCGTGAGCAAGGCCTC","hESC_D3","C0"
"BC_GCCATTCGTAGCACGA","hESC_C12","C0"
"BC_TAGGTTGGTCCGGTCA","hESC_D3","C0"
"BC_CATCCACAGTGAGCCA","hESC_D3","C0"
"BC_ATTCCCGAGTTAGAAC","hESC_D3","C1"
"BC_TTCCTTCTCTTCTTCC","hESC_A7","C3"
"BC_CAATACGAGACTCGAG","hESC_C12","C0"
"BC_CAAGCTAAGCTCTATG","hESC_D3","C0"
"BC_TATTCCAAGGGCCCTT","hESC_A7","C0"
"BC_GAGTCTAGTAGCGTTT","hESC_C9","C3"
"BC_TTTAGTCGTGTTGATC","hESC_C12","C0"
"BC_TGTCCCAGTCGCCACA","hESC_A7","C0"
"BC_TCATGGATCCCGAAAT","hESC_C12","C2"
"BC_CATAGACTCGAAGCAG","hESC_A7","C1"
"BC_CATCGTCGTCTTGTCC","hESC_C12","C3"
"BC_GGCTTGGTCGTAACCA","hESC_A7","C0"
"BC_TGATCTTTCATCGCCT","hESC_A7","C3"
"BC_GGTGTCGCACAAATAG","hESC_C9","C3"
"BC_GAGTCATCACGATTCA","hESC_A7","C0"
"BC_CGAGTGCCAAGACCTT","hESC_C12","C0"
"BC_GAGTTACAGTCGCCAC","hESC_D3","C0"
"BC_TCATTCACACATGTTG","hESC_D3","C0"
"BC_ACATCCCAGCCGAATG","hESC_A7","C2"
"BC_TCCATGCCACCAACAT","hESC_C9","C3"
"BC_CATCCACCAAGGTCGA","hESC_C9","C3"
"BC_CGTCAAACACAGCGCT","hESC_C12","C0"
"BC_TGATGCATCGCTGCGA","hESC_C9","C0"
"BC_TACGGGCTCGAACCAT","hESC_C12","C2"
"BC_ACTGCAACAGCTGTTA","hESC_D3","C0"
"BC_TCACGCTGTATTGGCT","hESC_D3","C0"
"BC_AGTCACACAGGAGGAG","hESC_C12","C0"
"BC_ATCTCTATCGATCCAA","hESC_A7","C1"
"BC_TCATGAGGTTAGGCTT","hESC_C12","C3"
"BC_ATGGTTGGTGGCTGAA","hESC_D3","C1"
"BC_CCTGTTGGTAGCACAG","hESC_D3","C0"
"BC_AGACTCAGTCTTTCAT","hESC_A7","C3"
"BC_GGTTGTACACCTCTGT","hESC_D3","C1"
"BC_CCCTGATGTCACCTTC","hESC_A7","C3"
"BC_ACCCTCACATCGCCTT","hESC_A7","C3"
"BC_CGTGTCTGTACAGTCT","hESC_D3","C0"
"BC_GCCAGCAAGAACGTGC","hESC_D3","C0"
"BC_ACAGGGAGTGTACGCC","hESC_A7","C3"
"BC_CCACCATAGCTTGTGT","hESC_C9","C0"
"BC_ACTGTCCGTATCTTCT","hESC_C12","C0"
"BC_AGGAGGTGTGTAGCAG","hESC_D3","C0"
"BC_CGCAGGTCACCTATCC","hESC_C9","C3"
"BC_GAGTTTGTCAGACCCG","hESC_C9","C2"
"BC_ATCCATTTCGAGAGAC","hESC_C12","C0"
"BC_AGTGACTCAAACACGG","hESC_C9","C0"
"BC_ACTTCCGCATCATCCC","hESC_C9","C0"
"BC_TCGTGGGGTCGTCAGC","hESC_A7","C0"
"BC_TTTGGAGCAATTTCGG","hESC_D3","C0"
"BC_GAACGTTAGCTTAAGA","hESC_A7","C0"
"BC_TTGAACGCAAGCCATT","hESC_C9","C0"
"BC_ATATCCTTCATCACCC","hESC_A7","C0"
"BC_CCTCTCCAGCTGGTGA","hESC_D3","C0"
"BC_ATTCCATTCAACGCTA","hESC_A7","C0"
"BC_AGAGAGCTCCATCTGC","hESC_D3","C0"
"BC_CTGAGGCCAAACTAGA","hESC_C9","C0"
"BC_CCTCCAACAGCTCATA","hESC_C9","C0"
"BC_GCTGAATTCAGCTGTA","hESC_D3","C2"
"BC_ATGACCAGTCTCTCAC","hESC_D3","C3"
"BC_GTGTTCCAGTGCTACT","hESC_C12","C0"
"BC_GCTACAATCAGCGGAA","hESC_D3","C0"
"BC_AGTACCAAGGGCGAAG","hESC_D3","C0"
"BC_TGACCCTCACCCGTAG","hESC_D3","C0"
"BC_TTCCTTCCATACCACA","hESC_C9","C0"
"BC_CGGAGAAGTTGCCTAA","hESC_D3","C1"
"BC_GGGATGACATGGTACT","hESC_C9","C3"
"BC_ATGCCTCTCAAACGAA","hESC_A7","C0"
"BC_TTTGTTGAGTCTGCGC","hESC_C9","C0"
"BC_TGTTCATTCGGTAACT","hESC_D3","C0"
"BC_GATAGCTCAACGATCT","hESC_C9","C0"
"BC_TTTATGCCACCAACAT","hESC_C9","C0"
"BC_TCATGCCCACGTACAT","hESC_C9","C0"
"BC_GTAAGTCGTGCCTTCT","hESC_A7","C0"
"BC_GAAGAATTCTCGAGTA","hESC_C9","C0"
"BC_GAAGCCCTCGAGATGG","hESC_C9","C0"
"BC_TAGCACATCAAATAGG","hESC_D3","C0"
"BC_CATTTCAGTCCACTCT","hESC_A7","C0"
"BC_CACTGAACAGCGTATT","hESC_C9","C3"
"BC_GTTCATTTCGTTGTGA","hESC_D3","C0"
"BC_TGATTCTGTCCCTCAT","hESC_A7","C3"
"BC_TACTTCATCCCATGGG","hESC_C9","C0"
"BC_AGGCATTCACCCTGAG","hESC_C9","C0"
"BC_GAAGGACCACCGGAAA","hESC_C9","C0"
"BC_CCGATCTTCCATACAG","hESC_C9","C0"
"BC_GTTGTAGTCTTTGCGC","hESC_A7","C0"
"BC_GGATGTTAGTACGAGC","hESC_C9","C3"
"BC_AGTGACTCATGCCGCA","hESC_C9","C0"
"BC_GTCCCATCAGCATCTA","hESC_C9","C1"
"BC_ACAGCCGAGCATTGTC","hESC_C9","C3"
"BC_ACTTCGCTCTTCCTAA","hESC_A7","C3"
"BC_CCCTAACGTATCCTCC","hESC_A7","C3"
"BC_ACACGCGAGCTTTCTT","hESC_A7","C0"
"BC_GTGGTTAGTTCCAGGC","hESC_D3","C2"
"BC_GGACGTCCACTCAGAT","hESC_C12","C3"
"BC_GTCATTTCATAGCTGT","hESC_D3","C0"
"BC_GTAGAAATCAGGAACG","hESC_C9","C3"
"BC_ATGGATCTCTATGTGG","hESC_C9","C0"
"BC_CCGCAAGCACAAATCC","hESC_C9","C0"
"BC_GACTATGAGTGCTCAT","hESC_C12","C0"
"BC_ATGCGATGTCGGCTAC","hESC_C9","C2"
"BC_GGGCCATAGCACCCAC","hESC_C9","C3"
"BC_CACTGTCCATCACGGC","hESC_C9","C3"
"BC_GTGGGAACAGCCTATA","hESC_D3","C0"
"BC_AAGTCGTAGGTTAGTA","hESC_A7","C0"
"BC_AGACAGGGTGTTACAC","hESC_C9","C0"
"BC_CTGTGAAGTTCCGCGA","hESC_A7","C1"
"BC_GTTGTCCTCTCTGCCA","hESC_C12","C0"
"BC_GATTTCTGTGAATGTA","hESC_A7","C0"
"BC_GAGTGTTAGGCGACAT","hESC_C9","C1"
"BC_GGTGAAGGTTCTTGCC","hESC_A7","C0"
"BC_AATGGAAGTGAGATCG","hESC_D3","C0"
"BC_TCGAAGTTCGAGTCTA","hESC_D3","C0"
"BC_TCCTTTCGTGCGTTTA","hESC_C12","C3"
"BC_ATCCACCGTTGTCCCT","hESC_C9","C0"
"BC_GCTCAAAGTGTCCATA","hESC_A7","C1"
"BC_GTCTCACAGATGGCGT","hESC_A7","C0"
"BC_TGCTCCACACCGAATT","hESC_C9","C3"
"BC_CCTCTAGTCCGCATAA","hESC_C9","C3"
"BC_GGGTGTCTCTGCTTAT","hESC_C9","C0"
"BC_GTCCCATCACGATTCA","hESC_C9","C0"
"BC_GTTCCGTTCAAGTGTC","hESC_A7","C0"
"BC_TGAGGAGTCACTGGGC","hESC_C9","C3"
"BC_CGATGGCAGGTTACCT","hESC_A7","C0"
"BC_TACATTCAGATCCGAG","hESC_C9","C0"
"BC_ATCTTCATCGGCAGTC","hESC_D3","C4"
"BC_TGTGATGGTTCTATCT","hESC_C9","C0"
"BC_ACAGCCGTCCCTCAAC","hESC_C12","C0"
"BC_ACATCCCCACACCTAA","hESC_D3","C3"
"BC_CATCCCAAGTCACGCC","hESC_D3","C3"
"BC_GGTAATCCAAGGGTCA","hESC_D3","C0"
"BC_ACACTGATCTACTTCA","hESC_D3","C3"
"BC_TGATCAGTCGATCCCT","hESC_D3","C0"
"BC_ATCCGTCGTGCTATTG","hESC_A7","C2"
"BC_TGGATGTGTGTAAACA","hESC_A7","C0"
"BC_AGAGAATGTTTCGTTT","hESC_D3","C3"
"BC_CGGTCAGGTGCATACT","hESC_D3","C3"
"BC_TGTTGGAAGAAGATCT","hESC_A7","C1"
"BC_GAACGTTGTCTTGCTC","hESC_A7","C0"
"BC_GCGAGAACAGAGGAAA","hESC_C9","C0"
"BC_TCATTTGCATTGAAGA","hESC_D3","C0"
"BC_AAGACTCAGAGAGCCT","hESC_D3","C0"
"BC_CCGTTCATCGCGGTAC","hESC_C12","C3"
"BC_TCAGGTATCAGTGTGT","hESC_C12","C2"
"BC_CCGAACGAGGCACAAC","hESC_D3","C0"
"BC_AACCTGAGTAGGACTG","hESC_C9","C0"
"BC_TGAACGTAGAGAGAAC","hESC_D3","C0"
"BC_TGTGATGGTCTAATCG","hESC_C12","C0"
"BC_CTACTATCACACGGTC","hESC_D3","C0"
"BC_TAATTCCGTACGTGTT","hESC_C9","C0"
"BC_CCTCCAAGTGCTCTCT","hESC_D3","C0"
"BC_ACATCCCGTCCGAAAG","hESC_C12","C0"
"BC_GATGACTGTTGTTGAC","hESC_C12","C0"
"BC_GTTGCTCCAACTGTGT","hESC_C12","C0"
"BC_GTGTGATAGCCTAGGA","hESC_D3","C0"
"BC_ATTCACTAGAAACACT","hESC_C9","C0"
"BC_CTTGATTCAGAACTCT","hESC_A7","C3"
"BC_GTCAAACAGACGGATC","hESC_C12","C0"
"BC_CTCAGAAGTACCAGAG","hESC_C9","C0"
"BC_TGGTTAGCAGGTGGAT","hESC_A7","C0"
"BC_TTCATTGCATGGCTGC","hESC_A7","C0"
"BC_GCCAACGCACCAGCTG","hESC_A7","C0"
"BC_ATTTACCAGTCAATCC","hESC_D3","C0"
"BC_TGATTCTAGGTTCATC","hESC_A7","C0"
"BC_GGGAAGTCAGGGACTA","hESC_C12","C2"
"BC_AATCACGGTATACCTG","hESC_D3","C0"
"BC_GTTGCTCTCGGTGCAC","hESC_A7","C3"
"BC_GTAATCGGTTGGTAGG","hESC_C12","C2"
"BC_CGGGTCAGTGAAAGTT","hESC_C9","C0"
"BC_GACCCTTTCTAGTGTG","hESC_A7","C3"
"BC_AGATGAAGTTCGATTG","hESC_D3","C1"
"BC_GAGGGTAAGTTGTACC","hESC_A7","C1"
"BC_CGCCAGAGTGGACCTC","hESC_A7","C0"
"BC_CAATTTCTCCCTCATG","hESC_A7","C3"
"BC_CTCACTGGTCCAAATC","hESC_D3","C0"
"BC_GACAGCCAGCTGAAGC","hESC_D3","C0"
"BC_GATAGCTTCCCATAAG","hESC_C9","C1"
"BC_AGAAGTAAGGTAACTA","hESC_C12","C2"
"BC_TAGGGTTAGCGTCAAG","hESC_D3","C0"
"BC_AGGTCTATCAGATTGC","hESC_D3","C1"
"BC_AAGACTCGTTATTCTC","hESC_D3","C0"
"BC_AGTGATCTCAAGCCTA","hESC_C9","C3"
"BC_GTGAGTTCAGACCTGC","hESC_C12","C0"
"BC_CACCAAATCAACACCA","hESC_A7","C0"
"BC_AGGAGGTTCGTGCATA","hESC_A7","C0"
"BC_GATTTCTGTCGTGATT","hESC_C9","C0"
"BC_TCTGTCGGTAAGACCG","hESC_D3","C0"
"BC_TTCCTAATCCTCACTG","hESC_A7","C0"
"BC_TTTACTGCAACGATTC","hESC_A7","C3"
"BC_AGAAGCGCAAGTGGGT","hESC_C9","C3"
"BC_ATGGTTGAGCGATCGA","hESC_A7","C0"
"BC_ATACTTCAGTGATAAC","hESC_C9","C0"
"BC_TACCCGTCATGCGGTC","hESC_C9","C0"
"BC_TTGGTTTGTGTTCGTA","hESC_A7","C0"
"BC_GAGGCCTGTGATTCAC","hESC_C12","C0"
"BC_TTAGGGTGTATGACAA","hESC_A7","C3"
"BC_CCTATCGCACTGCTTC","hESC_A7","C1"
"BC_AACAACCCAGAGTGAC","hESC_C9","C3"
"BC_TCGCAGGGTCCTGTCT","hESC_D3","C3"
"BC_TTACCATGTCACCGCA","hESC_C9","C3"
"BC_ATCCACCCAAGACGAC","hESC_C12","C3"
"BC_AATGGCTGTATCAGGG","hESC_C9","C3"
"BC_GTACAGTAGGGCTTCC","hESC_C12","C1"
"BC_TGCGGGTTCGTGGCTG","hESC_A7","C0"
"BC_TGTGTGATCGGACAAG","hESC_D3","C0"
"BC_TCCCATGTCGGAGATG","hESC_C9","C3"
"BC_AGCCACGCAAGAAATC","hESC_D3","C0"
"BC_AGGCCACGTTCCCACT","hESC_A7","C3"
"BC_CTCCCAATCACCGGTG","hESC_C12","C0"
"BC_AAGATAGGTTCTAAGC","hESC_A7","C0"
"BC_ATTACTCAGAGAGGTA","hESC_C9","C0"
"BC_TGATCAGCATGGCCCA","hESC_A7","C0"
"BC_CAAGACTCACCCTCTA","hESC_C9","C3"
"BC_AACCTTTAGTCTGTAC","hESC_D3","C0"
"BC_CAACGATCAAAGAACT","hESC_D3","C0"
"BC_AGACAGGAGTAAACAC","hESC_C9","C3"
"BC_CGAGAAGGTATGTGTC","hESC_A7","C0"
"BC_TCAGTTTCACTAACCA","hESC_C9","C0"
"BC_CATAGACAGTTACGGG","hESC_C12","C0"
"BC_TCAGTGAAGGACATCG","hESC_C9","C0"
"BC_AGGCATTGTACAGAAT","hESC_D3","C3"
"BC_GTGCTGGAGGACAGCT","hESC_A7","C0"
"BC_ACCACAAGTAATGCTC","hESC_A7","C3"
"BC_CCTTGTGGTTGTATGC","hESC_C9","C3"
"BC_TCAAGTGTCATTCGTT","hESC_A7","C3"
"BC_ATTGTTCGTTGCAAGG","hESC_C9","C3"
"BC_GAAATGAAGGTCTACT","hESC_C9","C0"
"BC_GAACTGTAGAAAGCGA","hESC_A7","C3"
"BC_CCTAACCAGCGCCTAC","hESC_D3","C3"
"BC_AGTCACAGTTCTCACC","hESC_A7","C1"
"BC_AGGAATAGTGATCATC","hESC_D3","C1"
"BC_CGTAGTAAGCACCGAA","hESC_C9","C0"
"BC_CACCGTTCAACAAGTA","hESC_C9","C0"
"BC_CAGCCAGGTGTATTGC","hESC_C9","C0"
"BC_GCAGTTAGTTACCTTT","hESC_C9","C3"
"BC_CTATCCGAGGACTTCT","hESC_A7","C2"
"BC_TGGTTAGCAGGATGAC","hESC_A7","C3"
"BC_TATACCTCAGAACTTC","hESC_D3","C1"
"BC_ACTATCTCACTGCGAC","hESC_A7","C0"
"BC_CGGCAGTCACGGTGTC","hESC_D3","C4"
"BC_CGTAGTACACAACGTT","hESC_D3","C3"
"BC_CCCGGAATCGGTAAGG","hESC_D3","C0"
"BC_TTACTGTGTGTCCACG","hESC_D3","C0"
"BC_TTTGATCGTCGGTGAA","hESC_C12","C0"
"BC_CCCTGATTCTGAGAAA","hESC_C12","C1"
"BC_ACATCGAGTTGCCTAA","hESC_A7","C0"
"BC_GTAGGTTAGGAATCGC","hESC_C9","C0"
"BC_TCAGCAACACTCTGCT","hESC_C9","C0"
"BC_GGAATGGGTGGGTATG","hESC_C9","C0"
"BC_GGGCTACTCACCTGTC","hESC_C9","C0"
"BC_TAGGTACGTTGGGTTT","hESC_C9","C0"
"BC_AGCGTATTCTATCGCC","hESC_C9","C3"
"BC_CAAAGAAGTAGTGGCA","hESC_A7","C3"
"BC_GAAGCCCAGGCCTGCT","hESC_C12","C0"
"BC_GGAACCCGTACTCGTA","hESC_A7","C0"
"BC_AATGAAGAGCCTCTGG","hESC_A7","C2"
"BC_CTGGTCTCATCCTTGC","hESC_C9","C0"
"BC_AACCCAATCTGGCCGA","hESC_A7","C3"
"BC_CATCCGTCATTCAGCA","hESC_A7","C3"
"BC_ATCGTCCAGCCACAAG","hESC_C12","C0"
"BC_GTACAACTCAAGAGTA","hESC_D3","C2"
"BC_CCACCATAGACCATTC","hESC_A7","C0"
"BC_AAAGGGCCACGCGTGT","hESC_C12","C0"
"BC_CAGCCAGTCGCCAGAC","hESC_C9","C0"
"BC_TACAGGTGTTCTCCAC","hESC_A7","C0"
"BC_TACCTCGGTGGCTGAA","hESC_D3","C0"
"BC_AAGATAGTCATTTGTC","hESC_C9","C3"
"BC_TTGGGATTCAAGGAGC","hESC_A7","C0"
"BC_AAAGTGAGTGCTCCGA","hESC_C12","C0"
"BC_CATGGATGTACCACGC","hESC_C12","C3"
"BC_TTGCCTGGTGGCTACC","hESC_A7","C3"
"BC_GTAGAAACAAACACCT","hESC_C9","C3"
"BC_GCCGTGAGTACACTCA","hESC_A7","C0"
"BC_GAGTTACAGTTCATGC","hESC_C12","C0"
"BC_TTTCACAGTTCGGCGT","hESC_A7","C0"
"BC_CGAATTGAGATAACGT","hESC_D3","C0"
"BC_CATCAAGGTTCCTACC","hESC_C9","C3"
"BC_TGGATGTGTTAGGGTG","hESC_C12","C0"
"BC_AAAGTCCGTTTAGTCG","hESC_C12","C3"
"BC_AGCATCATCTCTGCCA","hESC_C9","C3"
"BC_TTGAGTGTCTCGACCT","hESC_A7","C0"
"BC_CAGCACGAGGTAATCA","hESC_A7","C1"
"BC_ACTGCAAAGTAATCCC","hESC_D3","C0"
"BC_GTCCCATAGGATTTAG","hESC_D3","C1"
"BC_AGCCAGCGTCAAGCGA","hESC_D3","C0"
"BC_CGTAAGTCAGTAGTTC","hESC_D3","C0"
"BC_GTCTGTCCACTCACTC","hESC_C9","C3"
"BC_ATTCTTGCAGCGATTT","hESC_C9","C0"
"BC_GCACGGTGTTGGATCT","hESC_D3","C0"
"BC_AAAGTCCTCTCCTGAC","hESC_C12","C3"
"BC_AGAAGCGTCATTTCCA","hESC_C12","C0"
"BC_GAACGTTAGGAGTATT","hESC_A7","C0"
"BC_ATGACCAAGGAACGCT","hESC_C12","C3"
"BC_AAACCCAAGCATACTC","hESC_C9","C0"
"BC_CACTGGGTCACGATAC","hESC_C12","C2"
"BC_GTCATGACAATGCAAA","hESC_C12","C0"
"BC_AGATGAAAGGTCCGAA","hESC_D3","C0"
"BC_CGGTCAGGTATTTCCT","hESC_D3","C2"
"BC_TGAATCGCAGACGCTC","hESC_A7","C0"
"BC_CGGCAGTAGTATAGGT","hESC_C9","C3"
"BC_TCCGGGAAGACCATAA","hESC_A7","C0"
"BC_TCATATCAGGCTGGAT","hESC_A7","C0"
"BC_CATCGTCTCTGGAAGG","hESC_C9","C0"
"BC_AGAGAGCAGGTAACTA","hESC_A7","C3"
"BC_CATAAGCCAATCAAGA","hESC_C9","C0"
"BC_AAGTTCGGTTGTAGCT","hESC_A7","C0"
"BC_TCCTTTCTCCCAGTGG","hESC_A7","C0"
"BC_ATAGGCTCAAAGCTAA","hESC_D3","C0"
"BC_TTCTCTCTCACTGCTC","hESC_D3","C0"
"BC_TCAATTCAGGTGCAGT","hESC_A7","C0"
"BC_TGACTCCTCACCCATC","hESC_A7","C3"
"BC_ATTTCACGTTGGACCC","hESC_C9","C0"
"BC_CTTCCGACATCCGTTC","hESC_A7","C0"
"BC_CCGTTCATCACTTGTT","hESC_C9","C0"
"BC_ATTCTTGAGGAGTACC","hESC_C9","C3"
"BC_ATGTCTTCATCGAAGG","hESC_C12","C0"
"BC_TCAGGTAGTTAGTTCG","hESC_C12","C0"
"BC_ATGCCTCAGAGCATTA","hESC_A7","C0"
"BC_TTGTGTTGTAATGTGA","hESC_C9","C0"
"BC_AACCCAACAGGAATAT","hESC_A7","C3"
"BC_TCTCTGGTCGTTACCC","hESC_C9","C0"
"BC_CTCAAGATCGTTCCCA","hESC_A7","C0"
"BC_CAAGAGGAGATCGCCC","hESC_D3","C0"
"BC_GGGCTACCAAACTAGA","hESC_A7","C0"
"BC_GCAGCCAGTGTACGCC","hESC_D3","C0"
"BC_TCCTCCCTCATGCCAA","hESC_C9","C0"
"BC_CTCCTCCGTTCTGAGT","hESC_A7","C1"
"BC_TTGCTGCCAACACGAG","hESC_A7","C0"
"BC_ATCATTCAGCCTCGTG","hESC_C12","C0"
"BC_CATAAGCTCTGGGCGT","hESC_C9","C0"
"BC_GAGGGTAGTAGACAAT","hESC_A7","C3"
"BC_CACTGGGGTCACCCTT","hESC_D3","C3"
"BC_TAAGCACAGAGTCCGA","hESC_A7","C3"
"BC_TCACTATTCGATGCAT","hESC_C9","C0"
"BC_AAACGAATCCACAAGT","hESC_C9","C3"
"BC_GGTAATCGTCATGCAT","hESC_A7","C3"
"BC_TTGGGCGCATGCAGGA","hESC_D3","C0"
"BC_GCATTAGCATAAGCAA","hESC_C9","C3"
"BC_GACTCTCAGAATAGTC","hESC_C12","C0"
"BC_CAGCACGTCTGCGGGT","hESC_A7","C3"
"BC_GAGTTGTTCGCGTAGC","hESC_C12","C0"
"BC_ATCACTTCACCATATG","hESC_A7","C3"
"BC_TCATGAGCATATCGGT","hESC_D3","C0"
"BC_GACCTTCGTTTACGAC","hESC_C9","C0"
"BC_AGCCAGCCACGCAAAG","hESC_C9","C0"
"BC_CCACGAGGTTACCTGA","hESC_D3","C0"
"BC_CGAGGAAAGGAACGCT","hESC_A7","C0"
"BC_GCCAACGAGGCTTTCA","hESC_A7","C0"
"BC_TAGGGTTCAGTCCGTG","hESC_A7","C0"
"BC_GCGTTTCCACTTTAGG","hESC_C9","C0"
"BC_CAAGAGGGTATCGCAT","hESC_D3","C0"
"BC_GGATGTTGTCCAACGC","hESC_C9","C0"
"BC_AATGACCCACTTGAAC","hESC_D3","C3"
"BC_ATAGACCCAGGTTCCG","hESC_C9","C3"
"BC_TCCTAATTCTACACTT","hESC_C9","C3"
"BC_GGCTGTGCAGGCATGA","hESC_D3","C4"
"BC_AGGAAATCAGGACTAG","hESC_C9","C1"
"BC_CGCCATTTCTAGCAAC","hESC_C9","C3"
"BC_CAGATACAGTCATGGG","hESC_C9","C0"
"BC_TGAGCATCAAAGGTTA","hESC_C9","C3"
"BC_TACAACGCACCAAAGG","hESC_C9","C2"
"BC_TACGCTCAGAGAATCT","hESC_C9","C3"
"BC_AGTACCATCACTCTTA","hESC_C9","C3"
"BC_AGGCATTTCTGGGAGA","hESC_C9","C0"
"BC_CATAGACGTGTGATGG","hESC_A7","C0"
"BC_ATTGTTCCATCCGTGG","hESC_C9","C0"
"BC_AGTTCGACAGTTAGAA","hESC_C12","C3"
"BC_GCTGGGTAGCACTCCG","hESC_D3","C2"
"BC_GTAATGCAGGATGTTA","hESC_D3","C0"
"BC_TGGGATTTCGAGCACC","hESC_C9","C3"
"BC_TTCCTCTAGTTGAAAC","hESC_A7","C0"
"BC_TTTGGAGTCATCCCGT","hESC_C9","C3"
"BC_ATCCGTCGTGCATTAC","hESC_C9","C0"
"BC_AGTAGTCAGCATTTGC","hESC_D3","C0"
"BC_GCCAGTGTCGCGCCAA","hESC_C9","C0"
"BC_TCATACTCAGGGTTGA","hESC_C9","C0"
"BC_GAGACTTAGTCAGGGT","hESC_A7","C0"
"BC_CCCAACTGTTATGTCG","hESC_C9","C0"
"BC_GAGGCCTAGTAATTGG","hESC_C12","C3"
"BC_TACATTCAGCCGAATG","hESC_A7","C1"
"BC_GTCGTAATCGAGCCAC","hESC_C9","C3"
"BC_CCAATGAGTCAGATTC","hESC_A7","C0"
"BC_GCTACCTTCCTTCAGC","hESC_C9","C3"
"BC_CCTGTTGTCAAGCCGC","hESC_C9","C3"
"BC_AACCTTTTCGATACGT","hESC_D3","C0"
"BC_ACAGGGATCCTTATCA","hESC_D3","C0"
"BC_ATCAGGTAGGTGATAT","hESC_A7","C0"
"BC_TACGGTAGTAACATGA","hESC_A7","C0"
"BC_TGCAGTAAGACCAAGC","hESC_A7","C0"
"BC_ATGAAAGTCATCAGTG","hESC_A7","C0"
"BC_TTAGGGTAGGGATCTG","hESC_D3","C0"
"BC_TGCAGTACATTGTCGA","hESC_A7","C0"
"BC_CCAATTTAGCGTTCAT","hESC_C9","C0"
"BC_TCAGCAAAGTGCCGAA","hESC_D3","C0"
"BC_GAAACCTCAGTGTACT","hESC_C9","C0"
"BC_CAGATACTCGGTAGGA","hESC_D3","C1"
"BC_CACTGTCTCTACTATC","hESC_A7","C3"
"BC_CCTCAGTCACTAACCA","hESC_C9","C3"
"BC_CAGTGCGTCCTGTACC","hESC_A7","C0"
"BC_CAGATCATCGCAGAGA","hESC_C9","C0"
"BC_GCTTTCGGTAGGTCAG","hESC_A7","C0"
"BC_CGAGTGCAGATGCGAC","hESC_C9","C0"
"BC_CGGAGAAAGACTACCT","hESC_A7","C0"
"BC_GAGTGTTAGCCTGCCA","hESC_A7","C1"
"BC_TGAATCGTCGGTCTGG","hESC_D3","C0"
"BC_CAACGATCAGATCCTA","hESC_C9","C0"
"BC_TTGAACGGTGCTGTCG","hESC_D3","C0"
"BC_CTGCCATAGAGGACTC","hESC_D3","C0"
"BC_AGTAGTCGTCATCAGT","hESC_C9","C0"
"BC_GTCTAGAAGTAACCTC","hESC_C9","C0"
"BC_GACGCTGCAGTTTCGA","hESC_C9","C0"
"BC_CACACAATCCAAGCAT","hESC_A7","C3"
"BC_ACACTGATCTTTCAGT","hESC_C9","C0"
"BC_GCGTTTCGTTATCCAG","hESC_C9","C0"
"BC_ATGACCACACCGTGCA","hESC_A7","C0"
"BC_AAGTGAATCAACTTTC","hESC_D3","C0"
"BC_TTCGCTGAGCGACTGA","hESC_C9","C0"
"BC_TAAGCACTCTACTCAT","hESC_C9","C0"
"BC_CTCAATTGTAGGACTG","hESC_C9","C1"
"BC_CGTGAATAGCGATGGT","hESC_A7","C3"
"BC_CAGAGCCTCCAAGCCG","hESC_A7","C3"
"BC_AACAACCCATGACTAC","hESC_D3","C0"
"BC_TTGTGTTAGCACGTCC","hESC_A7","C0"
"BC_CTCAGGGTCGATACTG","hESC_C9","C0"
"BC_CGGGCATGTAAGGAGA","hESC_D3","C0"
"BC_GTCACGGTCTAGCCAA","hESC_D3","C0"
"BC_AACACACTCATGCTAG","hESC_D3","C0"
"BC_ATCTCTAAGCTCGTGC","hESC_A7","C0"
"BC_CAGGTATAGAGTCTGG","hESC_D3","C0"
"BC_ACCACAAAGCTCCCTT","hESC_D3","C3"
"BC_TTAATCCAGACATCCT","hESC_C9","C2"
"BC_ATCGTCCTCACGAGGA","hESC_C9","C0"
"BC_CTCCGATCACCCTAAA","hESC_C12","C0"
"BC_CTATCCGCATCCTGTC","hESC_C9","C0"
"BC_TCGCTCATCTGAACGT","hESC_C9","C0"
"BC_TTGTTCAGTCCAGTTA","hESC_C9","C0"
"BC_CACCAAAAGACCTCAT","hESC_D3","C0"
"BC_CGAGTGCCAGGATGAC","hESC_C9","C3"
"BC_CAAGCTATCGACCACG","hESC_C12","C0"
"BC_TCGATTTTCCGAGATT","hESC_A7","C2"
"BC_ATCTTCACAGCACCCA","hESC_C9","C3"
"BC_CGCGTGATCAAGATAG","hESC_C9","C0"
"BC_TGAACGTCAAGACCTT","hESC_D3","C0"
"BC_TCGCTCAGTACAAACA","hESC_C12","C0"
"BC_GCCTGTTTCTGTAAGC","hESC_D3","C0"
"BC_GGGCTACTCCGTAGTA","hESC_A7","C0"
"BC_TGGATCAAGGTCCAGA","hESC_C9","C3"
"BC_TCATGCCAGTTCACTG","hESC_D3","C3"
"BC_CCTTCAGAGTAAAGCT","hESC_D3","C3"
"BC_TCGCAGGGTGTTCATG","hESC_C12","C2"
"BC_CCTATCGCAAGTTTGC","hESC_C9","C0"
"BC_GGTAGAGCATGCGTGC","hESC_A7","C0"
"BC_CGGAATTTCTCCGATC","hESC_D3","C0"
"BC_TACGGTAAGCTAATGA","hESC_C12","C2"
"BC_TAGCACACAGCGACCT","hESC_A7","C0"
"BC_CTGGCAGCACTTCAAG","hESC_D3","C0"
"BC_TCATTCACATCGTGCG","hESC_D3","C1"
"BC_TGAGTCATCGCTTAAG","hESC_C9","C2"
"BC_TGTAAGCGTCTACATG","hESC_D3","C0"
"BC_CCTAAGAGTAAGGAGA","hESC_D3","C0"
"BC_TCACGGGCAACCGCCA","hESC_C12","C0"
"BC_CTCACTGGTCCCAAAT","hESC_D3","C3"
"BC_CGGCAGTTCGCAACAT","hESC_D3","C0"
"BC_AGGCCACCAGGCACAA","hESC_D3","C3"
"BC_CGGAGAATCCCTTGGT","hESC_C9","C0"
"BC_AGTCAACTCAACCTCC","hESC_A7","C0"
"BC_GGGCTCATCTGACGCG","hESC_C9","C0"
"BC_TCCACCAGTATCGAAA","hESC_C12","C3"
"BC_GTCATGACATAACGGG","hESC_D3","C0"
"BC_TGTCAGAGTAACAGTA","hESC_A7","C1"
"BC_TACCCGTAGAGTAACT","hESC_A7","C0"
"BC_GGCTTTCTCAGTCAGT","hESC_A7","C3"
"BC_CATACCCTCTCGGCTT","hESC_C9","C1"
"BC_AGTTAGCCAGAGGTAC","hESC_A7","C3"
"BC_GTTATGGCACGTAGAG","hESC_A7","C0"
"BC_CTATAGGAGTCTGTAC","hESC_C12","C0"
"BC_GTGCGTGCACGGTAGA","hESC_C9","C1"
"BC_GACGTTACAGACTCTA","hESC_C12","C3"
"BC_ACAGCCGAGGGCAACT","hESC_C9","C0"
"BC_GGGAGTATCTGCGATA","hESC_C9","C0"
"BC_CAGTTAGTCATCGTAG","hESC_C9","C0"
"BC_CATGCTCAGGAAGAAC","hESC_A7","C0"
"BC_AGACCCGGTCCTCCTA","hESC_C9","C0"
"BC_TATTGGGGTGCGAGTA","hESC_C12","C0"
"BC_AGAAGTATCACCATAG","hESC_A7","C0"
"BC_TGATCAGAGCACACAG","hESC_C9","C0"
"BC_GTGGAGATCGTAGGAG","hESC_A7","C0"
"BC_TACGCTCTCGTCAACA","hESC_C9","C3"
"BC_TCAGTCCGTATACCCA","hESC_C9","C2"
"BC_ATCACAGTCAGCTAGT","hESC_D3","C1"
"BC_TGGGCTGTCTGGTTGA","hESC_C9","C0"
"BC_GTAGGTTAGAGGGTCT","hESC_C9","C3"
"BC_TCTGTCGCAGCTTCCT","hESC_D3","C0"
"BC_GATGATCTCTTCCAGC","hESC_A7","C0"
"BC_GAGTGTTGTCTTCCGT","hESC_D3","C0"
"BC_TTACTGTCAAAGCGTG","hESC_D3","C0"
"BC_GCTACAACAACAAGAT","hESC_D3","C1"
"BC_CTCAGTCAGGCACTCC","hESC_C12","C0"
"BC_TCAGTGACACGCAAAG","hESC_C12","C0"
"BC_CATCCACAGGGCAGTT","hESC_A7","C0"
"BC_GGTCTGGAGTTGGAAT","hESC_D3","C0"
"BC_GTTGAACCAGGACATG","hESC_C12","C3"
"BC_TTCTTCCGTGCGGATA","hESC_A7","C0"
"BC_CTATCCGAGCTTAAGA","hESC_C12","C0"
"BC_GATTCGAGTTGTTGAC","hESC_A7","C0"
"BC_CATCCCATCCGTGACG","hESC_A7","C0"
"BC_AGACTCAAGTTGGACG","hESC_C9","C0"
"BC_CTATCCGAGAGCCGAT","hESC_C12","C0"
"BC_CCCAACTGTTGTATGC","hESC_A7","C0"
"BC_GTCCACTAGATAGGGA","hESC_D3","C0"
"BC_TGCAGGCAGACGAGCT","hESC_D3","C0"
"BC_TTGTGTTAGTGATGGC","hESC_D3","C0"
"BC_TCGACCTAGGAGTCTG","hESC_C9","C0"
"BC_CAGTTAGGTCGCAACC","hESC_C9","C0"
"BC_ACAGGGACAACAAGTA","hESC_C9","C0"
"BC_TCGCACTTCGTCTCAC","hESC_A7","C0"
"BC_TCGTGCTGTCCTTTGC","hESC_A7","C0"
"BC_AGGATCTGTGGCGCTT","hESC_A7","C3"
"BC_CAAGAGGTCCGAGAAG","hESC_C9","C0"
"BC_CTACGGGCATAAGCGG","hESC_D3","C0"
"BC_CTATCCGCAACCCGCA","hESC_C9","C3"
"BC_GTCTTTAAGAGGCCAT","hESC_C9","C0"
"BC_GATTTCTAGCTTTCTT","hESC_D3","C0"
"BC_ATCACAGTCTAGGCAT","hESC_A7","C0"
"BC_CTGAATGCATGAAGCG","hESC_C9","C0"
"BC_TCCATCGAGAAGGGAT","hESC_A7","C3"
"BC_ATTTACCCACGGATCC","hESC_A7","C0"
"BC_TGAGCGCTCACAGTGT","hESC_C9","C0"
"BC_TCATATCTCATGGGAG","hESC_C9","C0"
"BC_CACATGACACCTTCGT","hESC_A7","C1"
"BC_ACTTTGTCATATGCGT","hESC_C9","C0"
"BC_TTTGGAGAGTTCATGC","hESC_A7","C1"
"BC_CTCACTGGTTACCTGA","hESC_C9","C0"
"BC_TTTGACTCAGGGAATC","hESC_C12","C0"
"BC_TATCTTGAGTTACTCG","hESC_C9","C2"
"BC_TGACCCTTCGCTACGG","hESC_C9","C0"
"BC_CGTCAAAAGAAGAACG","hESC_C9","C0"
"BC_TGTTCCGCAGAACCGA","hESC_A7","C0"
"BC_CTGGACGTCGAGTACT","hESC_D3","C2"
"BC_GGAGCAAGTTCCAAAC","hESC_A7","C0"
"BC_ACCAACATCCCGTAAA","hESC_A7","C0"
"BC_TCAGCAATCTTCCAGC","hESC_D3","C0"
"BC_GTCTGTCCACGCGGTT","hESC_D3","C0"
"BC_ACGTCCTTCATCCTAT","hESC_C12","C2"
"BC_TGATTTCTCGTTCGCT","hESC_A7","C0"
"BC_TGACGCGTCTGTACAG","hESC_C12","C2"
"BC_CCGATCTAGAAGTGTT","hESC_C12","C0"
"BC_AATAGAGGTTATTCCT","hESC_A7","C0"
"BC_TGGATCATCGTCTAAG","hESC_A7","C3"
"BC_ACGGAAGTCCGTTGGG","hESC_C9","C0"
"BC_GATGGAGTCTGCATGA","hESC_A7","C0"
"BC_CAACAGTGTGAGATTA","hESC_D3","C0"
"BC_AACTTCTTCGGAAACG","hESC_D3","C0"
"BC_TCGATTTGTAATGCGG","hESC_C12","C0"
"BC_ATGGGTTGTCTTACTT","hESC_C9","C0"
"BC_ACGTACAAGGAGGGTG","hESC_A7","C0"
"BC_CGGAACCCAAATCCCA","hESC_A7","C0"
"BC_TACAACGAGTGATAGT","hESC_A7","C0"
"BC_CTGCCATGTGCCCACA","hESC_C9","C3"
"BC_GAGGGTAAGTTATGGA","hESC_A7","C0"
"BC_CGTCAAAAGGGCCCTT","hESC_A7","C3"
"BC_CTCCCTCTCCTATTGT","hESC_A7","C3"
"BC_GTAATCGCAGCAGTGA","hESC_A7","C0"
"BC_ACAAAGAGTGTCACAT","hESC_C12","C0"
"BC_GTCAAGTGTGTGGTCC","hESC_A7","C0"
"BC_AGTGCCGAGGGAGAAT","hESC_D3","C0"
"BC_AGTGCCGTCAGCCCAG","hESC_D3","C0"
"BC_GTGCACGGTTGCCGCA","hESC_C12","C3"
"BC_TCGCAGGTCTATACTC","hESC_C12","C0"
"BC_GGAGCAACACCGCTAG","hESC_C9","C3"
"BC_AGTGCCGCACGTAGAG","hESC_C9","C3"
"BC_AGAGCCCCACCATTCC","hESC_D3","C0"
"BC_GCGTGCAGTTAAGACA","hESC_D3","C0"
"BC_ACTCCCAGTTTAGTCG","hESC_C12","C0"
"BC_GAATCACTCTGGGCCA","hESC_C9","C2"
"BC_GTATTGGAGATCGGTG","hESC_C9","C0"
"BC_GTAGAAATCGCGAAGA","hESC_A7","C0"
"BC_GGTGTCGCATTCCTCG","hESC_D3","C0"
"BC_TTCCGTGTCTTCGATT","hESC_C9","C0"
"BC_CCTCCAAGTTCGCGTG","hESC_D3","C0"
"BC_AGCTTCCCACAAACGG","hESC_A7","C3"
"BC_CGTCAAATCAAAGGTA","hESC_A7","C3"
"BC_AAAGGTACACCTGCAG","hESC_C12","C0"
"BC_ACTGCAAGTGATGGCA","hESC_D3","C0"
"BC_CCTAAGATCACTGTCC","hESC_A7","C2"
"BC_GTTAGTGGTCAAATCC","hESC_A7","C3"
"BC_GAGGCAACAGGGATAC","hESC_C9","C3"
"BC_GCACGGTGTATCCTCC","hESC_A7","C3"
"BC_TGAGCATTCAAGCTTG","hESC_D3","C0"
"BC_CGATGGCTCGTTAGTG","hESC_D3","C2"
"BC_GTCTCACCACAGCCTG","hESC_C12","C0"
"BC_CAGCGTGGTCGGTACC","hESC_C9","C3"
"BC_ACACTGAGTGACTCGC","hESC_A7","C0"
"BC_CTCACTGGTCCCGGTA","hESC_C9","C3"
"BC_CACGTGGAGGATTTGA","hESC_D3","C0"
"BC_TGGGAAGTCGGTGTAT","hESC_A7","C0"
"BC_CGTTGGGAGTATTGCC","hESC_C9","C0"
"BC_GGTGGCTTCACGGTCG","hESC_C9","C0"
"BC_CAGAGCCAGCACTCTA","hESC_A7","C3"
"BC_TTACGTTCACGTACTA","hESC_C12","C3"
"BC_CTGATCCGTAGCACGA","hESC_A7","C0"
"BC_AGGGAGTTCACTTGTT","hESC_C12","C2"
"BC_GGGAGATCATCCGTGG","hESC_C12","C2"
"BC_AGTCAACGTTTCACAG","hESC_D3","C0"
"BC_GACGCTGGTCAGTCGC","hESC_D3","C0"
"BC_GTTGAACTCAAGAAAC","hESC_C12","C0"
"BC_ACCAAACGTAGCGTAG","hESC_C9","C0"
"BC_CCGTGAGCACTCAAGT","hESC_A7","C0"
"BC_AGCATCACACTAGTAC","hESC_C9","C0"
"BC_GATAGCTGTCGTGTTA","hESC_C12","C0"
"BC_ATCCCTGTCTTGGTCC","hESC_C9","C0"
"BC_GTGATGTTCACAAGAA","hESC_A7","C0"
"BC_TCATTCACACTGGAAG","hESC_D3","C0"
"BC_AATGGAATCGCCTAGG","hESC_C12","C0"
"BC_GCCCAGATCCACTTTA","hESC_C9","C0"
"BC_AAGAACAGTGATACCT","hESC_A7","C3"
"BC_CAATACGCAGCTGCCA","hESC_A7","C3"
"BC_GGTCACGAGTCTGGTT","hESC_C9","C3"
"BC_CCAATTTTCCGTGCGA","hESC_A7","C2"
"BC_TAGGTTGGTTGCGTAT","hESC_D3","C2"
"BC_GTCAGCGGTACAGCGA","hESC_A7","C1"
"BC_GAAACCTTCACTGTCC","hESC_A7","C3"
"BC_CTGGTCTGTGAGAGGG","hESC_C9","C0"
"BC_CTTACCGGTGCCTACG","hESC_D3","C0"
"BC_CACACAAGTACTGCCG","hESC_A7","C3"
"BC_GTTCGCTTCTTTGCAT","hESC_D3","C0"
"BC_CGTGATAAGGAAGTAG","hESC_C12","C0"
"BC_CAATGACAGAATGTTG","hESC_C9","C0"
"BC_GTCAAGTCATGAGTAA","hESC_A7","C0"
"BC_TCAGTTTAGCCAGAGT","hESC_C12","C0"
"BC_GGGACAACAGAGAAAG","hESC_D3","C0"
"BC_TGCAGTACACTGTCGG","hESC_A7","C3"
"BC_ATCAGGTAGTACGAGC","hESC_D3","C0"
"BC_TCGACGGCAGAGTTCT","hESC_C9","C2"
"BC_CTATCTAGTAGTATAG","hESC_D3","C0"
"BC_GAGTCTATCATTACCT","hESC_C9","C3"
"BC_CGGGCATAGGATCACG","hESC_C9","C0"
"BC_ACTTAGGTCGGAATTC","hESC_C9","C0"
"BC_CCGCAAGTCACCTCGT","hESC_C12","C0"
"BC_AAGCGAGAGACCGCCT","hESC_C9","C0"
"BC_CCTCACATCGTGGACC","hESC_A7","C0"
"BC_TTCTAGTAGACTGGGT","hESC_C12","C0"
"BC_GCATTAGGTTGCGGAA","hESC_C9","C0"
"BC_GGGTTTACACCTAAAC","hESC_A7","C2"
"BC_TCATACTCACAACGCC","hESC_D3","C0"
"BC_GAATCACCACAATCTG","hESC_D3","C0"
"BC_ATAGGCTTCTAGCATG","hESC_C9","C3"
"BC_CTGGCAGAGAGGCGGA","hESC_A7","C0"
"BC_ACTATTCAGCACTAAA","hESC_C9","C0"
"BC_GCAGTTAGTCAAGGCA","hESC_D3","C0"
"BC_TTCCGGTAGCGAAACC","hESC_C12","C0"
"BC_CCTCTCCAGCTCTGTA","hESC_A7","C0"
"BC_ACAGAAAAGCAGTACG","hESC_A7","C3"
"BC_GAAGAATTCAAGGAGC","hESC_C9","C2"
"BC_AGGATAAAGTTGTACC","hESC_C12","C0"
"BC_GACCAATTCTACACTT","hESC_C9","C2"
"BC_GAATAGATCGGTGTTA","hESC_A7","C3"
"BC_CAGCAGCTCCCAGCGA","hESC_D3","C0"
"BC_TACAGGTGTCGACTGC","hESC_A7","C0"
"BC_TCGCAGGTCGTACCTC","hESC_A7","C1"
"BC_TAACACGCAATAGAGT","hESC_C9","C2"
"BC_AAAGAACAGCATCCTA","hESC_D3","C0"
"BC_AACAACCCACACCGCA","hESC_D3","C3"
"BC_GCATCGGAGGATTTAG","hESC_C9","C0"
"BC_CCACTTGCAGAGTGTG","hESC_C9","C0"
"BC_CATGCGGTCACTCACC","hESC_C9","C0"
"BC_TCCACCATCTCGACCT","hESC_C9","C3"
"BC_GCTTGGGTCCCAGGAC","hESC_D3","C0"
"BC_CCAAGCGGTTCGAACT","hESC_A7","C1"
"BC_TACGGTAGTTCGGTCG","hESC_D3","C0"
"BC_AGGCCACCAGGCCCTA","hESC_C9","C3"
"BC_CAACAGTGTGACAGGT","hESC_A7","C2"
"BC_GGGACTCCAGCGGATA","hESC_C9","C2"
"BC_AAGTTCGGTACGCGTC","hESC_D3","C0"
"BC_GGTGGCTCAGGGTCTC","hESC_C12","C3"
"BC_GTCACTCGTTGCCGCA","hESC_D3","C0"
"BC_CTCCGATAGCTCACTA","hESC_D3","C0"
"BC_TTCTAGTAGGTAGTCG","hESC_C9","C0"
"BC_CAAGCTACATGTCAGT","hESC_C12","C0"
"BC_TCATGCCCAATTGCTG","hESC_D3","C3"
"BC_ATGTCTTGTACCGTGC","hESC_C9","C0"
"BC_AGAGAGCAGACGGATC","hESC_A7","C0"
"BC_GTGCTGGAGTCACTGT","hESC_C9","C0"
"BC_GTCCACTCAATGCAGG","hESC_A7","C3"
"BC_TCATATCAGGCGTTAG","hESC_A7","C3"
"BC_TATCTGTAGCGGACAT","hESC_A7","C0"
"BC_CAGGCCACAACTGCCG","hESC_D3","C0"
"BC_TTGATGGCAATCCTAG","hESC_D3","C0"
"BC_CCGATCTCACTATCGA","hESC_D3","C2"
"BC_TCACATTGTAGGAAAG","hESC_D3","C0"
"BC_TCCTCGAGTATAATGG","hESC_A7","C1"
"BC_AATTTCCTCCAGTACA","hESC_C12","C0"
"BC_ATGAAAGAGGATACCG","hESC_A7","C0"
"BC_TGACCCTTCATCTATC","hESC_A7","C3"
"BC_GCCAACGTCCGCGATG","hESC_D3","C3"
"BC_TCATGTTCACTCTCGT","hESC_A7","C0"
"BC_TGTGGCGGTTGCATAC","hESC_C9","C2"
"BC_TGTGAGTTCAAATGAG","hESC_C9","C2"
"BC_TTACGTTCACACGCCA","hESC_A7","C1"
"BC_ACGTTCCAGGTGCGAT","hESC_C12","C0"
"BC_ACACGCGCAACAGCCC","hESC_C12","C3"
"BC_GCCATTCCATCAGTGT","hESC_C9","C0"
"BC_GGGACTCCACCTTCGT","hESC_C12","C0"
"BC_ATCACGACATAGAATG","hESC_C12","C0"
"BC_CATACTTGTTGTCTAG","hESC_C9","C0"
"BC_CGTTGGGCAAGTAGTA","hESC_A7","C0"
"BC_CTCAGGGGTTGGCCGT","hESC_D3","C0"
"BC_CCACGAGAGGTTATAG","hESC_C12","C0"
"BC_AATTCCTGTTACACAC","hESC_D3","C0"
"BC_GCCAGTGAGTGTACAA","hESC_D3","C0"
"BC_ATTACCTGTGAGTTTC","hESC_C12","C3"
"BC_TGTCCCATCCTGCCAT","hESC_C9","C0"
"BC_GGTGATTCAGGATTCT","hESC_D3","C0"
"BC_TGCGGCAGTAGGGAGG","hESC_A7","C3"
"BC_GATAGAACACGCTGCA","hESC_A7","C3"
"BC_TCCGGGACAGAAACCG","hESC_C9","C0"
"BC_GGGAGATCACTGCGAC","hESC_C9","C3"
"BC_TTCATTGGTTGCAACT","hESC_A7","C0"
"BC_CATTCTAAGCCGCACT","hESC_C9","C2"
"BC_ATCGTAGAGTTCCGGC","hESC_C12","C0"
"BC_GAGAAATTCATCGACA","hESC_C12","C0"
"BC_TGCGATATCTCGAACA","hESC_C12","C3"
"BC_GTAACACTCGAATCCA","hESC_C9","C3"
"BC_TGTGAGTCAGTCGCAC","hESC_A7","C0"
"BC_GTGGTTAGTCCTCATC","hESC_C12","C0"
"BC_TCAGCAACATGTGGCC","hESC_A7","C3"
"BC_GACCAATGTCTTCAAG","hESC_D3","C0"
"BC_TACCCACTCAGCCCAG","hESC_C12","C3"
"BC_TAACCAGTCTCAAAGC","hESC_C9","C3"
"BC_AGGGTGACATATGAAG","hESC_D3","C0"
"BC_CCACGTTGTGGATTTC","hESC_A7","C0"
"BC_TGGTTAGCACTCACTC","hESC_A7","C0"
"BC_TGTAGACTCAGCTGTA","hESC_A7","C1"
"BC_GATGTTGGTGGACCTC","hESC_C12","C3"
"BC_AGCGCTGGTTCCTACC","hESC_C9","C1"
"BC_GATGTTGAGTATGACA","hESC_C9","C0"
"BC_TTTCAGTTCATAGACC","hESC_D3","C1"
"BC_ACGCACGGTGAGACGT","hESC_C12","C0"
"BC_GAGCCTGCAGACGATG","hESC_C9","C0"
"BC_AGATAGACAGGCTATT","hESC_A7","C3"
"BC_TAGGTACCAACACAGG","hESC_C9","C2"
"BC_GACATCAGTTGTGCCG","hESC_C9","C0"
"BC_GTACAACAGCTCGCAC","hESC_C9","C0"
"BC_TCATACTGTCGTTTCC","hESC_C9","C0"
"BC_AGATGCTGTAACATCC","hESC_C9","C0"
"BC_AGACAGGGTCACGACC","hESC_A7","C2"
"BC_GTCTACCCACTATCCC","hESC_C12","C3"
"BC_CGATGGCTCATCTGTT","hESC_C9","C3"
"BC_CACGTTCTCATTACCT","hESC_C9","C0"
"BC_AGATCCATCATCGCTC","hESC_D3","C0"
"BC_TTCCTCTGTCCTGGTG","hESC_D3","C3"
"BC_TCGTCCATCTAGGCAT","hESC_A7","C0"
"BC_AATGGCTAGAATCGTA","hESC_C9","C0"
"BC_ACCAAACGTACCTATG","hESC_D3","C0"
"BC_AGTAGCTAGGCTAGCA","hESC_A7","C0"
"BC_CCACGAGCACAAGCCC","hESC_C12","C2"
"BC_CCTAACCAGGGCTTCC","hESC_A7","C3"
"BC_GACTCAAAGGCGAACT","hESC_D3","C0"
"BC_TCTATACAGGACAGCT","hESC_C9","C3"
"BC_ATCCTATGTGTATTCG","hESC_C9","C3"
"BC_TCACTATAGTCTTGGT","hESC_C9","C0"
"BC_TACTGCCAGCCGCACT","hESC_A7","C0"
"BC_CTTCAATGTTAAAGTG","hESC_C9","C0"
"BC_CTAACTTAGTCAGCCC","hESC_C9","C3"
"BC_GACTCTCTCGCACTCT","hESC_C9","C3"
"BC_CATGCAACAAGGCTTT","hESC_C12","C0"
"BC_AAGTTCGCATGGAATA","hESC_C9","C4"
"BC_ATTACTCGTGAGCGAT","hESC_C9","C0"
"BC_GGGCCATGTTACACTG","hESC_C9","C0"
"BC_ACGCACGAGCGGGTAT","hESC_D3","C2"
"BC_GAAACCTCATTGACCA","hESC_A7","C2"
"BC_CCACGAGTCGGCTCTT","hESC_C9","C0"
"BC_AGAAGTAAGACGGAAA","hESC_A7","C2"
"BC_GCCGATGTCGATAACC","hESC_C12","C3"
"BC_AGCTACATCCGCGATG","hESC_C12","C2"
"BC_GAGGGTAGTAACCCTA","hESC_C9","C3"
"BC_TGCATGATCTTACACT","hESC_C9","C0"
"BC_TCAAGACTCGACCCAG","hESC_C9","C0"
"BC_TGTTCATCAGCATGCC","hESC_C9","C2"
"BC_AGCCACGTCTGCTAGA","hESC_D3","C1"
"BC_CGGACACTCAGCTTCC","hESC_C12","C0"
"BC_CTCAGAATCTATCGCC","hESC_D3","C0"
"BC_CCTGTTGGTCTAGGCC","hESC_C9","C2"
"BC_CCCATTGGTGGTCTCG","hESC_C9","C3"
"BC_TGGATCATCTCATGCC","hESC_C9","C0"
"BC_GTTAGTGGTCTTACAG","hESC_A7","C2"
"BC_CCTCTAGGTGAATGAT","hESC_C12","C0"
"BC_TCGGGACGTTACCTGA","hESC_D3","C0"
"BC_ATCGATGCACCCAACG","hESC_A7","C3"
"BC_ATTCACTGTCTTTCTA","hESC_A7","C3"
"BC_CGTGATAGTCACTACA","hESC_A7","C0"
"BC_AACAAGAAGGAGAATG","hESC_C9","C3"
"BC_TAGTGCATCTTTACAC","hESC_A7","C0"
"BC_AGGTAGGTCATGCCGG","hESC_A7","C3"
"BC_TCTAACTGTCTGCGCA","hESC_C9","C3"
"BC_TGGGAGACACGTGTGC","hESC_C9","C0"
"BC_GACTCTCCAGACCGCT","hESC_C9","C2"
"BC_TAACGACCATTGACCA","hESC_D3","C0"
"BC_AGACCCGCACCTGCAG","hESC_D3","C0"
"BC_GTTCCGTTCACCATGA","hESC_A7","C0"
"BC_GGAGGATAGGCTGTAG","hESC_C9","C1"
"BC_ACTTATCAGACCTGGA","hESC_C9","C1"
"BC_GGAGAACGTCATCCGG","hESC_D3","C0"
"BC_GTTAGTGTCGGTCGGT","hESC_C12","C2"
"BC_CTGCAGGAGAGATCGC","hESC_A7","C3"
"BC_GAGGCAATCACAATGC","hESC_C9","C3"
"BC_CATCCGTCACTAACGT","hESC_C9","C3"
"BC_GTCACTCTCAGTGTGT","hESC_D3","C1"
"BC_TCAGTTTTCCGGCAGT","hESC_D3","C0"
"BC_CACGTTCCAAATTGGA","hESC_C12","C0"
"BC_GTGCAGCGTGTAGTGG","hESC_A7","C0"
"BC_CTAAGTGTCAGCTGAT","hESC_C9","C0"
"BC_GGTAACTTCCTCATAT","hESC_C12","C0"
"BC_CCCTTAGAGAGCCATG","hESC_A7","C0"
"BC_TCATGAGAGGACAGTC","hESC_A7","C0"
"BC_TCCAGAATCTTCGGTC","hESC_A7","C0"
"BC_AGCGCCAAGGATTTCC","hESC_C12","C0"
"BC_TGGCGTGAGGTCATAA","hESC_A7","C0"
"BC_TGGGAAGGTCGCAGTC","hESC_C9","C0"
"BC_TGACAGTAGACCCGCT","hESC_A7","C0"
"BC_CACTGAACAGGAGACT","hESC_A7","C2"
"BC_ATTACCTTCACCTTGC","hESC_C12","C0"
"BC_TATCAGGTCACCACAA","hESC_D3","C0"
"BC_GAAGGGTCACCGTGCA","hESC_C9","C0"
"BC_TACCGGGCAAATCCCA","hESC_C9","C3"
"BC_AGTCTCCGTATCGTAC","hESC_A7","C2"
"BC_GTCGAATGTGGCCCAT","hESC_D3","C0"
"BC_GTTATGGGTCGTACAT","hESC_A7","C4"
"BC_TCACAAGAGTCACGCC","hESC_C9","C3"
"BC_TTTGACTGTGCTTATG","hESC_D3","C0"
"BC_AGTCATGAGTGGATTA","hESC_C9","C0"
"BC_CACAACATCCGACATA","hESC_C12","C3"
"BC_GATTGGTTCATTGCCC","hESC_A7","C3"
"BC_AGGTTGTCATTAGGAA","hESC_C9","C0"
"BC_TCAGTTTTCTTTGATC","hESC_D3","C0"
"BC_TCGCAGGCAGCGTGAA","hESC_D3","C0"
"BC_GCATCTCGTGGTATGG","hESC_C9","C0"
"BC_CGTAATGAGATGACAT","hESC_C9","C1"
"BC_GGGACAACACCAACAT","hESC_D3","C0"
"BC_TCCCACATCCAAATGC","hESC_C9","C3"
"BC_GCTACCTTCATTCACT","hESC_C9","C0"
"BC_ACCTGAATCCTCGCAT","hESC_A7","C1"
"BC_AGGTTACGTACGCTTA","hESC_C9","C3"
"BC_AGATGAAGTATGGTTC","hESC_A7","C3"
"BC_CTCATCGAGCGAATGC","hESC_C9","C0"
"BC_GAAGGGTGTTTCGATG","hESC_D3","C0"
"BC_ATTCGTTCACTTCAGA","hESC_D3","C1"
"BC_TCATGCCAGTGCGACA","hESC_A7","C1"
"BC_TAGATCGGTGCACAAG","hESC_D3","C0"
"BC_AAAGGTATCGTCTCAC","hESC_A7","C0"
"BC_GTGAGTTGTGGTCAAG","hESC_C9","C3"
"BC_CCTCATGCACTGTCGG","hESC_D3","C0"
"BC_TTCATGTGTCGCTTAA","hESC_A7","C2"
"BC_CAAGACTGTAGATCGG","hESC_A7","C0"
"BC_TGCAGGCTCCATGATG","hESC_C12","C0"
"BC_GCAACATTCCGAACGC","hESC_A7","C0"
"BC_TAACACGGTCATTCCC","hESC_A7","C3"
"BC_CGCATAAGTGGTCCCA","hESC_D3","C0"
"BC_TGTCCACTCGGTAGGA","hESC_C9","C0"
"BC_ATTCTACTCTATCGGA","hESC_C12","C2"
"BC_ATTCTTGCACCCAATA","hESC_C9","C3"
"BC_AGTAGTCGTCACTTCC","hESC_D3","C0"
"BC_ACTTCGCGTAATCAAG","hESC_C12","C3"
"BC_GGTTCTCTCGAGAATA","hESC_C9","C0"
"BC_CAGATTGAGCAAGTGC","hESC_A7","C0"
"BC_AGTCACAAGTGCTAGG","hESC_C9","C3"
"BC_GCCCAGAGTATCGTGT","hESC_C9","C0"
"BC_ATCACAGCAACTGGTT","hESC_C12","C1"
"BC_ATTACTCAGAAGTGTT","hESC_D3","C0"
"BC_TGATGCAAGCCAAGCA","hESC_C9","C3"
"BC_CATCGTCAGCTGGAGT","hESC_D3","C1"
"BC_TCACGCTTCGGACTTA","hESC_C9","C3"
"BC_TGGCGTGTCAGGGTAG","hESC_A7","C1"
"BC_GTAACACTCGGACAAG","hESC_A7","C0"
"BC_GGGACTCCAGGTTCAT","hESC_C9","C0"
"BC_CTGCCTAGTTTGGAAA","hESC_C9","C0"
"BC_TGATCTTAGCGATTCT","hESC_A7","C1"
"BC_CGTCCATCACCTGCGA","hESC_C9","C0"
"BC_CTTGATTGTTGGTACT","hESC_C12","C2"
"BC_TTCATGTGTCGCATTA","hESC_D3","C0"
"BC_ACGCACGTCTTCTAAC","hESC_C12","C0"
"BC_ATGGGTTGTCGCACAC","hESC_C9","C0"
"BC_ATCCTATGTTACGTAC","hESC_A7","C3"
"BC_GAGGGATAGATTACCC","hESC_C12","C2"
"BC_TGGGATTCAATGTCAC","hESC_C9","C3"
"BC_GTAGGAGGTTGTCTAG","hESC_D3","C0"
"BC_TATTCCAAGATGGCGT","hESC_C12","C0"
"BC_CACTTCGAGTCCCAGC","hESC_C12","C0"
"BC_AGATGCTCATTCCTAT","hESC_A7","C0"
"BC_GCAGCTGCAGCACAGA","hESC_C9","C0"
"BC_CTGAATGAGAGAGCGG","hESC_C12","C0"
"BC_ATGTCTTAGCACTGGA","hESC_C9","C0"
"BC_ATTCCTACACGCGCAT","hESC_A7","C0"
"BC_GAGTCATGTAGGTTTC","hESC_A7","C0"
"BC_CGGACACAGACCGTTT","hESC_A7","C0"
"BC_CTCTCAGTCGCGTAGC","hESC_D3","C0"
"BC_CTAGACAAGCCTGGAA","hESC_C12","C0"
"BC_GAAGAATAGATTTGCC","hESC_A7","C0"
"BC_ATCACGACAAGAATAC","hESC_D3","C0"
"BC_ATGGTTGGTGTATCCA","hESC_C9","C0"
"BC_GACTTCCTCATTACTC","hESC_C12","C3"
"BC_GTCACGGAGCCGTCGT","hESC_C9","C0"
"BC_CTGGCAGCATTGTACG","hESC_C12","C2"
"BC_TCTGGCTCACTTGAAC","hESC_C12","C3"
"BC_AGGATCTGTGCCTGAC","hESC_C12","C0"
"BC_ATTCTTGGTTATCTTC","hESC_D3","C0"
"BC_GCACGTGCATTCGATG","hESC_A7","C0"
"BC_GAAGGGTTCGAACCAT","hESC_C9","C0"
"BC_CACAGGCTCCATCAGA","hESC_A7","C3"
"BC_TATTCCATCCGATAAC","hESC_D3","C0"
"BC_GTCTTTACACATTGTG","hESC_A7","C0"
"BC_TCGGGACAGGTAGTAT","hESC_D3","C0"
"BC_GAATAGACAAGTGATA","hESC_C9","C1"
"BC_AGCTTCCCATGTTTGG","hESC_C12","C0"
"BC_CTGCTCAGTAGTCACT","hESC_C9","C3"
"BC_TTCATTGGTCATGACT","hESC_C9","C0"
"BC_TTTGGTTCATCGGCCA","hESC_D3","C0"
"BC_AGGATAAAGGCGCTCT","hESC_A7","C0"
"BC_ACTGTGAGTGTGTGTT","hESC_C9","C0"
"BC_CTAGACAAGACCTCCG","hESC_C9","C0"
"BC_GTCCCATCATCGTTCC","hESC_D3","C0"
"BC_TCCTCGATCGATTCCC","hESC_A7","C0"
"BC_ACATTTCTCTACACTT","hESC_A7","C3"
"BC_CATGCAAGTCTCTCAC","hESC_A7","C1"
"BC_CAGATACTCTGTCGTC","hESC_D3","C0"
"BC_GTGATGTGTGAGATTA","hESC_A7","C2"
"BC_TGGGATTTCAAACGAA","hESC_D3","C2"
"BC_AAGCGTTTCTAAGCGT","hESC_D3","C0"
"BC_AGCCACGTCTCCTGTG","hESC_A7","C0"
"BC_ACGCACGCAGCAGACA","hESC_A7","C0"
"BC_TACATTCCAAACTAAG","hESC_D3","C0"
"BC_TTCAGGACAGCTTTCC","hESC_C12","C0"
"BC_TTTGGAGAGTTGGAAT","hESC_D3","C0"
"BC_AGGTCTACAGCTTCGG","hESC_C9","C0"
"BC_TCTACCGTCACCGCTT","hESC_C12","C0"
"BC_GAAGAATGTGGACAGT","hESC_C9","C2"
"BC_TTGCTGCCATGACACT","hESC_A7","C0"
"BC_CCGCAAGTCGATACTG","hESC_D3","C0"
"BC_TAAGTCGCATCTCATT","hESC_D3","C0"
"BC_GAAGAATAGCAGGTCA","hESC_D3","C0"
"BC_GGAGAACGTGCATCTA","hESC_C9","C3"
"BC_CATTGAGTCGGAGTGA","hESC_D3","C0"
"BC_TTGGGCGCAGCAGTAG","hESC_D3","C0"
"BC_GATCATGTCCGAGGCT","hESC_C9","C0"
"BC_TCGATTTGTGTTCGTA","hESC_C9","C0"
"BC_TTCCTTCGTCCGCAGT","hESC_C9","C2"
"BC_GCACATAGTGAATGAT","hESC_A7","C2"
"BC_ACACTGAGTGCTCGTG","hESC_C9","C0"
"BC_CCTCCAATCGTTCCCA","hESC_A7","C3"
"BC_CAACGATTCCATTGTT","hESC_D3","C1"
"BC_CCCTAACTCGTGTTCC","hESC_C9","C0"
"BC_AACCATGAGGTTCAGG","hESC_A7","C3"
"BC_ATATCCTGTCTCTCTG","hESC_C9","C0"
"BC_AGGATCTTCTGCTCTG","hESC_C12","C0"
"BC_TCCTTCTCACATTACG","hESC_C9","C3"
"BC_CGTTAGATCACGGAGA","hESC_A7","C0"
"BC_GCCCGAAAGCCGTTAT","hESC_C12","C0"
"BC_GCATGATGTCATTGCA","hESC_D3","C1"
"BC_GGGTTATAGCTTAGTC","hESC_C12","C0"
"BC_AAACGAACAGCTACCG","hESC_A7","C1"
"BC_AAGTACCGTCTACATG","hESC_A7","C3"
"BC_GCACGGTCAGGAATAT","hESC_C9","C0"
"BC_CCACCATTCATTCATC","hESC_C12","C3"
"BC_CAGTGCGGTAGTGATA","hESC_C9","C0"
"BC_CTAACCCTCAAACCTG","hESC_C9","C4"
"BC_AAATGGATCTGTGCGG","hESC_A7","C0"
"BC_TTGTTCACACTATCGA","hESC_A7","C0"
"BC_TGAGCATTCAGACCTA","hESC_D3","C0"
"BC_CATAAGCCAGCGTTTA","hESC_D3","C3"
"BC_ACATGCATCCAGTTCC","hESC_A7","C3"
"BC_CTGTATTAGCCTATCA","hESC_A7","C3"
"BC_CTACAGAAGCAGGTCA","hESC_C9","C0"
"BC_ATTGGGTTCCTTGAAG","hESC_C9","C3"
"BC_TTAATCCCATAAGCAA","hESC_C9","C3"
"BC_TGTACAGGTCCAAATC","hESC_A7","C3"
"BC_TCTACATCAGGAGGAG","hESC_A7","C0"
"BC_TTTAGTCGTAATCAAG","hESC_C9","C0"
"BC_GGGCGTTTCATGCATG","hESC_D3","C0"
"BC_GAGTTACAGCTTAGTC","hESC_C9","C3"
"BC_CGGCAGTAGACAGCTG","hESC_C12","C3"
"BC_GTTCGCTCAGAGGAAA","hESC_C12","C0"
"BC_TTGGGCGAGGTTACAA","hESC_D3","C0"
"BC_CACAGGCCACTAAACC","hESC_C9","C3"
"BC_CCTCTCCGTCTCTCAC","hESC_A7","C3"
"BC_ATATCCTGTGCATACT","hESC_C9","C3"
"BC_CTCAACCGTACTCGTA","hESC_C9","C0"
"BC_AGTGATCTCCCGAGTG","hESC_A7","C0"
"BC_GGGAGTAAGACTCGAG","hESC_C9","C0"
"BC_TGAGCGCCACTGAGTT","hESC_C12","C0"
"BC_TGATGGTCAGTGTGCC","hESC_C12","C0"
"BC_AGTCACACAGCGAGTA","hESC_A7","C0"
"BC_GAGAAATAGACATCCT","hESC_A7","C2"
"BC_TCGGGCAGTTGTGCAT","hESC_C9","C0"
"BC_CACAACACAGGATGAC","hESC_A7","C2"
"BC_GTAATGCGTATAATGG","hESC_C9","C2"
"BC_GTTTGGATCGCCTAGG","hESC_C9","C0"
"BC_AGAGAATTCAAGATAG","hESC_A7","C2"
"BC_CACCGTTCAATCAAGA","hESC_A7","C0"
"BC_TGCTGAACACTATGTG","hESC_A7","C3"
"BC_ACTATGGAGGTCCCGT","hESC_A7","C0"
"BC_CGGAACCAGCACTTTG","hESC_C9","C1"
"BC_GTGTCCTGTCAAGCGA","hESC_C12","C0"
"BC_TGATTCTAGAATTTGG","hESC_D3","C0"
"BC_ATCGTAGGTACCAATC","hESC_C12","C0"
"BC_AAGCGTTTCTAAACGC","hESC_C9","C0"
"BC_GTCTACCAGTGCACCC","hESC_C9","C3"
"BC_GCCAGTGAGCACGATG","hESC_C9","C0"
"BC_AGACCCGCATAGATCC","hESC_A7","C0"
"BC_ACTTTCATCTGCGAGC","hESC_A7","C0"
"BC_GCCAACGCATCACAGT","hESC_C9","C3"
"BC_CTGTGGGGTCTGTGCG","hESC_C9","C0"
"BC_AAGACAACACAAATGA","hESC_D3","C3"
"BC_ATCCTATTCATTACCT","hESC_D3","C1"
"BC_GATTCGAGTCCAGCAC","hESC_C12","C3"
"BC_CGAAGGATCGTGCAGC","hESC_C12","C0"
"BC_GACAGCCAGTAGTCCT","hESC_C12","C3"
"BC_CTGGACGCAGGCATGA","hESC_C12","C0"
"BC_ATTCAGGCAGCGACCT","hESC_C12","C0"
"BC_ACTCCCACAAGAGGTC","hESC_D3","C0"
"BC_TCATTACCACGTTGGC","hESC_C9","C3"
"BC_GTATTTCAGACGACTG","hESC_A7","C0"
"BC_GCCAGTGGTGTAAATG","hESC_C12","C0"
"BC_GAAGGACCAACTCGTA","hESC_C12","C2"
"BC_AATCGACGTAGCGTAG","hESC_D3","C0"
"BC_GTTCATTTCGCAGATT","hESC_A7","C0"
"BC_GTTGTGATCGTTCCCA","hESC_A7","C0"
"BC_ACTCTCGCATATGCGT","hESC_D3","C0"
"BC_TTCTTGAGTTCGAAGG","hESC_C12","C0"
"BC_ACAAGCTAGTAGCATA","hESC_C9","C0"
"BC_AGGACTTAGATCCAAA","hESC_C9","C3"
"BC_TAGAGTCCATAGAATG","hESC_D3","C0"
"BC_GCGGAAATCCCAGGAC","hESC_C12","C3"
"BC_TCCTGCATCGTGCTCT","hESC_C9","C0"
"BC_GAACGTTGTGACTCGC","hESC_D3","C0"
"BC_TGGATGTCAGAGTAAT","hESC_C12","C0"
"BC_CCTAACCCAGTACTAC","hESC_D3","C0"
"BC_CTCGAGGTCCACACAA","hESC_D3","C0"
"BC_GTCTTTAAGGGAGATA","hESC_D3","C0"
"BC_ATCAGGTGTTACAGCT","hESC_A7","C0"
"BC_GAATCGTTCCTTATAC","hESC_D3","C0"
"BC_GGGACCTTCAGCCTCT","hESC_D3","C0"
"BC_TTGGGATGTGGAAGTC","hESC_A7","C2"
"BC_TTCGCTGCAATACGAA","hESC_A7","C0"
"BC_AAAGTGACATCGATGT","hESC_D3","C0"
"BC_GTAACACCAATAGAGT","hESC_C9","C0"
"BC_CTCAGAATCACTTATC","hESC_A7","C2"
"BC_AGGGTCCTCGAACGCC","hESC_C12","C3"
"BC_TCGCACTCATTCAGCA","hESC_A7","C0"
"BC_TCTCACGCAGAGTCTT","hESC_D3","C0"
"BC_TTGTTCATCAGCTTGA","hESC_A7","C2"
"BC_CTCATTAGTTGACTAC","hESC_D3","C0"
"BC_AGGTCTAAGAAGATCT","hESC_C9","C0"
"BC_ATAGACCAGCAAATCA","hESC_A7","C0"
"BC_TTAGGGTGTCGTACTA","hESC_A7","C0"
"BC_CAATTTCTCCCGGTAG","hESC_D3","C3"
"BC_CTATCCGTCTGAGTCA","hESC_C12","C2"
"BC_TCGTCCACACTCCACT","hESC_C9","C0"
"BC_TATTGCTCAAGAGCTG","hESC_C9","C0"
"BC_CTCATGCTCGCCTATC","hESC_C9","C0"
"BC_TTGTTTGAGCACCGAA","hESC_A7","C0"
"BC_CCATAAGTCATCAGTG","hESC_A7","C0"
"BC_GGGACTCGTTGCGTAT","hESC_C12","C3"
"BC_GAAGGACGTTTGCAGT","hESC_C9","C0"
"BC_GCCAGTGAGATTGACA","hESC_C9","C0"
"BC_TATGTTCCAAATCGGG","hESC_C12","C0"
"BC_AGTAGTCTCAGACATC","hESC_C12","C3"
"BC_GGGCCATTCTACGGTA","hESC_D3","C0"
"BC_CACGGGTAGGGCAGAG","hESC_C9","C0"
"BC_ACATGCAGTTTCGATG","hESC_C9","C0"
"BC_TGCGGCAGTCACAATC","hESC_C9","C0"
"BC_TATACCTAGCACACCC","hESC_A7","C3"
"BC_GGAGGTATCGTGGGTC","hESC_D3","C0"
"BC_TCATTACTCTCTCCGA","hESC_D3","C0"
"BC_TACCTCGGTTGTTGTG","hESC_D3","C0"
"BC_ATCATTCGTGGTATGG","hESC_D3","C0"
"BC_TGTACAGTCGCGAAGA","hESC_C9","C0"
"BC_AGCTACACAGAAGTTA","hESC_C12","C3"
"BC_CTACTATCAGCAATTC","hESC_D3","C1"
"BC_TGTACAGCAAAGCTCT","hESC_C9","C0"
"BC_GAGGCAATCCCAGGCA","hESC_C12","C3"
"BC_GAATCGTGTTCAGCTA","hESC_C9","C0"
"BC_GGGTATTAGCAGGTCA","hESC_A7","C2"
"BC_TCCGGGAAGCCTCACG","hESC_A7","C0"
"BC_AGCGCTGTCTTGCAAG","hESC_C9","C0"
"BC_CCAATGATCTGGTCAA","hESC_D3","C0"
"BC_AGGACTTTCCGAGTGC","hESC_A7","C3"
"BC_ATTTCTGCAACTTCTT","hESC_C9","C2"
"BC_TACGGTAGTAGTCGGA","hESC_D3","C0"
"BC_TGATTTCCAGGGAATC","hESC_C12","C2"
"BC_AGGATCTGTGCAATAA","hESC_A7","C3"
"BC_ACACAGTAGACTGAGC","hESC_C12","C0"
"BC_AGGTTGTCAGTGGTGA","hESC_D3","C3"
"BC_GGAGATGAGCTTGTTG","hESC_A7","C0"
"BC_TAGCACAGTTAGCTAC","hESC_D3","C1"
"BC_CTGGCAGTCACCCTCA","hESC_C12","C0"
"BC_GGGTAGAGTGACACGA","hESC_A7","C0"
"BC_CTCCTTTCACCAGTTA","hESC_C9","C3"
"BC_ACCCAAAGTAGTAAGT","hESC_C9","C2"
"BC_GTTACCCAGCATATGA","hESC_A7","C0"
"BC_TCACTATAGCCATCCG","hESC_A7","C0"
"BC_TTACCATTCTTCCAGC","hESC_C9","C3"
"BC_GTCACGGTCATCGTAG","hESC_C9","C0"
"BC_GTCATCCCACTCCTGT","hESC_A7","C3"
"BC_GGGAAGTCACAACATC","hESC_C9","C3"
"BC_TTTGGTTCACCTGCTT","hESC_D3","C0"
"BC_ACTATCTGTCGTCATA","hESC_A7","C0"
"BC_TATCGCCCACTGTCGG","hESC_D3","C0"
"BC_ACACGCGTCCAACCGG","hESC_C12","C3"
"BC_ATCCACCTCTTGCGCT","hESC_C9","C3"
"BC_AGCGTCGGTCTCTCAC","hESC_C9","C0"
"BC_AGCGTCGCAATCACGT","hESC_C12","C0"
"BC_CAACCTCTCGTCAACA","hESC_A7","C3"
"BC_AGAGAGCCATACCGTA","hESC_D3","C0"
"BC_CTACGGGCACACACTA","hESC_C9","C2"
"BC_ATTTCACCAATGAACA","hESC_A7","C0"
"BC_GTCGTTCTCGCTACAA","hESC_C9","C0"
"BC_CTGAATGCATCTCATT","hESC_D3","C0"
"BC_ATTCAGGTCTAACGCA","hESC_A7","C0"
"BC_ACGGTTAGTCGACTGC","hESC_C12","C0"
"BC_AGAGAATCAGCTATTG","hESC_C9","C0"
"BC_GATTTCTGTTGCAACT","hESC_C9","C3"
"BC_GGGATGACAACTCCAA","hESC_A7","C0"
"BC_GTCATGAAGTCGGGAT","hESC_C12","C2"
"BC_ATTCTACTCCGATAAC","hESC_C9","C0"
"BC_CAAAGAAAGTGACACG","hESC_D3","C0"
"BC_TTCTTGACAAGACGAC","hESC_D3","C1"
"BC_GACCCTTAGGACAACC","hESC_C9","C0"
"BC_CATGGTAGTACGACAG","hESC_C12","C0"
"BC_CAACGATAGGTCCGAA","hESC_C9","C3"
"BC_AGACAGGCAAAGGCGT","hESC_C12","C2"
"BC_TATTTCGCAAGAGTTA","hESC_A7","C0"
"BC_CCGGTAGCAGGCGATA","hESC_C12","C0"
"BC_ACTTCCGTCACTTATC","hESC_A7","C2"
"BC_TTGTTGTAGACCCGCT","hESC_D3","C0"
"BC_GTCGCGACATAGAATG","hESC_D3","C0"
"BC_AAAGGATCAAACTGCT","hESC_D3","C0"
"BC_GAGATGGTCCGCAGTG","hESC_A7","C0"
"BC_TATGTTCAGTTGCCCG","hESC_C9","C3"
"BC_TCGACGGTCACTGTTT","hESC_A7","C0"
"BC_TGAGCATCAATACGCT","hESC_C9","C0"
"BC_AAGCGAGTCTGTCAGA","hESC_A7","C1"
"BC_TCTTAGTCAGCTTCGG","hESC_A7","C0"
"BC_CAACAACAGATTGATG","hESC_C9","C0"
"BC_ACATCGAGTAGGTAGC","hESC_A7","C1"
"BC_AAGCGTTAGTGGCGAT","hESC_C12","C0"
"BC_CCTTCAGAGTATTAGG","hESC_A7","C0"
"BC_CCCTCTCCACAGCGCT","hESC_A7","C2"
"BC_AAAGGATGTCTACAAC","hESC_D3","C0"
"BC_CTGTCGTAGTCAATCC","hESC_C12","C1"
"BC_ATCAGGTCAATCAAGA","hESC_A7","C3"
"BC_CTCCACATCATTCGGA","hESC_D3","C0"
"BC_TATTTCGGTCAACCTA","hESC_C12","C3"
"BC_AAACCCAAGTTCGGTT","hESC_D3","C0"
"BC_GCATCTCGTCCAACGC","hESC_C9","C3"
"BC_CTGCTCAGTAGTGTGG","hESC_A7","C2"
"BC_GCTGAATGTGACAGGT","hESC_A7","C0"
"BC_TTGAACGCAATGGCCC","hESC_A7","C1"
"BC_AGGAAATTCTATTTCG","hESC_D3","C0"
"BC_AGTCACAAGGTTCTTG","hESC_A7","C0"
"BC_TGACCCTAGAGCATAT","hESC_A7","C3"
"BC_TCGGATATCTCTTCAA","hESC_A7","C3"
"BC_CACAGATTCTCTGAGA","hESC_A7","C0"
"BC_TCAGTCCGTGTGAATA","hESC_D3","C0"
"BC_CAGTTCCAGTAGTCCT","hESC_C12","C3"
"BC_ACCTACCCACTACTTT","hESC_C12","C3"
"BC_GTATTTCGTCACTAGT","hESC_D3","C2"
"BC_CGGGTCAGTATTGACC","hESC_D3","C0"
"BC_TGGTAGTCACAAATGA","hESC_A7","C0"
"BC_ATGCATGTCTCGCTCA","hESC_C9","C0"
"BC_GTGCGTGCACGTGAGA","hESC_A7","C0"
"BC_GCTACAATCGAACGGA","hESC_A7","C0"
"BC_CAACCTCCAAATGAGT","hESC_C9","C0"
"BC_CGGAATTTCTCTTGCG","hESC_C12","C0"
"BC_AGATCGTTCGCTCTCA","hESC_D3","C0"
"BC_TGCTCCAAGTTGGAAT","hESC_C12","C0"
"BC_TTAGTCTGTTGTGCAT","hESC_C9","C0"
"BC_TCTACATTCCCGTAAA","hESC_A7","C3"
"BC_CGGTCAGTCAGACCTA","hESC_C9","C0"
"BC_TTACGTTAGATTGGGC","hESC_C9","C0"
"BC_TTCGATTGTACAGAGC","hESC_C12","C0"
"BC_GAGTGTTAGCGGATCA","hESC_D3","C0"
"BC_GAATAGACAAGTTCGT","hESC_A7","C3"
"BC_CCACTTGTCTGACGCG","hESC_C12","C0"
"BC_TGGGCGTCACTGGAAG","hESC_C9","C3"
"BC_TCGCAGGCAACAGAGC","hESC_C9","C3"
"BC_GTACAGTTCAGCGCGT","hESC_A7","C0"
"BC_TACACCCGTGGGCTTC","hESC_C9","C3"
"BC_ATCGGATCAGCAGTCC","hESC_C12","C0"
"BC_CCGTAGGTCCTGCCAT","hESC_C9","C3"
"BC_GGATGTTCATACATCG","hESC_C12","C0"
"BC_TCTGCCAAGGTCTTTG","hESC_D3","C0"
"BC_CGATGCGAGCGGATCA","hESC_A7","C2"
"BC_TGGGAAGCAACAGATA","hESC_D3","C0"
"BC_GCCAGGTTCTAGAGCT","hESC_A7","C2"
"BC_CCCTCAAGTTACCTGA","hESC_A7","C0"
"BC_TCACTCGGTGGTAACG","hESC_C9","C3"
"BC_GATGACTCACAATGAA","hESC_C9","C0"
"BC_ACAGGGATCGGCTGGT","hESC_C12","C0"
"BC_TTTCCTCGTGAATTAG","hESC_D3","C1"
"BC_ACCGTTCGTTCGAACT","hESC_C12","C3"
"BC_GATAGAAGTAGCGTCC","hESC_A7","C2"
"BC_GACCAATAGTTAACGA","hESC_D3","C0"
"BC_TACCGAATCCGTGGCA","hESC_D3","C0"
"BC_CGTCCATGTATAGCTC","hESC_C12","C0"
"BC_CTTGAGAAGATGACAT","hESC_A7","C3"
"BC_AGGTTACGTCGCATCG","hESC_C9","C0"
"BC_TTCCAATCAGGATCTT","hESC_C9","C2"
"BC_AGTGATCCAGAGTAAT","hESC_C9","C3"
"BC_GACTGATAGGGCTGAT","hESC_D3","C0"
"BC_GGGCTACAGTGTAGAT","hESC_C9","C0"
"BC_GCGATCGTCTAACACG","hESC_C9","C2"
"BC_TTGTTGTAGTTCTACG","hESC_A7","C0"
"BC_GGACGTCTCGTGCATA","hESC_D3","C1"
"BC_ACCTGTCGTGTAACGG","hESC_C9","C0"
"BC_CTCCCTCCAGCTATAC","hESC_A7","C3"
"BC_ACCCTTGAGAGCTGCA","hESC_C9","C0"
"BC_CTAACCCGTATTTCCT","hESC_D3","C3"
"BC_CTCAGGGGTGTTGAGG","hESC_D3","C0"
"BC_TTCCTCTGTCACTAGT","hESC_D3","C0"
"BC_TTCGCTGAGGAGTATT","hESC_D3","C0"
"BC_ACTCCCACACCAGCGT","hESC_C9","C0"
"BC_TCATTTGTCGTAGTCA","hESC_A7","C0"
"BC_CATCGGGAGCTAAACA","hESC_C9","C0"
"BC_TTGGATGTCTCTTCAA","hESC_A7","C2"
"BC_TGACAGTTCTCGACGG","hESC_A7","C0"
"BC_ACCCAAACATTGGGAG","hESC_C9","C0"
"BC_CAGGCCAAGTTCATCG","hESC_C12","C0"
"BC_GATTTCTTCCACCTCA","hESC_D3","C3"
"BC_ACCCTCAAGAGTCCGA","hESC_D3","C0"
"BC_CAGCGTGTCAAACGAA","hESC_D3","C2"
"BC_TAATTCCAGAGCCATG","hESC_A7","C0"
"BC_ACCAAACTCACCCTTG","hESC_C12","C2"
"BC_GGTGGCTAGAGTGTGC","hESC_C9","C0"
"BC_TTGCATTCACAAATCC","hESC_C9","C0"
"BC_AATTTCCCACTCCGAG","hESC_D3","C0"
"BC_TCGGGTGCAGCACCCA","hESC_C9","C0"
"BC_CATACTTGTAAGTAGT","hESC_D3","C0"
"BC_AGACAGGCAAATCGGG","hESC_C12","C0"
"BC_GACGTTAAGGGAGGTG","hESC_A7","C0"
"BC_ATCGGATAGGAGCAAA","hESC_A7","C3"
"BC_TGAGTCAAGGTAATCA","hESC_C9","C3"
"BC_GTTATGGCAAGAGTTA","hESC_C9","C1"
"BC_AGATAGATCGTAGCCG","hESC_C12","C0"
"BC_CTGCCATGTCAGATTC","hESC_A7","C0"
"BC_CTCAGGGGTGAATAAC","hESC_D3","C0"
"BC_CTAACCCGTCAACACT","hESC_C9","C0"
"BC_GTTACAGGTTGAATCC","hESC_C12","C0"
"BC_GCGGATCAGTGATGGC","hESC_C12","C2"
"BC_TCTAACTGTTATGACC","hESC_C9","C3"
"BC_ATGACCATCACCCATC","hESC_D3","C0"
"BC_GCTTTCGGTGTAACGG","hESC_A7","C0"
"BC_TCATGAGGTGCTGCAC","hESC_C12","C2"
"BC_TCGGTCTGTGCCCTTT","hESC_C12","C2"
"BC_AGGGCTCAGTTGTAGA","hESC_C9","C3"
"BC_AGATAGAGTTCTCGTC","hESC_A7","C1"
"BC_GTAGATCAGCCAAGGT","hESC_C12","C0"
"BC_AACCTGAGTCGATGCC","hESC_C9","C2"
"BC_CGGAGAATCAGACTGT","hESC_A7","C3"
"BC_ATAGACCTCCCTTGTG","hESC_C12","C3"
"BC_GATGGAGAGGGCCAAT","hESC_D3","C0"
"BC_CACAGATGTGGGACAT","hESC_A7","C1"
"BC_AAGTCGTAGTGGGAAA","hESC_A7","C3"
"BC_TACCGAAGTCATCGGC","hESC_C9","C0"
"BC_CACTGAAGTAATGATG","hESC_C12","C3"
"BC_CCACGTTAGTTGGAGC","hESC_D3","C0"
"BC_GGAGCAAGTCAGGAGT","hESC_A7","C0"
"BC_AATAGAGTCTGAGAAA","hESC_C9","C0"
"BC_TCATACTAGAGTCTGG","hESC_A7","C1"
"BC_AAAGGATTCTGAATCG","hESC_D3","C0"
"BC_TGTCCCAGTCCACTCT","hESC_D3","C1"
"BC_TCGAACATCATTTGTC","hESC_A7","C0"
"BC_AATTTCCCACCAACAT","hESC_C12","C3"
"BC_AGCGCCACAATACCTG","hESC_C9","C2"
"BC_AAACCCACATGTGCTA","hESC_C12","C3"
"BC_CAGAGCCGTATCGCTA","hESC_C9","C0"
"BC_TCAAGACAGCGAATGC","hESC_D3","C3"
"BC_CATCCGTCAGAGAGGG","hESC_D3","C0"
"BC_CCTCTAGAGGGCCAAT","hESC_D3","C0"
"BC_TTGACCCAGCTAAACA","hESC_C9","C3"
"BC_AGATCGTTCTGGCCGA","hESC_D3","C1"
"BC_TTAATCCCAATAAGGT","hESC_A7","C1"
"BC_GTTTACTGTACAACGG","hESC_A7","C0"
"BC_ACATCGATCGCCCAGA","hESC_D3","C0"
"BC_CTACTATGTATTCCGA","hESC_A7","C3"
"BC_GTGGAGACAGTTAGGG","hESC_A7","C0"
"BC_TGTCCTGTCGTGGAAG","hESC_D3","C3"
"BC_TGGGATTAGGCAGCTA","hESC_D3","C0"
"BC_GATCACAGTGGATGAC","hESC_D3","C2"
"BC_CTTAGGAGTGGCTGCT","hESC_A7","C0"
"BC_GTCGTTCTCGACATAC","hESC_C9","C0"
"BC_GATGCTAAGCCTGAGA","hESC_D3","C0"
"BC_AACAAGAGTAGTTAGA","hESC_C12","C1"
"BC_CGGAATTTCATCGGGC","hESC_A7","C0"
"BC_GCTTCACGTATTGAGA","hESC_D3","C0"
"BC_GATGGAGAGAAGCGGG","hESC_A7","C3"
"BC_CACGTTCCAGCATCTA","hESC_D3","C3"
"BC_GATGAGGAGATTGTGA","hESC_C9","C0"
"BC_TGAATGCCACATCCCT","hESC_C9","C3"
"BC_GTAGGAGAGACATAAC","hESC_C9","C3"
"BC_GGGCCATCAGATCCAT","hESC_A7","C3"
"BC_AACAAAGTCGCTTTAT","hESC_A7","C0"
"BC_CAGGTATCATCCGATA","hESC_A7","C3"
"BC_GGGTCTGGTGCTCTTC","hESC_C9","C0"
"BC_ATGGTTGCAGGTGTTT","hESC_D3","C0"
"BC_GTCATCCTCGAGAAAT","hESC_A7","C1"
"BC_AGTGATCTCCACTAGA","hESC_A7","C3"
"BC_CGCAGGTTCCAACTAG","hESC_D3","C0"
"BC_ACGGGTCCAGCGGTCT","hESC_C9","C0"
"BC_AGGGCTCAGACATGCG","hESC_C9","C3"
"BC_ATTTCTGTCGGTGTTA","hESC_A7","C0"
"BC_TCACACCGTAGGTGCA","hESC_D3","C0"
"BC_TCGTGCTGTCCAGCAC","hESC_C9","C0"
"BC_AGAGAGCCACACTTAG","hESC_C9","C0"
"BC_ACGGTTAGTACGGGAT","hESC_A7","C3"
"BC_GTTGTAGTCACCTCGT","hESC_C12","C0"
"BC_GCGAGAAGTTAGCGGA","hESC_A7","C3"
"BC_ATCTTCACAGATGCGA","hESC_D3","C2"
"BC_CAGTTCCTCGTGTTCC","hESC_C9","C0"
"BC_TGATGGTTCCTGTACC","hESC_C12","C0"
"BC_GAGAAATTCTTACACT","hESC_D3","C0"
"BC_AGACTCAAGAGTTGTA","hESC_C9","C0"
"BC_CAACAACAGCAGTAAT","hESC_D3","C3"
"BC_CGAGTTACAGCAGTTT","hESC_D3","C0"
"BC_TGGAGAGCATTGGATC","hESC_C9","C3"
"BC_CTCAGAAAGGAGGTTC","hESC_D3","C2"
"BC_CTCAATTAGAAGATCT","hESC_D3","C1"
"BC_GCCAGTGAGATGTTGA","hESC_C9","C0"
"BC_CTAAGTGAGAGAGGGC","hESC_D3","C0"
"BC_CTAACCCCAGTGTACT","hESC_D3","C0"
"BC_TGGTTAGGTACCCAGC","hESC_D3","C0"
"BC_TCCTCGATCGTCACCT","hESC_A7","C1"
"BC_ATTCTACTCCTTCTTC","hESC_C9","C3"
"BC_TTGACCCGTTGGGATG","hESC_D3","C0"
"BC_TCAGTGAGTTGACTGT","hESC_A7","C0"
"BC_CAAGAGGAGATGGTAT","hESC_C12","C2"
"BC_GGAGCAATCGGATACT","hESC_D3","C0"
"BC_GGGCGTTCAGTTAAAG","hESC_D3","C0"
"BC_ACGGGTCTCTCGACGG","hESC_A7","C0"
"BC_GCGTTTCTCGTGGTAT","hESC_A7","C0"
"BC_CCATAAGTCCTACCGT","hESC_C12","C2"
"BC_TTGGGTAAGCCTGACC","hESC_A7","C3"
"BC_GCATCTCCACGGGCTT","hESC_C12","C0"
"BC_GACTTCCGTATCGTGT","hESC_C9","C0"
"BC_TGACGCGCAGTGTGGA","hESC_C12","C3"
"BC_TCTTGCGCACTGCACG","hESC_A7","C3"
"BC_TTTAGTCCATGCGGTC","hESC_D3","C0"
"BC_TCCTCCCAGATTGGGC","hESC_C12","C3"
"BC_GGGTATTCATAATCCG","hESC_C9","C0"
"BC_CAGTTAGCAGAATTCC","hESC_A7","C3"
"BC_GGAACCCGTTCTCCTG","hESC_D3","C2"
"BC_TTCACGCTCCGGCAAC","hESC_C12","C3"
"BC_GGCTTGGCACGCTATA","hESC_A7","C2"
"BC_TGGTACATCACTCACC","hESC_A7","C3"
"BC_CTAGACACAAGAGTAT","hESC_C9","C1"
"BC_CGAGGAACATAGTCGT","hESC_D3","C0"
"BC_TTCCTAACAATAGGGC","hESC_D3","C0"
"BC_TCATATCGTTCGGCCA","hESC_A7","C3"
"BC_CCTGTTGAGGAACGCT","hESC_A7","C3"
"BC_TTTACTGTCATCCTAT","hESC_C12","C0"
"BC_AGACCATCAGCCTTCT","hESC_D3","C4"
"BC_TTGCTGCAGCCAACCC","hESC_A7","C0"
"BC_GCATCGGGTCTGTAGT","hESC_C12","C0"
"BC_AGCGTATGTTGAGAGC","hESC_C12","C0"
"BC_AGACTCAGTACAGGTG","hESC_A7","C0"
"BC_AAACCCACACACCAGC","hESC_C12","C3"
"BC_TCCTCCCAGGATGGCT","hESC_C9","C0"
"BC_AATTCCTTCATAGACC","hESC_C9","C0"
"BC_TACATTCTCGCCTATC","hESC_C9","C3"
"BC_TAATTCCTCACCGGGT","hESC_C9","C0"
"BC_AAGTCGTTCTCCATAT","hESC_C9","C0"
"BC_TGAGGTTCAGATTCGT","hESC_A7","C0"
"BC_TGTTGGAGTAACAGGC","hESC_C12","C2"
"BC_GATCGTACAAGCTACT","hESC_A7","C0"
"BC_ACGATGTTCAGTGGGA","hESC_C9","C2"
"BC_ACAGCCGTCTATCGCC","hESC_C12","C0"
"BC_AGATAGACATAAGCGG","hESC_A7","C3"
"BC_GCTCAAAGTGGTAACG","hESC_C9","C0"
"BC_CTTCGGTAGTGGTTGG","hESC_C9","C3"
"BC_GAACACTGTTAGAGAT","hESC_C12","C0"
"BC_GGCGTCAAGTACAGCG","hESC_A7","C1"
"BC_AGGTTACTCTTCTAAC","hESC_D3","C0"
"BC_AACCATGGTATCTCGA","hESC_A7","C0"
"BC_GCCTGTTGTCCACATA","hESC_C9","C3"
"BC_CAACCAAAGTCGAAAT","hESC_C9","C0"
"BC_GGAGGATGTTACGCCG","hESC_C9","C0"
"BC_GGTTGTATCGCTCTCA","hESC_C9","C0"
"BC_AAAGTCCGTCCTTTGC","hESC_A7","C3"
"BC_TAATTCCCACTCTAGA","hESC_C9","C3"
"BC_CACAGGCCATCCTTGC","hESC_D3","C0"
"BC_CTTTCGGGTTCCACGG","hESC_A7","C2"
"BC_GAAGCCCTCTCTCTTC","hESC_A7","C2"
"BC_TATCCTAGTATCAGCT","hESC_C9","C0"
"BC_AAGAACACAATTCACG","hESC_D3","C0"
"BC_CTGGTCTCATGCACTA","hESC_C9","C0"
"BC_ACCCAAAGTGTGATGG","hESC_C12","C3"
"BC_AGGGCTCGTCACCTTC","hESC_A7","C0"
"BC_TCACGCTGTTGCATGT","hESC_A7","C3"
"BC_CCATAAGGTCTCTCTG","hESC_A7","C3"
"BC_GGAGATGGTTGCTCCT","hESC_D3","C0"
"BC_TTCCACGTCCCTTCCC","hESC_C12","C3"
"BC_AAGTCGTAGCACCTGC","hESC_D3","C0"
"BC_ACCTGAAGTCCTTTGC","hESC_C9","C0"
"BC_TTATTGCAGAACTTCC","hESC_A7","C0"
"BC_GTACAGTTCCGCAAAT","hESC_C9","C0"
"BC_CTTCCGAAGTGCGTCC","hESC_A7","C0"
"BC_CCTCCTCAGGGTGAAA","hESC_C12","C2"
"BC_ACCTGTCTCGTTCTGC","hESC_C9","C3"
"BC_TCACGCTAGACATCCT","hESC_C12","C0"
"BC_ACAACCACATGTCAGT","hESC_D3","C1"
"BC_TGTCCACCAAAGGTTA","hESC_C9","C3"
"BC_TCGGGACTCAGATGCT","hESC_D3","C0"
"BC_CCTTGTGAGGTATTGA","hESC_C12","C0"
"BC_CGTGCTTCATAGACTC","hESC_C9","C3"
"BC_CTCAGGGGTCAAGGCA","hESC_C9","C0"
"BC_ATCTTCATCTAGCAAC","hESC_A7","C3"
"BC_GGAGATGTCTCTCGAC","hESC_C9","C2"
"BC_TACAACGAGCCTAGGA","hESC_A7","C2"
"BC_TGGAGAGCACCAGCGT","hESC_A7","C0"
"BC_TTTACGTTCAAGTCTG","hESC_A7","C0"
"BC_CAAGACTCAAACTAAG","hESC_C12","C2"
"BC_CCCTCAAGTACCGCGT","hESC_C9","C0"
"BC_TCTTCCTTCCGACATA","hESC_D3","C0"
"BC_AGGGAGTAGACGTCGA","hESC_A7","C2"
"BC_CGGAACCGTGAGTTTC","hESC_C9","C0"
"BC_TTGTTGTTCTTAATCC","hESC_C9","C3"
"BC_GGCTTTCCAACTGCTA","hESC_C9","C0"
"BC_CAACGATCACCCAAGC","hESC_D3","C0"
"BC_GGGACTCTCTACCACC","hESC_A7","C2"
"BC_CTGCCATTCGGCCCAA","hESC_A7","C3"
"BC_TTACTGTCATGACGTT","hESC_A7","C3"
"BC_ACTTCGCAGGTAAGTT","hESC_A7","C3"
"BC_CAAGGGACAAATGAGT","hESC_C12","C2"
"BC_CCTCCTCAGCCTGCCA","hESC_A7","C3"
"BC_TCGTCCAGTGTTGACT","hESC_D3","C1"
"BC_GTTCATTTCGAGAACG","hESC_A7","C1"
"BC_CAGGCCACAACTCCAA","hESC_D3","C2"
"BC_AACAGGGCAAAGCGTG","hESC_C9","C2"
"BC_TGGAACTGTGTGTGTT","hESC_D3","C0"
"BC_TGAATCGCAGAAACCG","hESC_D3","C0"
"BC_TGACGCGGTGCAACGA","hESC_D3","C0"
"BC_TGTGAGTCAACTCCCT","hESC_C12","C3"
"BC_ACTTATCAGACCATGG","hESC_A7","C3"
"BC_ATCATTCAGGAAAGAC","hESC_D3","C0"
"BC_TCCAGAACAACTTCTT","hESC_A7","C0"
"BC_GAGGCAAGTCCAGTTA","hESC_C9","C2"
"BC_TACTTGTAGCTAATGA","hESC_C12","C0"
"BC_TCATATCGTACACGTT","hESC_A7","C0"
"BC_GCGTTTCCAACACACT","hESC_A7","C3"
"BC_TGAGGTTCATGGAAGC","hESC_A7","C3"
"BC_AAAGAACTCTACCAGA","hESC_C9","C0"
"BC_CAACAACTCCACACAA","hESC_C9","C3"
"BC_CCCTTAGGTGGACCTC","hESC_C9","C3"
"BC_GCTGAATTCCCGTGAG","hESC_C12","C0"
"BC_TTTACTGTCTCGACGG","hESC_A7","C0"
"BC_TGGATGTCACGAAGAC","hESC_C9","C0"
"BC_TGACCCTTCATCTGTT","hESC_D3","C1"
"BC_AATCGTGCAGTATACC","hESC_C9","C2"
"BC_ACTGATGCATTCTCCG","hESC_D3","C0"
"BC_CTGCCTAGTAAGATCA","hESC_A7","C0"
"BC_GAACACTTCTGCCTGT","hESC_C12","C0"
"BC_GGTGGCTTCTGCGGGT","hESC_C9","C0"
"BC_AGGGCCTCAAGGCCTC","hESC_C9","C0"
"BC_TCACAAGCAGTTTCGA","hESC_D3","C0"
"BC_TGTCCTGAGCTGGCTC","hESC_C9","C0"
"BC_GCCTGTTGTAGACACG","hESC_C9","C0"
"BC_TTGTTCAGTTTCGATG","hESC_A7","C0"
"BC_CATGCAAGTAGTCGGA","hESC_A7","C0"
"BC_GTGCACGCATCTCATT","hESC_D3","C2"
"BC_TCTATACAGTGACCTT","hESC_C12","C3"
"BC_GCTTTCGAGATGCTGG","hESC_A7","C3"
"BC_CGTGATAGTTCTCCTG","hESC_A7","C2"
"BC_ATCTTCACAAGAAACT","hESC_D3","C0"
"BC_CCTCACAGTCCATCTC","hESC_A7","C0"
"BC_GAGTGTTTCAGTGTGT","hESC_D3","C3"
"BC_CGAGTTAGTCACTGAT","hESC_C9","C0"
"BC_AGTGCCGTCAGCTTGA","hESC_D3","C0"
"BC_TCCATGCTCGGTGAAG","hESC_C9","C0"
"BC_GTGTAACCAACTGCTA","hESC_C12","C1"
"BC_GACAGCCCAATCGCAT","hESC_D3","C3"
"BC_CGATGGCTCTCCTACG","hESC_C9","C3"
"BC_CACGGGTCACATTGTG","hESC_A7","C0"
"BC_CCGTTCAAGGACGCAT","hESC_A7","C0"
"BC_GTCATCCCAAACTCGT","hESC_C9","C3"
"BC_CCCTCAACAGTCCGTG","hESC_A7","C0"
"BC_AATGGAATCCTTATGT","hESC_A7","C0"
"BC_GGGACAATCAAGAGTA","hESC_A7","C0"
"BC_GCACTAAAGGGACACT","hESC_C12","C2"
"BC_GAGGCCTGTAGCGTCC","hESC_A7","C2"
"BC_TATCTTGGTGAGATTA","hESC_C12","C0"
"BC_GTGATGTCAGAACGCA","hESC_C12","C0"
"BC_CCGGTAGGTTCCGCTT","hESC_C9","C3"
"BC_CAATGACAGTGGTGAC","hESC_C12","C0"
"BC_TGGGATTGTTCTATCT","hESC_C9","C3"
"BC_AGGCTGCCACGCAAAG","hESC_A7","C0"
"BC_CTGTCGTGTGCCCAGT","hESC_C12","C3"
"BC_CATGAGTGTTGGAGGT","hESC_C9","C0"
"BC_AGGTAGGTCAAGAGTA","hESC_C9","C2"
"BC_ACCTACCAGCAGTACG","hESC_A7","C0"
"BC_CTCTCGAAGTTGTAAG","hESC_C9","C0"
"BC_GGGTGAAGTCATACCA","hESC_D3","C0"
"BC_CTACAGATCGGAGCAA","hESC_C9","C0"
"BC_ACTTAGGCACGGATCC","hESC_A7","C0"
"BC_TGTGTGAAGCCTGGAA","hESC_C12","C0"
"BC_GAGAGGTTCTTCTAAC","hESC_C9","C0"
"BC_AGCTTCCCACCACATA","hESC_A7","C0"
"BC_TGTGAGTCATGACTAC","hESC_A7","C1"
"BC_GCATTAGAGATGACCG","hESC_D3","C2"
"BC_AGATGAATCGACCAAT","hESC_A7","C0"
"BC_CAAGGGAGTTAACAGA","hESC_A7","C0"
"BC_TCGTGGGAGTCCTGTA","hESC_A7","C0"
"BC_TCACATTAGGTAGTCG","hESC_C9","C0"
"BC_AAGACTCAGTAAGACT","hESC_D3","C0"
"BC_AGGGCCTCAAACTAAG","hESC_C9","C0"
"BC_GAGGCCTTCGCGTAGC","hESC_A7","C0"
"BC_GGGTCACGTCCAACGC","hESC_D3","C0"
"BC_ACCAACATCTCAACCC","hESC_D3","C3"
"BC_AATGCCAAGGCTCACC","hESC_C9","C0"
"BC_GCGAGAATCCCTATTA","hESC_D3","C3"
"BC_ACATCGACACTTTATC","hESC_D3","C1"
"BC_ATTCCATGTCCGGACT","hESC_C9","C0"
"BC_TACTTGTCAGATCCAT","hESC_C9","C2"
"BC_ACCCTCACAAGCGCTC","hESC_A7","C3"
"BC_TTCTGTATCTATGTGG","hESC_C9","C0"
"BC_GAAGCGATCTACCACC","hESC_C9","C3"
"BC_GAAGTAACAATACAGA","hESC_A7","C3"
"BC_GCCGATGTCCACAGGC","hESC_D3","C0"
"BC_TTCCTTCCAACCAATC","hESC_C9","C3"
"BC_GTGAGGAGTAACTAAG","hESC_C9","C0"
"BC_GATGACTCATGAGGGT","hESC_A7","C2"
"BC_CATGCCTTCCACGTAA","hESC_D3","C0"
"BC_AGGCATTAGAGGCGTT","hESC_C9","C0"
"BC_AGACCATCAATCTCGA","hESC_D3","C3"
"BC_GTGATGTGTGTTTCTT","hESC_D3","C0"
"BC_TACCTCGTCCGCAGTG","hESC_A7","C3"
"BC_GGGCGTTGTGGACTGA","hESC_C9","C0"
"BC_CGGAATTTCATGGTAC","hESC_C12","C0"
"BC_CAGATCAGTGACCTGC","hESC_C12","C0"
"BC_TGTTTGTGTGGAAATT","hESC_C9","C0"
"BC_CGAGTGCCACGTTCGG","hESC_C12","C0"
"BC_CATGCGGGTCTGTAGT","hESC_C9","C0"
"BC_ATCTTCAAGTCTAGCT","hESC_C12","C0"
"BC_ACACAGTAGAATACAC","hESC_C12","C0"
"BC_GCCATTCGTCCAAATC","hESC_D3","C3"
"BC_TACTTCACAGACCCGT","hESC_A7","C0"
"BC_TTCCACGGTGTCCTAA","hESC_A7","C3"
"BC_AGCGATTGTCACATTG","hESC_C12","C3"
"BC_GCGAGAACAATTGAAG","hESC_C12","C0"
"BC_GTCATCCGTCACCACG","hESC_C12","C0"
"BC_AGCCAATGTATCTCGA","hESC_A7","C0"
"BC_AGGATCTTCCTAGCCT","hESC_C12","C3"
"BC_CGAGGAACATACCGTA","hESC_C9","C0"
"BC_TCTATCAGTTATTCCT","hESC_C12","C0"
"BC_AATGGCTGTGATTAGA","hESC_D3","C1"
"BC_GAGCTGCGTGGGTTGA","hESC_D3","C3"
"BC_CATAGACTCTGCTGAA","hESC_C9","C0"
"BC_TCCGAAATCCATCTGC","hESC_C9","C3"
"BC_TACGCTCTCCGCGAGT","hESC_C12","C3"
"BC_CATTGAGCAGGGTTGA","hESC_C12","C3"
"BC_CACTAAGCATTCCTAT","hESC_D3","C0"
"BC_TTCATTGCAAAGGCTG","hESC_A7","C3"
"BC_AGACCATGTTCCACGG","hESC_C9","C0"
"BC_TGATCAGAGCACTGGA","hESC_D3","C0"
"BC_TCAATCTCACCCTTGT","hESC_D3","C0"
"BC_GCATCTCCATCTCCCA","hESC_D3","C3"
"BC_TCCACGTGTTATAGAG","hESC_A7","C0"
"BC_CTTCGGTGTTTAGACC","hESC_A7","C0"
"BC_ATTTACCGTTCGTAAC","hESC_A7","C0"
"BC_CATGAGTCATTGGGAG","hESC_C9","C2"
"BC_GCATTAGCACTGAATC","hESC_D3","C0"
"BC_GTCCCATCACTTGGCG","hESC_C9","C0"
"BC_GTGCGTGAGACGACGT","hESC_A7","C0"
"BC_CAATCGAGTCCGGTGT","hESC_C9","C0"
"BC_TTGGATGAGCCAGAGT","hESC_D3","C0"
"BC_CTGAGGCCATAACCCA","hESC_C9","C3"
"BC_GGGTGAAAGGGCCAAT","hESC_C9","C0"
"BC_CTTCGGTCACTTGTCC","hESC_D3","C0"
"BC_CTCCATGGTGGTGATG","hESC_C12","C2"
"BC_TGTAGACGTACCCGCA","hESC_A7","C0"
"BC_GGGTGAATCAATCTCT","hESC_D3","C0"
"BC_ACAGGGAAGACCAAGC","hESC_C9","C0"
"BC_GATCCCTGTAGCTGAG","hESC_A7","C0"
"BC_GACTGATTCCATCTGC","hESC_C9","C0"
"BC_AGTAGCTGTGCATACT","hESC_D3","C0"
"BC_GGATGTTGTACGACTT","hESC_C9","C0"
"BC_GTGTCCTCATATCTCT","hESC_A7","C1"
"BC_GGGCGTTGTCTTGTCC","hESC_D3","C0"
"BC_GGGCTCAAGCTAAGTA","hESC_A7","C0"
"BC_TGTCCCAAGTGCTCGC","hESC_C9","C0"
"BC_TCTCTGGAGTCACGCC","hESC_D3","C0"
"BC_ACAACCATCCATTTAC","hESC_D3","C0"
"BC_ATAGAGAGTTTGGAGG","hESC_D3","C2"
"BC_ATGCGATGTAACTTCG","hESC_A7","C0"
"BC_GTTGTGATCAGGAACG","hESC_C9","C3"
"BC_TATCAGGAGTTTGCTG","hESC_C9","C0"
"BC_TGTGTGAGTACTGCCG","hESC_C12","C2"
"BC_AAAGTGATCGACACTA","hESC_A7","C0"
"BC_TCCTCCCTCCTACCAC","hESC_C9","C3"
"BC_AACAGGGTCCTACACC","hESC_D3","C0"
"BC_TCACGGGGTTCACCGG","hESC_D3","C0"
"BC_GTTGTGAGTAACCAGG","hESC_A7","C0"
"BC_AGTGACTAGAAGCCAC","hESC_A7","C3"
"BC_GTATTTCGTCAACATC","hESC_D3","C2"
"BC_CCACCATCATGAAGCG","hESC_A7","C3"
"BC_TAAGCCACAAGCTGTT","hESC_A7","C1"
"BC_CACTGAAAGAGCGACT","hESC_A7","C0"
"BC_GGCTGTGCATGGTGGA","hESC_C12","C1"
"BC_CTCCATGCAGCATGCC","hESC_A7","C0"
"BC_AACCCAATCCTACGAA","hESC_A7","C2"
"BC_GGTAATCGTATCCCTC","hESC_C9","C3"
"BC_AGCCAATCACATCATG","hESC_D3","C0"
"BC_GGCTTTCAGGGTCACA","hESC_A7","C1"
"BC_CTCCTCCCAAGGTCGA","hESC_D3","C0"
"BC_GCTACAATCTGGAGAG","hESC_A7","C0"
"BC_TAGACTGTCGTAACCA","hESC_A7","C0"
"BC_GAACTGTTCTAATTCC","hESC_C12","C2"
"BC_CTCCTCCAGACGCCCT","hESC_C12","C2"
"BC_TGAGACTAGGAGGCAG","hESC_A7","C0"
"BC_AGTCATGTCTGTCCCA","hESC_A7","C1"
"BC_GGTTCTCAGATTGATG","hESC_D3","C0"
"BC_TGTGATGCACATACGT","hESC_D3","C0"
"BC_ATCCGTCAGCCGATTT","hESC_C12","C0"
"BC_TTCTAACAGTCGCTAT","hESC_C12","C0"
"BC_TATTGCTAGCCTGTCG","hESC_A7","C3"
"BC_GACTATGAGTCACTGT","hESC_A7","C0"
"BC_CTGGTCTCAGCCCACA","hESC_C9","C3"
"BC_TGGGATTGTACTCCCT","hESC_D3","C1"
"BC_TTCAGGATCTCACCCA","hESC_C9","C3"
"BC_CCATCACCATAACCCA","hESC_C9","C0"
"BC_ACTCCCATCCTCACCA","hESC_C9","C0"
"BC_AGATCGTCAATGGGTG","hESC_D3","C0"
"BC_GTGATGTGTTCGGCCA","hESC_C9","C0"
"BC_AGACACTAGGTCACCC","hESC_A7","C3"
"BC_GGTCTGGGTTACCTGA","hESC_D3","C0"
"BC_GATGAGGCACCCAAGC","hESC_C12","C0"
"BC_CGATCGGGTGCGAACA","hESC_A7","C1"
"BC_TAGCACATCCATTGCC","hESC_D3","C0"
"BC_ACTGATGCACCAGCGT","hESC_A7","C2"
"BC_GTGAGGAAGCGACATG","hESC_C9","C0"
"BC_GACTTCCCATCAGTGT","hESC_C12","C0"
"BC_CGTGATAAGATACAGT","hESC_C9","C0"
"BC_GTGGCGTTCTTACGTT","hESC_A7","C0"
"BC_CTGGACGCATAGGTAA","hESC_A7","C3"
"BC_GCCTGTTGTTCCTAAG","hESC_C12","C0"
"BC_AGTACCATCTGCGGCA","hESC_C9","C0"
"BC_CATCAAGGTAACTGCT","hESC_D3","C0"
"BC_TGCGATAGTCATCCCT","hESC_C9","C0"
"BC_GAGTTTGCACGGGCTT","hESC_A7","C0"
"BC_GGGCCATGTTGAGAGC","hESC_A7","C3"
"BC_TCCAGAAAGTGGACGT","hESC_C9","C3"
"BC_AAGCGTTAGTTGTAGA","hESC_A7","C3"
"BC_GCTCAAAAGAATCGTA","hESC_C9","C3"
"BC_GTGGAAGTCAGCTTGA","hESC_C9","C0"
"BC_TATTTCGTCAGTCCGG","hESC_C9","C0"
"BC_GGTGAAGTCCGATAAC","hESC_C12","C0"
"BC_GTTGCTCCAGAATCGG","hESC_D3","C0"
"BC_GTCTGTCCATCCGAAT","hESC_C9","C0"
"BC_ATGAAAGTCGGACTGC","hESC_C12","C0"
"BC_TGTTCCGCAGCAGTGA","hESC_C12","C0"
"BC_AGAAATGAGGAGAGTA","hESC_A7","C0"
"BC_AACGGGATCTCAAAGC","hESC_C9","C0"
"BC_TCGCTCACATCTAGAC","hESC_D3","C0"
"BC_CTCCTTTTCTTGTGCC","hESC_D3","C0"
"BC_ATAGGCTTCGGCTTGG","hESC_C12","C2"
"BC_TGGATCACATGGAACG","hESC_A7","C3"
"BC_TTACCATTCTACCAGA","hESC_C9","C0"
"BC_ACGGAAGGTGCCGTTG","hESC_C9","C0"
"BC_GTCTACCTCGACATCA","hESC_C9","C0"
"BC_TCAGGTAAGTCGAGGT","hESC_A7","C0"
"BC_TGTACAGCAGAGTCTT","hESC_A7","C0"
"BC_TGTTACTGTACGAAAT","hESC_A7","C0"
"BC_TGAATGCTCTGCTGAA","hESC_C12","C3"
"BC_TCGCACTTCAACTGAC","hESC_C9","C3"
"BC_GGTGAAGCATGAGTAA","hESC_A7","C1"
"BC_TCATCCGGTAGGGAGG","hESC_D3","C0"
"BC_TCTACATAGAGCACTG","hESC_D3","C2"
"BC_ACTCCCATCCTGATAG","hESC_A7","C0"
"BC_AGGCTGCGTCTGTCCT","hESC_C12","C2"
"BC_CCGTAGGTCACTCCGT","hESC_C9","C3"
"BC_ATTGTTCGTCGGCTAC","hESC_C9","C3"
"BC_ACTTATCTCGGACAAG","hESC_C12","C0"
"BC_CTTCTCTTCCCGTAAA","hESC_A7","C0"
"BC_TCGTAGAAGGGATCAC","hESC_A7","C0"
"BC_CCAATGACAAATGCGG","hESC_D3","C0"
"BC_AAACGAATCACCCATC","hESC_C9","C3"
"BC_ATCACTTGTGGCGTAA","hESC_A7","C0"
"BC_CTCTCAGGTGGCGCTT","hESC_C9","C0"
"BC_GCAGCCACATGCCGGT","hESC_A7","C0"
"BC_GAGCTGCGTTATTCTC","hESC_C9","C2"
"BC_TTGCTGCCACCTTCCA","hESC_C9","C3"
"BC_TGCAGATGTGTGGTCC","hESC_C9","C2"
"BC_GACGCTGCAGTAGATA","hESC_D3","C3"
"BC_TACGCTCAGCACACCC","hESC_C12","C3"
"BC_GGAACCCTCTGCGAGC","hESC_C12","C2"
"BC_TCGGATATCTCCCATG","hESC_C9","C0"
"BC_GCCCAGAAGCTCCATA","hESC_D3","C2"
"BC_TCGCAGGGTAGTAAGT","hESC_C9","C0"
"BC_TCAGTCCAGGCGCTCT","hESC_C9","C0"
"BC_AGCGCTGGTCAACCAT","hESC_D3","C0"
"BC_CCTCTCCTCGAGTTGT","hESC_D3","C0"
"BC_TGTCAGAGTATCGTTG","hESC_C9","C0"
"BC_TTCCTCTAGACATAAC","hESC_C12","C0"
"BC_CTGCAGGCATGATAGA","hESC_D3","C0"
"BC_ATGTCCCTCCTTATCA","hESC_A7","C3"
"BC_ACGTTCCCAACTCCCT","hESC_C9","C0"
"BC_GTCGTAACACTAACCA","hESC_D3","C0"
"BC_CATACAGCAGGCGAAT","hESC_C9","C0"
"BC_CTCTCGACAAAGAACT","hESC_D3","C0"
"BC_GCCGATGGTTTCCCAC","hESC_C9","C0"
"BC_GTAATCGAGTTAGAAC","hESC_D3","C0"
"BC_ATCACAGGTCCCTGAG","hESC_C9","C0"
"BC_GATGGAGAGGAAAGAC","hESC_C9","C0"
"BC_TCATGAGGTGGTGATG","hESC_C12","C2"
"BC_AGGGTGAAGCCGGATA","hESC_A7","C0"
"BC_TAAGCCAAGCATGATA","hESC_C12","C0"
"BC_GCATGATAGATTGTGA","hESC_C12","C0"
"BC_TAGATCGAGTATAGGT","hESC_C9","C3"
"BC_TTCTGTAGTACCTAAC","hESC_C9","C3"
"BC_GTGGCGTCAGCTGTAT","hESC_C12","C0"
"BC_AGGTTGTCATGGGCAA","hESC_C9","C0"
"BC_GGGTTATCATCGGAAG","hESC_A7","C0"
"BC_GTTGTGACACATTCGA","hESC_D3","C0"
"BC_GGGTTATTCATAGACC","hESC_D3","C0"
"BC_CCTCAACTCAGCTTCC","hESC_D3","C3"
"BC_TTCTAGTGTATGCGGA","hESC_D3","C0"
"BC_TAGGAGGCACCAGTTA","hESC_A7","C2"
"BC_CAGCAATCAAGGTCTT","hESC_A7","C3"
"BC_CCTAACCGTCCGGATC","hESC_A7","C0"
"BC_TTCTAACAGCTACGTT","hESC_A7","C3"
"BC_GTAGAAAAGTGAGGTC","hESC_C9","C0"
"BC_ATAGACCTCACACGAT","hESC_A7","C3"
"BC_ACTGATGGTTCAAGGG","hESC_C9","C0"
"BC_CGTAGTACAAAGGTTA","hESC_D3","C2"
"BC_GCGATCGTCCGAGTGC","hESC_A7","C0"
"BC_ATCGGCGAGGATCACG","hESC_A7","C2"
"BC_GCCGATGTCGCTGCGA","hESC_C9","C0"
"BC_TGGAGAGCACCATAAC","hESC_C9","C0"
"BC_TCATGCCAGACACACG","hESC_C9","C0"
"BC_CCATCACTCTTCCACG","hESC_A7","C3"
"BC_TACGCTCCATACTGAC","hESC_C9","C3"
"BC_TTCAGGAGTGAATAAC","hESC_D3","C0"
"BC_ATTCATCCAATTGAGA","hESC_C12","C2"
"BC_GGTGTCGCAGCCTATA","hESC_A7","C0"
"BC_CCTAACCAGTACCATC","hESC_A7","C3"
"BC_GGGATGACAAGACGGT","hESC_D3","C0"
"BC_GTGAGTTAGTCTACCA","hESC_D3","C1"
"BC_AGTAGTCCACAGAAGC","hESC_A7","C3"
"BC_TTTCATGGTCTACATG","hESC_A7","C0"
"BC_AAATGGAGTTCCTTGC","hESC_C9","C3"
"BC_TGCGACGGTATCGTTG","hESC_C9","C0"
"BC_GTCTACCTCTTACCAT","hESC_D3","C0"
"BC_CCCTGATAGGCTCTCG","hESC_A7","C0"
"BC_CATACCCGTCGGCCTA","hESC_D3","C0"
"BC_GGGTATTGTATGCTTG","hESC_D3","C0"
"BC_CACGTTCCAAATGGTA","hESC_A7","C3"
"BC_CAACGGCCATCGATAC","hESC_A7","C0"
"BC_GTGCGTGGTTACCTTT","hESC_C12","C3"
"BC_CATGCGGTCGAGGCAA","hESC_A7","C3"
"BC_CATGGATTCGAGTGGA","hESC_C12","C0"
"BC_ATCGGATAGGTATAGT","hESC_A7","C0"
"BC_ACTCTCGCAAATCCCA","hESC_C9","C0"
"BC_TTCAGGATCGACATAC","hESC_D3","C0"
"BC_ACTCCCAGTGCGTCGT","hESC_C9","C3"
"BC_TCATTCAAGGTAAGTT","hESC_A7","C0"
"BC_AACCTGAGTACACGTT","hESC_C9","C0"
"BC_AGAACAACATAGGTAA","hESC_C9","C3"
"BC_TAGGTTGTCGAAGCAG","hESC_A7","C1"
"BC_GTGGAAGAGTCTCTGA","hESC_D3","C0"
"BC_ATCGTCCGTATGGAGC","hESC_C12","C0"
"BC_TCCTCCCTCTTCCCAG","hESC_C9","C3"
"BC_TATCGCCAGACCAAGC","hESC_C12","C0"
"BC_TACATTCTCATCGCAA","hESC_D3","C2"
"BC_GGCGTCATCGTAACAC","hESC_C12","C0"
"BC_CAAGAGGAGCTAATGA","hESC_D3","C0"
"BC_TGATCAGCACAGCGCT","hESC_C9","C0"
"BC_GTATTTCTCTCAACGA","hESC_C9","C0"
"BC_CGGGACTCACCAAATC","hESC_D3","C2"
"BC_GTGATGTAGATCCCAT","hESC_C9","C0"
"BC_GAACTGTTCGAGATAA","hESC_C9","C3"
"BC_CATTGAGGTAGGCAAC","hESC_D3","C1"
"BC_TCTTAGTGTGTCCATA","hESC_D3","C0"
"BC_AGGGTCCCAATTGGTC","hESC_A7","C0"
"BC_TCATGAGGTATACGGG","hESC_D3","C0"
"BC_AGAGCCCGTTCCGCTT","hESC_A7","C1"
"BC_TATTTCGAGTATGATG","hESC_C9","C2"
"BC_TGTAACGTCTGCTTTA","hESC_D3","C0"
"BC_TGGTGATAGATGCTGG","hESC_A7","C3"
"BC_GACCCAGGTCTCGGGT","hESC_A7","C0"
"BC_ACCCTTGGTGCCGAAA","hESC_C9","C0"
"BC_GGACGTCGTCTCGGAC","hESC_A7","C0"
"BC_TAGGTACCATGGCTAT","hESC_C9","C2"
"BC_AGCTACACACTGTCCT","hESC_A7","C3"
"BC_TTTGGTTGTAGAGCTG","hESC_A7","C0"
"BC_ATCTTCATCCGTAATG","hESC_A7","C3"
"BC_CTGCCATGTGTGTCCG","hESC_C12","C0"
"BC_GATGCTACACTAACGT","hESC_A7","C0"
"BC_ATCGCCTGTCATTCCC","hESC_A7","C3"
"BC_CCAAGCGAGACAACTA","hESC_C12","C3"
"BC_TCGGGTGCATCTCATT","hESC_C9","C0"
"BC_TGTTACTAGGTAGGCT","hESC_C9","C0"
"BC_CGATGCGGTCGTCGGT","hESC_C9","C3"
"BC_GGTTGTATCGGTCGGT","hESC_D3","C0"
"BC_ATGAGTCAGACCTTTG","hESC_D3","C0"
"BC_CGTGCTTAGTTACGGG","hESC_C9","C0"
"BC_TTAATCCGTTGTTTGG","hESC_C9","C0"
"BC_CTCATGCGTCGTTTCC","hESC_D3","C0"
"BC_CAAGCTACAATTTCCT","hESC_A7","C3"
"BC_ATGTCCCTCAGCCTCT","hESC_C9","C3"
"BC_AGAGCCCTCCGACATA","hESC_D3","C0"
"BC_CATCCACCATTCTTCA","hESC_C9","C3"
"BC_CCGGTAGCATCACCAA","hESC_D3","C0"
"BC_GCAGCTGAGTCAGCCC","hESC_A7","C0"
"BC_CATTGCCTCTAGTGTG","hESC_C9","C0"
"BC_CCACACTAGCACGGAT","hESC_C9","C3"
"BC_ATCGCCTAGCCTCCAG","hESC_C9","C0"
"BC_CTGGACGCAGGCTACC","hESC_C12","C0"
"BC_GCCATGGGTGTTACTG","hESC_D3","C0"
"BC_ATGTCTTAGAGGATCC","hESC_A7","C0"
"BC_TACGTCCTCCATAGAC","hESC_C9","C0"
"BC_GTCTCACGTATACCTG","hESC_C9","C3"
"BC_TCCACGTCACAAAGTA","hESC_C9","C0"
"BC_TGAGTCACAACGACAG","hESC_A7","C0"
"BC_TAAGCCAAGACCTCAT","hESC_C9","C3"
"BC_CTGTACCCAGGACTAG","hESC_C9","C3"
"BC_TCGGGCAGTACCGTCG","hESC_A7","C0"
"BC_TACGGGCTCAGGAAGC","hESC_A7","C0"
"BC_CCCTGATTCTCTCGAC","hESC_D3","C0"
"BC_TTCACGCTCACCATCC","hESC_D3","C3"
"BC_CAGTGCGAGTAGAGTT","hESC_A7","C0"
"BC_TGAACGTAGCTGAAAT","hESC_C9","C0"
"BC_CTACGGGTCCATCCGT","hESC_A7","C3"
"BC_ACTTTCAAGCAAGTGC","hESC_C9","C1"
"BC_AAGCGAGCAATTGCAC","hESC_D3","C0"
"BC_GCGTGCACATGGAAGC","hESC_C9","C0"
"BC_TGTCCCAGTCACCGAC","hESC_C12","C0"
"BC_GATTCTTTCGAGCACC","hESC_A7","C3"
"BC_TCTACCGAGTGAGTGC","hESC_C9","C0"
"BC_TTAGGCATCTAGACCA","hESC_A7","C0"
"BC_CTCCCAAGTCTGTCCT","hESC_D3","C0"
"BC_TTGCGTCCAATTAGGA","hESC_D3","C0"
"BC_ACCAACATCCTCTCGA","hESC_C9","C0"
"BC_GAGGGTATCACTACTT","hESC_C12","C3"
"BC_TTGTTTGGTTCAAAGA","hESC_D3","C0"
"BC_GCCCGAAAGCAGAAAG","hESC_C9","C0"
"BC_AAAGTCCAGACCAGAC","hESC_A7","C0"
"BC_CTGTACCTCTCCGTGT","hESC_C12","C2"
"BC_ATTACCTAGGCAGCTA","hESC_A7","C0"
"BC_TTTGTTGCACCAGCTG","hESC_C9","C2"
"BC_GATGAGGCAGTCCCGA","hESC_A7","C0"
"BC_GGAGCAAAGAGGTATT","hESC_A7","C0"
"BC_AGTGCCGCAAAGAACT","hESC_D3","C0"
"BC_TCTGGCTGTTACACAC","hESC_D3","C0"
"BC_CTCCACAAGAACAAGG","hESC_C9","C6"
"BC_TGGAGGAAGAAAGCGA","hESC_D3","C0"
"BC_TCCGTGTCACATTCGA","hESC_C9","C0"
"BC_TGTGATGGTCTACGTA","hESC_A7","C0"
"BC_TCGACGGTCTCCAATT","hESC_C12","C0"
"BC_ATCACTTCACTACAGT","hESC_C9","C0"
"BC_ATTATCCCAGTGACCC","hESC_A7","C3"
"BC_ACTCTCGGTAAGTAGT","hESC_A7","C3"
"BC_ACTATGGAGCCTGTGC","hESC_C12","C0"
"BC_CCACGTTTCCACCTGT","hESC_C9","C0"
"BC_ATTACCTAGATAGCAT","hESC_D3","C1"
"BC_GATAGAAAGGTCCTGC","hESC_C9","C2"
"BC_CGCCATTAGACTGAGC","hESC_A7","C0"
"BC_GACAGCCTCGATAACC","hESC_C12","C0"
"BC_GTCTAGAGTGTCCCTT","hESC_C9","C2"
"BC_TTACAGGGTCCAATCA","hESC_D3","C0"
"BC_ATTCACTGTTGGATCT","hESC_D3","C2"
"BC_TCACTATCACTATCCC","hESC_D3","C0"
"BC_TAGGAGGGTAGTGTGG","hESC_C9","C3"
"BC_CAGATTGAGCATGCAG","hESC_A7","C0"
"BC_ACTATGGGTCGCTGCA","hESC_C12","C0"
"BC_TCCATGCTCCCAAGCG","hESC_C9","C3"
"BC_CTTAGGAAGAGACAAG","hESC_A7","C0"
"BC_TGATCAGTCAGTGCGC","hESC_D3","C0"
"BC_AGATCGTTCTAGACCA","hESC_A7","C3"
"BC_TTGTTTGAGGCCCACT","hESC_C12","C2"
"BC_ACTTTGTAGTCACAGG","hESC_C12","C0"
"BC_TTGCATTCAGTGCCTG","hESC_D3","C1"
"BC_GTAACACAGCCAACCC","hESC_A7","C1"
"BC_TAGAGTCTCCATCAGA","hESC_C9","C3"
"BC_TATCGCCGTTAGGCTT","hESC_C12","C3"
"BC_GGAGAACTCTAGTGAC","hESC_A7","C0"
"BC_TTGGGTACAAAGAACT","hESC_C9","C3"
"BC_GAGCCTGCACTGGACC","hESC_A7","C0"
"BC_CGCGTGATCTCATGCC","hESC_D3","C0"
"BC_AGTTAGCCATCTGGGC","hESC_D3","C0"
"BC_TTCCACGGTCCTTTGC","hESC_C12","C0"
"BC_AGGTTACTCCAGTGTA","hESC_C9","C3"
"BC_GAAGTAAAGCCGATCC","hESC_C12","C3"
"BC_AGGACGATCCGCACTT","hESC_C9","C0"
"BC_AAGGTAATCACGGAGA","hESC_C9","C0"
"BC_ATACTTCCAATGAGCG","hESC_D3","C0"
"BC_TCCTTCTCAGTGACCC","hESC_A7","C3"
"BC_AACCATGAGCAAGCCA","hESC_D3","C0"
"BC_GAGTTGTGTAGGCAGT","hESC_A7","C2"
"BC_TTCACGCCAGCGACAA","hESC_A7","C0"
"BC_AAACGAACAGCTCTGG","hESC_A7","C0"
"BC_TCGACGGAGAGACAAG","hESC_C9","C0"
"BC_AAAGGGCCAGGAATAT","hESC_C9","C2"
"BC_CTGATCCTCGTTACCC","hESC_D3","C0"
"BC_AAAGAACAGAGCCCAA","hESC_C12","C0"
"BC_CATTGAGGTTCAAGGG","hESC_A7","C0"
"BC_CAGTTCCTCCAGCCTT","hESC_C9","C3"
"BC_TCATATCTCCCACAGG","hESC_C9","C3"
"BC_CACTAAGCAATGAGCG","hESC_D3","C1"
"BC_TTGGGATGTAAGTTAG","hESC_C9","C3"
"BC_TACTGCCTCATAGCAC","hESC_C12","C3"
"BC_GATCCCTCATGTTTGG","hESC_C9","C0"
"BC_GAGGGATGTGAATATG","hESC_A7","C3"
"BC_ATCACAGCAGGTATGG","hESC_C12","C3"
"BC_GTCATTTGTACCTGTA","hESC_A7","C2"
"BC_GATGCTATCGCAGTCG","hESC_D3","C0"
"BC_CACACAAAGAACGTGC","hESC_A7","C2"
"BC_CGAGAAGCACCTGTCT","hESC_D3","C0"
"BC_TTAGTCTGTTACCTGA","hESC_A7","C0"
"BC_GTCACTCCAGCTCATA","hESC_D3","C0"
"BC_AATTTCCAGCCTCAAT","hESC_C9","C3"
"BC_ATTCAGGCAAGCGGAT","hESC_D3","C0"
"BC_ACTATCTGTTACTCAG","hESC_A7","C0"
"BC_ACGATGTCAGTCAACT","hESC_C12","C0"
"BC_GGAATCTAGTCTACCA","hESC_C12","C3"
"BC_CTCCATGCAAAGAACT","hESC_D3","C1"
"BC_GATCGTACAGGACATG","hESC_C9","C3"
"BC_TCTCACGTCCGAGATT","hESC_A7","C2"
"BC_TAAGCACCACTTGTCC","hESC_C9","C2"
"BC_TTCCGGTCACCAGCCA","hESC_A7","C3"
"BC_TCCGGGAGTGTAAACA","hESC_C12","C3"
"BC_CTCCACACACTACAGT","hESC_A7","C3"
"BC_CGATGGCGTTATGTGC","hESC_C9","C0"
"BC_TAGGTTGTCAGGACGA","hESC_C9","C0"
"BC_GAAGAATGTACGATGG","hESC_C9","C0"
"BC_GGTAACTGTAGGTTTC","hESC_C9","C3"
"BC_GGGAAGTAGGCAATGC","hESC_D3","C1"
"BC_CGCGTGAGTGTGTACT","hESC_C9","C3"
"BC_CCGTAGGTCGGAAGGT","hESC_D3","C0"
"BC_CAGCAGCGTGTTGACT","hESC_A7","C1"
"BC_TTGATGGTCCCACAGG","hESC_D3","C0"
"BC_CTACTATCAACACAAA","hESC_D3","C3"
"BC_GGTTAACGTTTCGATG","hESC_C9","C3"
"BC_AATGGAAGTCAGTCTA","hESC_C9","C0"
"BC_TTGTTCACACCAACAT","hESC_C9","C0"
"BC_CGGGTCACATAAGATG","hESC_D3","C0"
"BC_GTAAGTCAGATTGAGT","hESC_C12","C0"
"BC_GCTGAATCACAATTCG","hESC_A7","C0"
"BC_TTGGGTATCAGCTCTC","hESC_D3","C2"
"BC_CAGCGTGTCATCTACT","hESC_A7","C3"
"BC_AGTGACTAGAGTGTTA","hESC_D3","C0"
"BC_AATGACCTCGATGCAT","hESC_C9","C3"
"BC_TCATTCAGTCGTGGTC","hESC_D3","C0"
"BC_TGGTAGTCATTGACCA","hESC_A7","C1"
"BC_GATGACTAGCCTCTTC","hESC_A7","C0"
"BC_GTAACCAGTACGGTTT","hESC_D3","C0"
"BC_TACGGGCGTTAAACCC","hESC_C9","C3"
"BC_GTGTTAGGTGCGCTCA","hESC_C12","C0"
"BC_GCAACCGAGGTAAAGG","hESC_C12","C3"
"BC_AGCGCCATCTAACACG","hESC_C9","C3"
"BC_AAGATAGAGCGATTCT","hESC_A7","C0"
"BC_AACCACATCGAGTGAG","hESC_A7","C3"
"BC_TGCAGGCAGCGGTAAC","hESC_D3","C0"
"BC_TCTTGCGAGAGATTCA","hESC_C12","C0"
"BC_CTGATCCTCCTACAAG","hESC_A7","C3"
"BC_TCTGCCAAGTTGTAAG","hESC_C9","C0"
"BC_CTTTCAACAGAGATGC","hESC_D3","C0"
"BC_ATCATTCCAGGTGGAT","hESC_A7","C0"
"BC_CTCACTGAGCCTGTCG","hESC_C9","C0"
"BC_GGTAATCTCCGAGATT","hESC_C12","C3"
"BC_ACCTGTCGTTGGAGAC","hESC_C9","C0"
"BC_GTCATCCTCGCACGAC","hESC_D3","C0"
"BC_TCATTACAGACCTCCG","hESC_C12","C0"
"BC_GAGACTTCACGTACTA","hESC_D3","C0"
"BC_AAAGGGCTCTCTGCTG","hESC_C12","C0"
"BC_TGCATGAAGAGATCGC","hESC_A7","C0"
"BC_TCATTTGCACCAGCTG","hESC_C9","C3"
"BC_TCGAACACAGCGATTT","hESC_C9","C3"
"BC_GCAACATTCTGCGATA","hESC_C12","C0"
"BC_AAATGGACAGCCGTCA","hESC_C12","C3"
"BC_TGCGATACAAGATGTA","hESC_D3","C0"
"BC_GAGGGTAGTCACTCGG","hESC_A7","C0"
"BC_TCTGCCAGTGCTCTTC","hESC_A7","C3"
"BC_CCACTTGCAGGATGAC","hESC_A7","C0"
"BC_CCAATGACAGTGTACT","hESC_A7","C0"
"BC_AAAGAACGTCACTCGG","hESC_C9","C3"
"BC_CTTCGGTCAAGCCCAC","hESC_A7","C0"
"BC_TTCCACGTCGACGCTG","hESC_A7","C3"
"BC_CGTGTCTGTTGCTGAT","hESC_D3","C0"
"BC_ATTCACTTCAGCTCTC","hESC_D3","C1"
"BC_GGAAGTGGTGATGTAA","hESC_C12","C1"
"BC_TGACCCTAGCCTGTGC","hESC_A7","C3"
"BC_GTAATGCAGTCATGGG","hESC_A7","C0"
"BC_GCGAGAATCGCCGAGT","hESC_C9","C0"
"BC_GTCCACTTCCGACAGC","hESC_C9","C0"
"BC_CACTGTCGTAGAGGAA","hESC_D3","C0"
"BC_CGTAGTAAGGAAGAAC","hESC_C9","C0"
"BC_GCAACATCAGACCAAG","hESC_D3","C2"
"BC_AATGAAGAGTAGTGCG","hESC_A7","C0"
"BC_GCGTGCAGTCTGTGGC","hESC_C12","C3"
"BC_TTGCATTGTCTGCGCA","hESC_D3","C0"
"BC_AGCTACAAGTAGGCCA","hESC_C9","C2"
"BC_GTGTCCTCATGTTTGG","hESC_D3","C1"
"BC_AGGACGAGTAACGTTC","hESC_C9","C0"
"BC_CAAGACTGTGCGGATA","hESC_C9","C0"
"BC_CGATGCGGTATCATGC","hESC_C9","C0"
"BC_AGAGCCCTCCGAGTGC","hESC_C12","C3"
"BC_ACAGGGATCACCCTGT","hESC_C12","C0"
"BC_TGTTCATCAACCGTAT","hESC_C9","C0"
"BC_ATTCCCGAGACCGCCT","hESC_C9","C3"
"BC_CAGGCCAAGGATAATC","hESC_A7","C2"
"BC_TTCCACGCACACCTGG","hESC_C9","C3"
"BC_TTGGGTATCTTTGCGC","hESC_C12","C0"
"BC_TGATTTCCACAGTCCG","hESC_C12","C0"
"BC_CTCCTCCTCTTTGATC","hESC_D3","C2"
"BC_CATCGTCAGTCGGCCT","hESC_D3","C2"
"BC_CAGTGCGGTTAACCTG","hESC_A7","C0"
"BC_CCCTGATGTGCATACT","hESC_C9","C3"
"BC_GCGGATCAGCATGAAT","hESC_A7","C1"
"BC_GAGGCAATCAAACGTC","hESC_D3","C3"
"BC_GACTCTCCAAACTCTG","hESC_A7","C2"
"BC_CTCTCGACAATAGTCC","hESC_A7","C3"
"BC_GAGGCAACATCGCCTT","hESC_D3","C3"
"BC_GGGATGACATGTACGT","hESC_C9","C0"
"BC_TGAGTCAGTTGGGTAG","hESC_D3","C0"
"BC_AATGACCTCATGTCTT","hESC_C9","C0"
"BC_TCGAAGTCACGCAAAG","hESC_C9","C0"
"BC_TGACGCGAGCTGGTGA","hESC_A7","C0"
"BC_AACCATGGTCATCACA","hESC_A7","C3"
"BC_CAACAGTGTCTAATCG","hESC_C9","C0"
"BC_ATTCAGGGTTACGTAC","hESC_C9","C0"
"BC_TCGGGACCACTGAGGA","hESC_D3","C0"
"BC_TCACATTTCGCCAACG","hESC_A7","C2"
"BC_AGTTAGCTCGTAGAGG","hESC_C9","C0"
"BC_TAAGCGTAGTGCTAGG","hESC_A7","C3"
"BC_TGCACGGTCACAGTGT","hESC_C12","C3"
"BC_GTAGCTAGTTGCCGAC","hESC_D3","C0"
"BC_GTTCATTCATCCGGCA","hESC_A7","C3"
"BC_TCAGCCTGTAAGGCTG","hESC_D3","C3"
"BC_TCACATTTCTTCGGTC","hESC_A7","C3"
"BC_CATACAGTCGGCATTA","hESC_A7","C0"
"BC_TGTTGAGTCGTACACA","hESC_D3","C0"
"BC_CCCGGAAAGCACACCC","hESC_A7","C3"
"BC_GTTCATTCAACCGCTG","hESC_A7","C3"
"BC_ATTACCTAGATGATTG","hESC_C9","C0"
"BC_CGATGGCCAGTGACCC","hESC_C9","C0"
"BC_ACAAAGATCGCATGAT","hESC_D3","C0"
"BC_ATCACAGGTATGTCTG","hESC_D3","C0"
"BC_TCACTCGGTGAACGGT","hESC_C12","C0"
"BC_TTACCGCTCCTTACCG","hESC_C9","C3"
"BC_ACATCCCCAGGCTTGC","hESC_A7","C0"
"BC_AGACACTCATGCAGGA","hESC_C9","C3"
"BC_TTCCAATAGCATTTCG","hESC_A7","C0"
"BC_TCCGATCTCAAAGACA","hESC_D3","C0"
"BC_TACTGCCCAACGAGGT","hESC_C9","C3"
"BC_CAGCCAGGTAATTAGG","hESC_D3","C0"
"BC_CATTTCATCATGTCAG","hESC_C9","C3"
"BC_CAATACGCATGTGGTT","hESC_C12","C3"
"BC_TCCACCATCCCTCTAG","hESC_D3","C3"
"BC_AGGGTCCAGCGTTACT","hESC_C9","C0"
"BC_GACATCAGTTCTCAGA","hESC_D3","C0"
"BC_GGTCACGAGGCCTAGA","hESC_C12","C0"
"BC_CCGGTAGAGCGGGTAT","hESC_C9","C0"
"BC_CGAAGGAAGATCCGAG","hESC_A7","C0"
"BC_TACTGCCTCACACCCT","hESC_C9","C3"
"BC_TACCTGCCATCCTAAG","hESC_D3","C0"
"BC_TTGAGTGAGTCATGGG","hESC_C9","C0"
"BC_TTTCATGGTTTACCAG","hESC_D3","C0"
"BC_TAAGCCACAACAACAA","hESC_C12","C0"
"BC_TGGTACAGTCCGGACT","hESC_A7","C3"
"BC_TTGTTCATCTAACGCA","hESC_A7","C0"
"BC_CAGATACCAGGCATTT","hESC_C12","C3"
"BC_TAGGTACAGTCGAAAT","hESC_C9","C0"
"BC_ACTTAGGCACTCATAG","hESC_C9","C0"
"BC_AGTCTCCTCCTTACCG","hESC_D3","C0"
"BC_GAAGGACTCAAAGACA","hESC_D3","C0"
"BC_AGGTCATAGTTGTAGA","hESC_D3","C0"
"BC_AGGGTGATCGAGAGCA","hESC_D3","C0"
"BC_GGGTTTAAGCGTGAGT","hESC_D3","C0"
"BC_CGCCATTGTCCTATAG","hESC_D3","C0"
"BC_TCATTCACACAATCTG","hESC_D3","C0"
"BC_TCACTATCATCAGCTA","hESC_A7","C3"
"BC_TGGAACTGTTGTAGCT","hESC_C12","C2"
"BC_AGCTTCCGTGAACCGA","hESC_C9","C0"
"BC_GCACGTGTCTCTCGAC","hESC_C9","C0"
"BC_TCACTCGCAATGTCTG","hESC_A7","C3"
"BC_TGGCGTGCATCTGCGG","hESC_C12","C0"
"BC_CTCCACATCTCACTCG","hESC_A7","C3"
"BC_CACGTTCCATCCGGCA","hESC_C12","C3"
"BC_GACATCATCAAAGAAC","hESC_D3","C2"
"BC_GACAGCCAGCATACTC","hESC_C12","C3"
"BC_CACGGGTGTCCACACG","hESC_D3","C0"
"BC_CCTCAACGTAAGTCAA","hESC_C9","C3"
"BC_ACCAACAGTTGGTACT","hESC_C9","C3"
"BC_ATTCTACTCGTACACA","hESC_C9","C0"
"BC_CTGGTCTGTCACATTG","hESC_A7","C0"
"BC_GGTGAAGTCGGTCGAC","hESC_C9","C0"
"BC_ATTCACTTCCCTTCCC","hESC_A7","C3"
"BC_TCACAAGAGCGCCTCA","hESC_C12","C0"
"BC_GCTTGGGAGATCGGTG","hESC_A7","C2"
"BC_GATGGAGCAAGTCCCG","hESC_C12","C2"
"BC_CATCGGGAGATTGATG","hESC_C9","C0"
"BC_TGTGCGGCACGTGTGC","hESC_D3","C0"
"BC_GCTTGGGCAGCTACAT","hESC_A7","C0"
"BC_GAAGAATGTAGCACGA","hESC_A7","C1"
"BC_GGGATGAGTAGGTTTC","hESC_D3","C1"
"BC_ATTCCTAAGTCTTCCC","hESC_A7","C3"
"BC_AAAGGGCTCAAGCGTT","hESC_C9","C0"
"BC_CCTGTTGCATCCTATT","hESC_C9","C3"
"BC_AATGACCCATTCAGCA","hESC_C9","C0"
"BC_CCACACTTCTTACGTT","hESC_C9","C3"
"BC_ATGAGGGAGATGCTGG","hESC_A7","C3"
"BC_CATAGACTCATACAGC","hESC_C12","C0"
"BC_TAGACCACATCATCTT","hESC_A7","C0"
"BC_ATCGATGGTTCCGCAG","hESC_A7","C3"
"BC_TGATCAGAGAGTCACG","hESC_D3","C1"
"BC_TCTATCAGTCCGTACG","hESC_C9","C2"
"BC_CGTAGTAAGAACAGGA","hESC_D3","C0"
"BC_ACATTTCAGGTAACTA","hESC_C12","C1"
"BC_ATCTCTACATTATGCG","hESC_C9","C3"
"BC_TCCTCGATCATTTACC","hESC_A7","C3"
"BC_TCACATTAGGACTGGT","hESC_D3","C0"
"BC_CATCGGGGTCCGAAAG","hESC_C9","C0"
"BC_CTCAGAAAGCGCCATC","hESC_C9","C3"
"BC_CGTGAATCAAAGACTA","hESC_D3","C0"
"BC_ATTGTTCCATTGACCA","hESC_D3","C0"
"BC_TAACACGGTCTAACTG","hESC_D3","C0"
"BC_GACGCTGGTCCGACGT","hESC_D3","C0"
"BC_CACGAATGTGGCGCTT","hESC_A7","C3"
"BC_AATGGCTAGGTTGGAC","hESC_D3","C3"
"BC_CTTTCAATCCCTCTTT","hESC_C12","C3"
"BC_GGTTGTATCCACTGAA","hESC_C12","C3"
"BC_TCTTAGTCAAAGACGC","hESC_C12","C0"
"BC_GGGCGTTCAATGCAAA","hESC_C9","C0"
"BC_CCCGGAACAGGACTAG","hESC_C12","C0"
"BC_CTTCCGAAGACAGCGT","hESC_C9","C0"
"BC_GAGCTGCAGCCGTAAG","hESC_C9","C3"
"BC_GGAATGGTCTACCCAC","hESC_C12","C0"
"BC_AACGTCACAAACACCT","hESC_A7","C0"
"BC_TGTTCTACATAGGTTC","hESC_C9","C0"
"BC_CACTGAAAGTCCCAGC","hESC_D3","C0"
"BC_ACGTAACAGATGACAT","hESC_D3","C2"
"BC_ATTACTCCATGAAAGT","hESC_D3","C0"
"BC_TTCTCTCAGACTCATC","hESC_C9","C0"
"BC_CCCAACTGTCACCGAC","hESC_C12","C3"
"BC_TGCTCGTCAGCCGTTG","hESC_C9","C0"
"BC_AGGCATTTCGAGCTGC","hESC_C9","C0"
"BC_AGGAGGTGTGACCGAA","hESC_A7","C0"
"BC_CAATTTCTCGTGGACC","hESC_C9","C0"
"BC_ATCGGCGCAGATCCTA","hESC_D3","C0"
"BC_CATTGTTGTCTCACAA","hESC_D3","C0"
"BC_TAGACTGCAGGTACGA","hESC_D3","C0"
"BC_CTTACCGCATCCGTTC","hESC_C9","C0"
"BC_GGAGATGGTGTGCCTG","hESC_A7","C0"
"BC_CTGCGAGCAGTTAAAG","hESC_A7","C1"
"BC_AATCACGTCACAACCA","hESC_C12","C2"
"BC_CATTGTTGTCGATTCA","hESC_C9","C3"
"BC_TACCCGTAGCCGAACA","hESC_C9","C0"
"BC_GGTGGCTAGCACGTCC","hESC_A7","C3"
"BC_TGAGGAGCAGTCAGAG","hESC_A7","C3"
"BC_ATGAGGGCAAGCAATA","hESC_A7","C0"
"BC_TCATACTCAGACCGCT","hESC_C9","C0"
"BC_GTCTAGACAGGTGGAT","hESC_C9","C0"
"BC_GGAACCCGTCTGATCA","hESC_D3","C0"
"BC_CACCAAATCCAGTGTA","hESC_D3","C1"
"BC_TCCTCTTTCACCTGGG","hESC_D3","C1"
"BC_TTCGATTTCACACCGG","hESC_A7","C0"
"BC_CAACGGCCATCCTGTC","hESC_A7","C2"
"BC_GGTGAAGCAATTGAGA","hESC_C9","C0"
"BC_AGCGCTGGTGGATACG","hESC_C9","C0"
"BC_CATTGTTGTTTCGTAG","hESC_C9","C0"
"BC_GGTAGAGGTTGGTGTT","hESC_C9","C0"
"BC_ACGATCAAGTCATGGG","hESC_C12","C2"
"BC_TTTCCTCCAAGAATGT","hESC_A7","C3"
"BC_GAACACTCAAGAGATT","hESC_D3","C3"
"BC_AGAAATGAGATGGCAC","hESC_A7","C0"
"BC_TGACTCCCAAACTCGT","hESC_C9","C3"
"BC_TGACCCTCAGAGAAAG","hESC_D3","C0"
"BC_GACTTCCTCGTGGTAT","hESC_C12","C1"
"BC_ACGCACGCACTATCCC","hESC_D3","C3"
"BC_TATACCTGTCAAACGG","hESC_A7","C3"
"BC_TATCGCCGTCCCGCAA","hESC_A7","C0"
"BC_CCATAAGCACACACGC","hESC_C12","C3"
"BC_GCCAGCACAGTTAGAA","hESC_C12","C2"
"BC_CCACCATGTGATGAAT","hESC_A7","C3"
"BC_GATTGGTGTTCGTGCG","hESC_C9","C2"
"BC_TCAAGCACAGGGCTTC","hESC_C12","C0"
"BC_AGAGAGCCAGCGCTTG","hESC_D3","C0"
"BC_AAGCCATCACTATCGA","hESC_D3","C0"
"BC_AGCTACATCGCTGTCT","hESC_A7","C2"
"BC_TCCGAAAAGCGTGTTT","hESC_D3","C0"
"BC_CTCCACATCATGAGGG","hESC_D3","C0"
"BC_TTACGTTTCGGACCAC","hESC_A7","C0"
"BC_TGAACGTCAAAGGAGA","hESC_C9","C2"
"BC_GTAGGAGCAAGGCAAC","hESC_C12","C3"
"BC_TGATCAGAGTCGGCCT","hESC_A7","C0"
"BC_TGGGATTCATTCAGCA","hESC_C9","C0"
"BC_ACTATGGGTCTACGAT","hESC_C12","C0"
"BC_GACACGCAGCCTTGAT","hESC_D3","C3"
"BC_TGCAGGCCATGACTAC","hESC_C9","C3"
"BC_CTGGTCTCACTCTAGA","hESC_D3","C0"
"BC_TCCTGCATCATTCTTG","hESC_A7","C0"
"BC_GTAGATCTCGCCGAGT","hESC_C12","C2"
"BC_TTGAGTGTCCACTGAA","hESC_D3","C0"
"BC_CAACGATGTAGCCCTG","hESC_A7","C3"
"BC_ACAACCATCCGTGGCA","hESC_D3","C2"
"BC_AGATGCTGTATGGAAT","hESC_A7","C3"
"BC_GATTCGAGTGTCTCCT","hESC_D3","C0"
"BC_CCTAAGACACTTCAAG","hESC_C12","C3"
"BC_CCTCTCCGTCAAAGAT","hESC_A7","C0"
"BC_CCCTTAGTCACTCACC","hESC_D3","C0"
"BC_ACAAGCTAGTCACTCA","hESC_A7","C0"
"BC_TGTTGAGTCTGACGCG","hESC_D3","C0"
"BC_TCGCTTGTCTAGTGTG","hESC_C12","C3"
"BC_AGGGTCCCATCGGAAG","hESC_A7","C0"
"BC_TCAGCAACAAGTACCT","hESC_C9","C0"
"BC_TTTGGTTAGCTGGTGA","hESC_C12","C0"
"BC_TGTTGGACAGTTGGTT","hESC_D3","C0"
"BC_ACATGCACAAGCTGTT","hESC_C9","C1"
"BC_GACGCTGTCGAACGGA","hESC_A7","C0"
"BC_GTGTAACAGCCGAACA","hESC_C9","C3"
"BC_AATCACGCAGCTATAC","hESC_A7","C0"
"BC_ATCCTATAGAAGCGCT","hESC_A7","C1"
"BC_GGATGTTGTTGCCTAA","hESC_D3","C0"
"BC_CCGTTCATCTCCGATC","hESC_C9","C3"
"BC_GGGAAGTGTAAGACCG","hESC_D3","C0"
"BC_AGGTGTTCATCACCAA","hESC_D3","C0"
"BC_CGGGACTGTGTTGACT","hESC_A7","C3"
"BC_GTAGGAGAGAAATCCA","hESC_C9","C2"
"BC_TGTGCGGTCGGAATTC","hESC_A7","C0"
"BC_TGTCCACAGCGTCTGC","hESC_C9","C0"
"BC_AGGATCTAGTATAGGT","hESC_C12","C0"
"BC_AGACCATCAAGCGAGT","hESC_C9","C0"
"BC_CTTCTCTCACACACTA","hESC_C12","C2"
"BC_TGCAGTAGTTCGGCCA","hESC_D3","C0"
"BC_ACTCTCGCAATGCAAA","hESC_C9","C0"
"BC_GCGTGCATCCTCAGAA","hESC_C9","C3"
"BC_AGGTAGGGTTCATCGA","hESC_C9","C3"
"BC_TTGGATGAGTGGAAAG","hESC_A7","C2"
"BC_GTCTCACAGATGCGAC","hESC_A7","C0"
"BC_CGATGCGCATTGCCGG","hESC_A7","C2"
"BC_AGTAGTCAGTTGGCTT","hESC_C9","C2"
"BC_AAATGGAGTCCTCATC","hESC_C9","C3"
"BC_ACACTGACAATACGAA","hESC_A7","C0"
"BC_CATTCTATCGCTATTT","hESC_D3","C0"
"BC_ACACGCGAGAAACTGT","hESC_D3","C1"
"BC_TTCCACGTCCGAAGGA","hESC_C9","C0"
"BC_TAGGTACGTGCTATTG","hESC_D3","C0"
"BC_TTCCACGTCGCGCTGA","hESC_A7","C3"
"BC_GTCAGCGCACAAGGTG","hESC_A7","C0"
"BC_TCGTGCTGTCTAGTGT","hESC_D3","C0"
"BC_TTGGATGGTAACGCGA","hESC_C9","C3"
"BC_CATACAGGTTGGCTAT","hESC_D3","C0"
"BC_TAACACGCAGAAGCGT","hESC_C9","C0"
"BC_TAGACTGAGCGTGCTC","hESC_A7","C0"
"BC_TGGAGGACACAAGTTC","hESC_A7","C0"
"BC_TGTGATGCAGAGACTG","hESC_A7","C0"
"BC_CATAGACGTCTTAGTG","hESC_A7","C3"
"BC_TTTCATGCAAGCGATG","hESC_A7","C0"
"BC_GGACGTCTCATTGCCC","hESC_C9","C3"
"BC_TCATTCAGTAACATGA","hESC_A7","C0"
"BC_TCTGTCGCACTCTAGA","hESC_A7","C3"
"BC_GGAACCCCAACGGGTA","hESC_A7","C2"
"BC_TACGTCCAGGGCAATC","hESC_A7","C0"
"BC_AGTGCCGAGGGAGATA","hESC_D3","C0"
"BC_TTCCGTGCAGACTCTA","hESC_D3","C3"
"BC_AGCTACAGTTGGGTTT","hESC_C9","C0"
"BC_CACGTGGGTCTCACAA","hESC_D3","C0"
"BC_TAGGGTTGTGCTTCAA","hESC_C9","C0"
"BC_TCGCTTGGTGTTATCG","hESC_A7","C0"
"BC_GTCATGATCAAGTGGG","hESC_D3","C0"
"BC_ACTCCCATCGGAAACG","hESC_A7","C0"
"BC_ATCCGTCCATCAACCA","hESC_C9","C3"
"BC_ACTCTCGGTCAACCTA","hESC_C12","C0"
"BC_CGAAGGACAAGAGCTG","hESC_C9","C1"
"BC_GGAATCTCAAGCCTGC","hESC_C9","C0"
"BC_CCCTGATCAAGTGGAC","hESC_C9","C0"
"BC_TGGTAGTTCACTCACC","hESC_A7","C3"
"BC_CCCTCTCCAGATCATC","hESC_D3","C2"
"BC_GCATCTCGTGCGGATA","hESC_A7","C0"
"BC_CACTAAGGTAGGAGTC","hESC_D3","C0"
"BC_AGCTTCCAGCAAGGAA","hESC_A7","C0"
"BC_CATTGCCCACTCATAG","hESC_C9","C0"
"BC_AGGCCACGTTACCTTT","hESC_A7","C3"
"BC_ATGCATGAGTCATTGC","hESC_C9","C0"
"BC_GTGAGCCAGGTGATAT","hESC_C9","C0"
"BC_GTGGAGAGTAGATTGA","hESC_C9","C0"
"BC_AACTTCTCAGACCATT","hESC_D3","C1"
"BC_ACACTGACATTGAGGG","hESC_A7","C0"
"BC_CTGTATTTCCATGAGT","hESC_A7","C0"
"BC_CCCTAACTCTCTTCAA","hESC_A7","C3"
"BC_GTAGGAGTCTAAACGC","hESC_C12","C0"
"BC_TACACCCGTCCCTGTT","hESC_C9","C0"
"BC_AGAAATGGTGTGTACT","hESC_C9","C0"
"BC_GAGATGGCAGGCACTC","hESC_D3","C3"
"BC_CAGCCAGCAAATTGCC","hESC_C12","C3"
"BC_GCAACCGCAAGCGGAT","hESC_C9","C0"
"BC_ATGACCAAGGACAAGA","hESC_A7","C0"
"BC_TATTGGGAGTTTGGCT","hESC_D3","C0"
"BC_CTTCAATAGTCATAGA","hESC_A7","C0"
"BC_GATGGAGCACCTAAAC","hESC_C9","C2"
"BC_TCCTCCCAGTCCGCCA","hESC_D3","C0"
"BC_GCCTGTTTCACCTTAT","hESC_C12","C0"
"BC_ATGACCACAACCCTCT","hESC_A7","C3"
"BC_CACTTCGAGTTGGACG","hESC_C9","C0"
"BC_GTGTCCTAGGCGAACT","hESC_C9","C0"
"BC_GATCCCTAGGAAGAAC","hESC_D3","C0"
"BC_CTCAAGATCCCTCTTT","hESC_C9","C2"
"BC_ATCACGAAGCTGTCCG","hESC_A7","C1"
"BC_TCCCACACACATTACG","hESC_A7","C2"
"BC_GAGTCATTCAGTGATC","hESC_C9","C0"
"BC_TCTCCGACAGGTTCGC","hESC_C9","C0"
"BC_CGGGCATCACGCACCA","hESC_D3","C0"
"BC_ACTATGGAGCAATAAC","hESC_C9","C0"
"BC_GGTGTCGAGGGTGGGA","hESC_D3","C0"
"BC_GTTCATTAGTCACTCA","hESC_D3","C0"
"BC_AAAGGATAGTCGCCAC","hESC_A7","C3"
"BC_TGGGAAGAGCAGGTCA","hESC_C12","C0"
"BC_AAGATAGGTACCTGTA","hESC_A7","C3"
"BC_AGGTCATTCCTAAACG","hESC_D3","C2"
"BC_CTCAGAACAGTCACGC","hESC_C9","C0"
"BC_ATAGACCCATCCTTCG","hESC_A7","C0"
"BC_GGCTGTGAGAGTGAAG","hESC_C9","C2"
"BC_CCAAGCGAGCTCGACC","hESC_A7","C0"
"BC_AGTAACCCATGACGGA","hESC_D3","C0"
"BC_CTACTATGTTGTTTGG","hESC_D3","C3"
"BC_GAGTGAGGTATCCTCC","hESC_D3","C3"
"BC_ATTACCTGTGACTGAG","hESC_A7","C0"
"BC_CCGGTGACATGAGATA","hESC_C9","C1"
"BC_ACGATGTGTACTCGCG","hESC_C12","C0"
"BC_TTGATGGCATTGGATC","hESC_A7","C0"
"BC_CATACAGCACAGTGTT","hESC_C9","C3"
"BC_CTCCCTCCAAGCACAG","hESC_C9","C2"
"BC_CTGCCTAAGGGCTAAC","hESC_D3","C0"
"BC_CAGCGTGTCGTGTCAA","hESC_D3","C0"
"BC_AATGGCTAGGGTAGCT","hESC_C9","C0"
"BC_TCACGCTAGCTGGTGA","hESC_D3","C0"
"BC_ACGTTCCGTACAAGCG","hESC_C12","C0"
"BC_ACACGCGGTCCCTGAG","hESC_C12","C3"
"BC_GAAGAATAGTGGACGT","hESC_C12","C0"
"BC_TGCTCCAAGCACTCCG","hESC_C9","C0"
"BC_GAGCCTGCACAGCTGC","hESC_C9","C0"
"BC_GAACACTAGTATGACA","hESC_C9","C0"
"BC_GATGGAGGTTCATCGA","hESC_C12","C0"
"BC_TTGTTCAGTTGTGGCC","hESC_C9","C0"
"BC_GTCGCGATCTCTTAAC","hESC_A7","C3"
"BC_TGCTGAAAGCTGCCTG","hESC_C12","C0"
"BC_AGGAGGTGTAGGCAGT","hESC_C9","C0"
"BC_ACTGTGATCGTCCATC","hESC_A7","C0"
"BC_TAGATCGTCTTCGTGC","hESC_C12","C0"
"BC_CATCGCTGTGATACTC","hESC_C12","C0"
"BC_ATGCATGGTCCATACA","hESC_D3","C0"
"BC_CTACGGGGTTAAGCAA","hESC_D3","C0"
"BC_ATGGAGGCATGTTCGA","hESC_A7","C0"
"BC_GTTGTCCGTGTTGAGG","hESC_D3","C0"
"BC_GTATTTCAGCAGGCTA","hESC_C9","C0"
"BC_GAAGAATAGAAGGTAG","hESC_C12","C1"
"BC_GAGCCTGGTAATTGGA","hESC_C9","C0"
"BC_TCTATACCAGCGTAGA","hESC_A7","C2"
"BC_GCCCGAATCAGACAAA","hESC_C9","C3"
"BC_CTCAATTTCGCGGTAC","hESC_C9","C0"
"BC_GTTCCGTAGATGCGAC","hESC_A7","C0"
"BC_AACGAAAAGGAGTCTG","hESC_D3","C0"
"BC_TGCGGGTTCCCAGTGG","hESC_C12","C3"
"BC_CCTCATGCAATGTTGC","hESC_C9","C0"
"BC_ATCACGAGTTACACTG","hESC_C9","C0"
"BC_TCTCTGGAGGTTACCT","hESC_D3","C0"
"BC_AGGATAAGTGCATGAG","hESC_D3","C4"
"BC_GTGAGGAGTAACTGCT","hESC_C9","C0"
"BC_CCTCTCCAGATCCTAC","hESC_C9","C0"
"BC_CGTGCTTCAAATGGAT","hESC_A7","C0"
"BC_TGGGAAGAGCCTGAAG","hESC_C9","C0"
"BC_GACTATGAGAATAACC","hESC_C9","C0"
"BC_TCTCCGATCTTCGTAT","hESC_D3","C0"
"BC_TCTTCCTCATATGAAG","hESC_C12","C0"
"BC_CTCAGGGCAAAGTGTA","hESC_C9","C0"
"BC_AACGAAACAGAGGCTA","hESC_C12","C2"
"BC_AGGCTGCGTTGTACGT","hESC_C9","C0"
"BC_TTTCATGGTACTTCCC","hESC_D3","C0"
"BC_GATGTTGCATCCTCAC","hESC_A7","C3"
"BC_CTCATTAAGGGACTGT","hESC_A7","C3"
"BC_TCGAACAGTTCGGTTA","hESC_C9","C0"
"BC_TCGCTCATCGCATTAG","hESC_C9","C3"
"BC_GGAGGTATCAAGTCTG","hESC_C9","C0"
"BC_GTTGAACGTAGCCAGA","hESC_A7","C2"
"BC_TACACCCGTCTTTATC","hESC_C9","C3"
"BC_CAACAGTGTAGATCGG","hESC_C9","C0"
"BC_GGGTCACTCAGACCGC","hESC_A7","C2"
"BC_TTACGCCCACATTCTT","hESC_C9","C0"
"BC_TCGCACTTCCACACCT","hESC_A7","C2"
"BC_TGGCGTGCAGCAGTCC","hESC_A7","C3"
"BC_GTTCATTCATGTGACT","hESC_D3","C0"
"BC_GCAACCGAGGACAACC","hESC_A7","C3"
"BC_ATACCTTCACCACTGG","hESC_C9","C0"
"BC_GTCACTCAGGCATGCA","hESC_D3","C0"
"BC_CCCTCAAGTCCTGGGT","hESC_C9","C0"
"BC_CACGGGTCACATACTG","hESC_C9","C3"
"BC_GTTACCCAGTAAATGC","hESC_A7","C1"
"BC_AGCCAATCAGCCATTA","hESC_C9","C0"
"BC_ACGATCACATGGACAG","hESC_A7","C1"
"BC_CATTGTTGTTGCCAAT","hESC_C9","C3"
"BC_CGTGATAGTAGCTGCC","hESC_D3","C1"
"BC_ATTCAGGGTACTGACT","hESC_C9","C0"
"BC_CTAACCCTCAGACCTA","hESC_D3","C0"
"BC_CCTGTTGTCTCCGCAT","hESC_C12","C0"
"BC_TGGGAGATCGTTCGCT","hESC_D3","C0"
"BC_ACTTCGCCATCTAGAC","hESC_D3","C1"
"BC_GCCATGGTCAGACATC","hESC_C9","C3"
"BC_GTACAACCAGGAGGTT","hESC_C9","C0"
"BC_CCACAAACACGTACTA","hESC_C12","C3"
"BC_TGCTTCGGTATGCGTT","hESC_D3","C2"
"BC_AAGACTCAGTAGCAAT","hESC_A7","C0"
"BC_ATTTCACCACCTTCCA","hESC_D3","C0"
"BC_GAGGCCTCAGTCGGAA","hESC_A7","C2"
"BC_CTCCCAAGTTATGTGC","hESC_C12","C0"
"BC_AAACGCTCAGGAACCA","hESC_D3","C2"
"BC_GACCTTCCAGGCATGA","hESC_C12","C0"
"BC_AAGCGAGGTAGCTGCC","hESC_A7","C3"
"BC_GATTTCTGTCCAACGC","hESC_C9","C3"
"BC_AAGCATCAGGATATAC","hESC_D3","C0"
"BC_TTGGGATCACCTCGTT","hESC_D3","C0"
"BC_TTCTGTACAAGTCCAT","hESC_A7","C3"
"BC_GGGATGACATGTAACC","hESC_C12","C0"
"BC_GTTTACTTCCGCGATG","hESC_A7","C0"
"BC_GTGAGCCAGTCGGCAA","hESC_C9","C0"
"BC_CATGGATTCTGAGGTT","hESC_D3","C0"
"BC_ATCCATTCAAAGCTCT","hESC_C12","C0"
"BC_CTCATCGTCGCAATTG","hESC_C12","C0"
"BC_CCCGAAGAGTGTACCT","hESC_A7","C0"
"BC_GGCTGTGGTCTACAAC","hESC_D3","C2"
"BC_GTCATGAGTCTAACGT","hESC_C12","C0"
"BC_GACTTCCCATCATCCC","hESC_A7","C3"
"BC_TATGTTCGTACGAAAT","hESC_A7","C0"
"BC_AGGGTCCCAGTCGGAA","hESC_D3","C0"
"BC_CTCATGCCAGTAGGAC","hESC_D3","C2"
"BC_GACCCTTCACAAGTTC","hESC_C12","C0"
"BC_AGTTCCCGTTAAACCC","hESC_C9","C3"
"BC_GGGCTCAGTGCAACAG","hESC_A7","C0"
"BC_TCGGTCTAGGGAGGCA","hESC_C9","C0"
"BC_GTCACGGTCTCTCCGA","hESC_D3","C0"
"BC_CTTCCTTGTTACACTG","hESC_A7","C3"
"BC_TGTGAGTCAGAGAATT","hESC_A7","C0"
"BC_GACTGATAGCGCCTAC","hESC_C9","C3"
"BC_TATTCCAGTGTCCAAT","hESC_C9","C0"
"BC_AGTTCGAAGTCGTCTA","hESC_C9","C0"
"BC_CATTGTTCATGGCGCT","hESC_C12","C3"
"BC_GGCGTCACAGCTGTCG","hESC_A7","C3"
"BC_TGGTAGTGTTCGAAGG","hESC_C9","C0"
"BC_AGTCATGAGTTCACTG","hESC_D3","C3"
"BC_CACAGGCAGAGGCTGT","hESC_C12","C3"
"BC_GACTCAAAGTGATGGC","hESC_C9","C3"
"BC_TATCGCCAGGGCCCTT","hESC_A7","C3"
"BC_GTGCTGGAGCCGAACA","hESC_A7","C0"
"BC_CTCCGATAGACTGAGC","hESC_A7","C0"
"BC_AAGTGAACATACTGAC","hESC_C9","C0"
"BC_CGCGTGAAGCTGGTGA","hESC_C9","C0"
"BC_GGTGATTCACCAGCGT","hESC_D3","C0"
"BC_AGATCCATCATAGACC","hESC_A7","C3"
"BC_CTCTCGACAACCAACT","hESC_A7","C3"
"BC_CAGCAATGTTGGTGTT","hESC_A7","C3"
"BC_AGCCAGCCACCCTAAA","hESC_C9","C3"
"BC_ATGGAGGGTGGCTGAA","hESC_C12","C2"
"BC_TGGATGTAGGCCGCTT","hESC_C9","C0"
"BC_ATCAGGTTCTCAACCC","hESC_D3","C0"
"BC_CTCCCTCAGCTGACCC","hESC_D3","C0"
"BC_TCTGCCATCATTTCCA","hESC_C9","C0"
"BC_TGCACGGTCCCTCGTA","hESC_D3","C0"
"BC_GCTTTCGAGATGGTCG","hESC_C9","C0"
"BC_ATCGCCTGTGAAGCTG","hESC_D3","C0"
"BC_CTACTATTCGAACACT","hESC_A7","C0"
"BC_TAGGGTTAGCAATTCC","hESC_C9","C0"
"BC_TGGTGATCAAATACGA","hESC_A7","C2"
"BC_AGGAGGTTCTACGCGG","hESC_C9","C0"
"BC_TCCTTCTGTTCGGCCA","hESC_C9","C3"
"BC_ATCACGATCATAAGGA","hESC_D3","C0"
"BC_TAAGCACCACAAAGCG","hESC_C12","C0"
"BC_CGAAGTTTCGTCAACA","hESC_D3","C0"
"BC_TAGGGTTCAACTCCAA","hESC_C9","C0"
"BC_TTCAATCTCCCTAGGG","hESC_D3","C0"
"BC_TGTTCATGTTACGATC","hESC_C12","C0"
"BC_CGTAATGAGCCGAATG","hESC_D3","C0"
"BC_CTCCGATCATGGCTAT","hESC_C9","C1"
"BC_AAAGAACAGTCACACT","hESC_C9","C0"
"BC_TGTAACGGTATTCTCT","hESC_C9","C3"
"BC_TTCATGTGTCACAGAG","hESC_A7","C0"
"BC_AAAGAACGTACGACTT","hESC_C12","C2"
"BC_CATACCCTCATATGGC","hESC_D3","C0"
"BC_TGTTCATTCCCGGTAG","hESC_D3","C0"
"BC_CGCATGGCACGTGAGA","hESC_D3","C0"
"BC_CATCAAGAGACTAAGT","hESC_C9","C1"
"BC_GAGGCAATCAATCCAG","hESC_C9","C0"
"BC_AGGTGTTAGTCCTGTA","hESC_D3","C0"
"BC_TTGTTCAGTAACAGTA","hESC_C9","C2"
"BC_TGATGGTCATCGCTCT","hESC_C12","C3"
"BC_CAACAGTAGCGAGTAC","hESC_D3","C0"
"BC_TGCGGGTGTCGTATGT","hESC_C9","C0"
"BC_CGATCGGTCAAGAGGC","hESC_C12","C0"
"BC_CGATCGGTCGTCTAAG","hESC_C9","C2"
"BC_TGGGAAGGTGCATCTA","hESC_D3","C0"
"BC_TCAGTCCGTGTAAACA","hESC_A7","C0"
"BC_CCTTGTGAGCATCCCG","hESC_C9","C3"
"BC_GGGTATTGTTCGAGCC","hESC_C9","C0"
"BC_GTCAGCGTCCACTTCG","hESC_C9","C0"
"BC_CAGAGCCCACTTGACA","hESC_D3","C2"
"BC_TTACCGCGTGTGTCCG","hESC_C12","C0"
"BC_TTAGGGTAGTTCCGGC","hESC_A7","C3"
"BC_CGAGTGCCATAGACTC","hESC_C9","C0"
"BC_TTGTTGTTCTGTCGCT","hESC_C9","C0"
"BC_TCGTAGAAGTGAACAT","hESC_D3","C0"
"BC_TTATTGCCATCGCTAA","hESC_C9","C3"
"BC_AAAGGGCAGTTGAAGT","hESC_C9","C0"
"BC_GTGAGTTGTATCCTCC","hESC_C12","C0"
"BC_TTTCGATAGTAGCAAT","hESC_C9","C0"
"BC_TCAGGGCTCTCACCCA","hESC_D3","C0"
"BC_TTTCCTCGTTGCCGAC","hESC_A7","C3"
"BC_AACAAGAAGGCTTCCG","hESC_D3","C0"
"BC_TTACCGCAGGAGTATT","hESC_D3","C0"
"BC_TCTTGCGCAGTGTATC","hESC_D3","C0"
"BC_CACACAAAGAATTGTG","hESC_C9","C2"
"BC_GTCTAGATCCGTAGGC","hESC_C9","C0"
"BC_TACAGGTCAGATCATC","hESC_C9","C0"
"BC_GGCTTGGAGGCCATAG","hESC_A7","C3"
"BC_GCCAGCAGTCTACATG","hESC_C12","C2"
"BC_ACGGAAGGTACGATTC","hESC_C12","C2"
"BC_TTGTGTTCAAGAAATC","hESC_A7","C0"
"BC_TTCCTCTTCAAACGAA","hESC_C12","C3"
"BC_ATTGGGTAGCTGTTCA","hESC_D3","C0"
"BC_GGGTTTAGTTAGGACG","hESC_D3","C0"
"BC_AGTTCCCAGTTACGTC","hESC_A7","C0"
"BC_GTCTTTAGTCGCATCG","hESC_C9","C0"
"BC_AGATAGAAGGCCATAG","hESC_C9","C0"
"BC_GTGCGTGTCCGGGACT","hESC_C9","C3"
"BC_AACCATGGTGCCCTTT","hESC_D3","C3"
"BC_ACATCCCAGCTGTACT","hESC_C9","C0"
"BC_GCCGATGCACCCAATA","hESC_A7","C3"
"BC_GTGTGGCTCCGTTGGG","hESC_C12","C0"
"BC_ACGGTTACAATCTAGC","hESC_D3","C0"
"BC_TATATCCTCGCCAGAC","hESC_D3","C0"
"BC_GAACTGTAGGCAGTCA","hESC_D3","C0"
"BC_ATAGAGAGTCTATGAC","hESC_C9","C0"
"BC_GATCAGTCATCGCTAA","hESC_C9","C0"
"BC_GTTCCGTCATGGAACG","hESC_C9","C1"
"BC_GCTTCACAGTCCGCGT","hESC_A7","C0"
"BC_CTCCTCCTCTCTCCTC","hESC_C9","C3"
"BC_TCCCACATCCGCTTAC","hESC_A7","C3"
"BC_TTTCACATCGTTCAGA","hESC_A7","C3"
"BC_CGGGCATAGGGCAAGG","hESC_D3","C0"
"BC_CCACGAGTCCTTCAGC","hESC_C12","C3"
"BC_TCCACGTAGTCTGTAC","hESC_C12","C0"
"BC_TCGACGGGTTCTAACG","hESC_C9","C4"
"BC_CGTCAAAGTGTCTTCC","hESC_A7","C0"
"BC_TGACCCTTCCGGTAGC","hESC_C9","C0"
"BC_GGGTGAACACAGTATC","hESC_D3","C0"
"BC_CGACAGCTCTTCGGAA","hESC_A7","C0"
"BC_GAGGGTACATCGGTTA","hESC_C9","C0"
"BC_TCCTTTCTCGCTATTT","hESC_A7","C3"
"BC_CACGGGTCAATATCCG","hESC_D3","C0"
"BC_CTCATGCAGTGAGGTC","hESC_C9","C0"
"BC_TCTCCGAGTCAAGCGA","hESC_A7","C0"
"BC_GAGTTACCATCGTCCT","hESC_D3","C2"
"BC_ATACCGAGTGACTAAA","hESC_C9","C0"
"BC_TTCACGCGTTTACCTT","hESC_A7","C3"
"BC_GATTTCTGTCTTGAAC","hESC_D3","C0"
"BC_TACGGGCCATAAGCAA","hESC_A7","C2"
"BC_AGCTCAAAGATTTGCC","hESC_C9","C0"
"BC_CCGGGTAAGATGTAGT","hESC_C9","C0"
"BC_CACGTTCTCTGCGGAC","hESC_C9","C3"
"BC_GCTTCACCAAGTGGAC","hESC_C9","C0"
"BC_ATAGGCTAGAACTTCC","hESC_A7","C3"
"BC_CCTACGTCAATCGAAA","hESC_D3","C0"
"BC_GCTGAATCAACCCTCT","hESC_A7","C3"
"BC_TGAGCGCTCCATAAGC","hESC_C12","C0"
"BC_TGGATCATCACGATCA","hESC_A7","C3"
"BC_TACTGCCCACGACTAT","hESC_C12","C3"
"BC_AATGAAGCACGTCGGT","hESC_D3","C0"
"BC_TATTCCAAGCAAGGAA","hESC_C9","C0"
"BC_ACGTAACTCGTGGCGT","hESC_C9","C0"
"BC_AGTAACCGTGTCCCTT","hESC_C9","C2"
"BC_GCTCAAAGTCACCTTC","hESC_D3","C0"
"BC_CCTGCATAGACAACAT","hESC_D3","C3"
"BC_ACCAAACTCATCGTAG","hESC_C9","C0"
"BC_TGCTCGTTCGAGAGAC","hESC_C9","C0"
"BC_CCACGTTTCGCTTGCT","hESC_A7","C3"
"BC_CATGAGTCAGGCATTT","hESC_D3","C2"
"BC_GACTCAATCAAATGCC","hESC_D3","C1"
"BC_GCCATTCAGACCGTTT","hESC_C9","C3"
"BC_TAAGCGTCACTCGATA","hESC_A7","C0"
"BC_AATGACCAGACTAGAT","hESC_A7","C0"
"BC_CTCTCAGTCCGCTAGG","hESC_C9","C0"
"BC_AACGAAACAGACTGCC","hESC_A7","C1"
"BC_CAGAGCCCACCAGGTC","hESC_D3","C2"
"BC_TGCAGTATCACACCCT","hESC_C9","C3"
"BC_GTGGTTAGTGACCTGC","hESC_C9","C0"
"BC_TGAATCGGTTTCGTTT","hESC_C9","C0"
"BC_AGGTTGTGTGGACCAA","hESC_C9","C0"
"BC_TCACTATCATTCTTCA","hESC_A7","C0"
"BC_CGAGTGCTCGTAACAC","hESC_C9","C0"
"BC_GTTCGCTTCGTTGCCT","hESC_C9","C3"
"BC_CTATCCGAGTTGAATG","hESC_C9","C3"
"BC_GTCCTCAAGCGTCGAA","hESC_C9","C3"
"BC_GATGACTTCGAGCTGC","hESC_A7","C3"
"BC_CGCCAGAAGTCCCAAT","hESC_D3","C3"
"BC_TCACTCGCAGGAGGTT","hESC_C9","C3"
"BC_TGAATGCAGGCTTTCA","hESC_C9","C0"
"BC_AATCACGGTAGGTCAG","hESC_C12","C0"
"BC_CCTCACAAGAAGGCTC","hESC_A7","C1"
"BC_TTGCCTGTCATATGGC","hESC_C9","C0"
"BC_GTCGCGAAGGATTTCC","hESC_C9","C0"
"BC_TACCCGTTCGGCTCTT","hESC_D3","C0"
"BC_GGGATGAAGGTTAGTA","hESC_A7","C3"
"BC_GTCCCATTCAGTGGGA","hESC_C9","C0"
"BC_CGCATGGCATGCCGAC","hESC_A7","C3"
"BC_GGTTCTCCAACGTATC","hESC_A7","C3"
"BC_GATGGAGAGTTCATGC","hESC_A7","C3"
"BC_GGTGATTTCGCATAGT","hESC_C9","C0"
"BC_GAGACCCAGAGCCGAT","hESC_C9","C0"
"BC_GATGAGGTCTGCATGA","hESC_C12","C3"
"BC_CTAGACAAGGAACGAA","hESC_C9","C0"
"BC_TGATGCACAGCTCTGG","hESC_A7","C0"
"BC_ATAGACCTCTTCCTAA","hESC_C12","C3"
"BC_TCTATCAAGAGTGAAG","hESC_A7","C0"
"BC_TGACGCGCAGGAGACT","hESC_C9","C0"
"BC_CGAAGGATCATGAGTC","hESC_A7","C0"
"BC_TCACTCGTCTCCCTAG","hESC_D3","C1"
"BC_CGAAGGATCGAATGCT","hESC_C9","C0"
"BC_AGGCTGCCAACGGCCT","hESC_D3","C0"
"BC_CATGAGTAGAGAGAAC","hESC_D3","C0"
"BC_CTGATCCTCGGCATTA","hESC_D3","C0"
"BC_AGTAACCCACTACACA","hESC_D3","C0"
"BC_ATTCCCGGTTGCCATA","hESC_C9","C0"
"BC_ATTCCTACAAGACCGA","hESC_D3","C0"
"BC_AGTGATCCATGACTAC","hESC_C9","C0"
"BC_TCCTGCACAACTCGAT","hESC_D3","C0"
"BC_GCATCGGTCTCCAAGA","hESC_C9","C3"
"BC_GAGTGTTCATGGTGGA","hESC_C9","C0"
"BC_CACGTGGAGGAATTAC","hESC_C9","C0"
"BC_CATCGCTCATAGATGA","hESC_C9","C0"
"BC_CCTCTCCCAATCCTTT","hESC_C9","C0"
"BC_AGTGTTGTCGTTCCTG","hESC_A7","C0"
"BC_CATGCTCTCTATGCCC","hESC_C12","C3"
"BC_GTGATGTCAATCACGT","hESC_D3","C3"
"BC_GATGATCTCTACTATC","hESC_C9","C0"
"BC_GAAGAATTCACTGATG","hESC_C9","C0"
"BC_TGCTGAACAGCACAGA","hESC_A7","C0"
"BC_AGTTCCCAGTGTGTTC","hESC_C9","C0"
"BC_GTGCGTGGTAAGCGGT","hESC_C9","C0"
"BC_TTCCAATTCTACCCAC","hESC_A7","C3"
"BC_AACGTCAGTCTAGATC","hESC_C9","C0"
"BC_AAGTACCCACGCTGTG","hESC_C9","C3"
"BC_CAGAGCCTCGAGCCAC","hESC_A7","C0"
"BC_GATGAGGAGACTTAAG","hESC_C9","C1"
"BC_GATGCTACAGGTGTTT","hESC_D3","C0"
"BC_GCCAACGCAACTCCCT","hESC_C9","C3"
"BC_AACAACCAGTCGCGAA","hESC_C9","C0"
"BC_TTCACGCGTTCTTCAT","hESC_C9","C3"
"BC_GATCAGTAGACGACTG","hESC_C9","C0"
"BC_TAACTTCAGCAACTCT","hESC_C9","C2"
"BC_AGAACCTGTAGACACG","hESC_D3","C0"
"BC_ATGGAGGTCTGCCTGT","hESC_C9","C2"
"BC_CTCAGTCCATCAGCTA","hESC_C9","C3"
"BC_CTAGACAAGGCTGTAG","hESC_C9","C0"
"BC_AAACGCTCACATTGTG","hESC_D3","C0"
"BC_CTTTCGGGTTCCTAAG","hESC_C12","C3"
"BC_CTGTATTGTGGGACAT","hESC_A7","C3"
"BC_TAAGCCACAGTTGAAA","hESC_C9","C2"
"BC_TCATATCCACCGTGGT","hESC_D3","C0"
"BC_GACTCTCAGCAAGTGC","hESC_D3","C0"
"BC_TCATGTTCATGGAAGC","hESC_C12","C0"
"BC_GCGGAAACATCGTGCG","hESC_A7","C0"
"BC_CCGGACAAGGTCATAA","hESC_C9","C0"
"BC_ATCGGCGCATGACGAG","hESC_C9","C3"
"BC_TCACGGGCACGATAGG","hESC_A7","C3"
"BC_GTGCGTGCATCGATGT","hESC_D3","C0"
"BC_GGTAATCGTACGGCAA","hESC_C9","C0"
"BC_TTGAACGAGTCATCGT","hESC_C9","C0"
"BC_TCCCACAGTTGCCAAT","hESC_C9","C0"
"BC_CATGCGGAGCAGCCCT","hESC_C12","C3"
"BC_GGAGCAATCTAGCAAC","hESC_A7","C3"
"BC_GCAACATTCCGGACTG","hESC_C9","C0"
"BC_ATCACGAGTCTACGTA","hESC_A7","C3"
"BC_GTCACGGTCGGCTTGG","hESC_C9","C0"
"BC_CACCAAAAGCCTTCTC","hESC_C9","C3"
"BC_TGGCGTGCACTTGGGC","hESC_C9","C0"
"BC_GTGGGAATCCGACATA","hESC_C9","C0"
"BC_AGTACTGTCAAGCTGT","hESC_C9","C0"
"BC_GTTGCTCGTCGAGCAA","hESC_D3","C0"
"BC_GTTCATTGTTGTAAAG","hESC_C12","C0"
"BC_AAGTCGTGTGAATTGA","hESC_C12","C0"
"BC_TAACACGCAAATGAAC","hESC_C12","C0"
"BC_GTGTCCTAGTGTTCCA","hESC_C12","C0"
"BC_TACCCACTCGTTGTTT","hESC_C9","C3"
"BC_GCTTCACTCGTCCTTG","hESC_C9","C0"
"BC_TCGCTCACAGGGAGAG","hESC_D3","C0"
"BC_CCTCCAATCGCGTAGC","hESC_A7","C1"
"BC_TACCTCGGTCGTAATC","hESC_A7","C0"
"BC_TTCCACGCATGTGGCC","hESC_C9","C0"
"BC_TAGAGTCGTTGCTCGG","hESC_C12","C0"
"BC_CCGTTCAGTACTGGGA","hESC_D3","C0"
"BC_GTTCCGTTCTAGATCG","hESC_C12","C0"
"BC_AGAACCTGTCCTTGTC","hESC_A7","C0"
"BC_GCCATTCTCGGAAACG","hESC_C9","C0"
"BC_GAGTTGTCAATCGTCA","hESC_A7","C0"
"BC_TCGATTTCATTGTACG","hESC_C9","C2"
"BC_CCTCACATCACACCCT","hESC_C12","C0"
"BC_TCTGTCGCACGTCTCT","hESC_A7","C0"
"BC_CGTTCTGAGGCCGCTT","hESC_C9","C0"
"BC_ACCACAAAGGCACAAC","hESC_A7","C3"
"BC_ACTGCAAGTGAGATAT","hESC_C9","C0"
"BC_TATCAGGCAACGAGGT","hESC_C9","C0"
"BC_TGAATGCCACCTGCAG","hESC_C12","C3"
"BC_CATGGATCAATTGAGA","hESC_C12","C2"
"BC_CACCAAAAGATTTGCC","hESC_A7","C0"
"BC_CGGTCAGTCACCATGA","hESC_C9","C2"
"BC_AGCTTCCTCCGAGTGC","hESC_A7","C3"
"BC_CATGCCTGTAGCGCCT","hESC_A7","C3"
"BC_ATCCGTCGTAACCCTA","hESC_C9","C0"
"BC_AGGCATTTCCACCTGT","hESC_A7","C3"
"BC_TAACGACGTGGCGCTT","hESC_C9","C2"
"BC_ATGCGATTCAGTAGGG","hESC_D3","C0"
"BC_GTTCATTAGCTATCTG","hESC_D3","C2"
"BC_GACTCAAAGCTGCCTG","hESC_C12","C0"
"BC_ATCGGATTCATTGCCC","hESC_D3","C3"
"BC_TCCTCCCCATGGAATA","hESC_C9","C3"
"BC_GTGTTAGTCCTTTAGT","hESC_C9","C0"
"BC_TCATGTTTCCGTGACG","hESC_C9","C2"
"BC_TCCCACATCCCGAAAT","hESC_C9","C0"
"BC_CGGTCAGTCATTGTGG","hESC_D3","C0"
"BC_GTTGCTCCAGTTACCA","hESC_D3","C0"
"BC_AGCGATTCATGACAAA","hESC_D3","C3"
"BC_AATCACGAGACTCCGC","hESC_D3","C0"
"BC_GGTAACTTCACTGTTT","hESC_A7","C3"
"BC_CCTCAGTAGGTTAAAC","hESC_D3","C0"
"BC_TTAGGCACAAGGACAC","hESC_C9","C1"
"BC_CGGGTGTAGCCTTTGA","hESC_C9","C0"
"BC_CCTGCATCAAATCGGG","hESC_A7","C0"
"BC_TGTAACGAGACCTCAT","hESC_C12","C0"
"BC_AAAGGTATCATGAGAA","hESC_C9","C3"
"BC_CTTGAGAAGTATGACA","hESC_A7","C0"
"BC_TACCGGGCAGGAGACT","hESC_A7","C3"
"BC_GAGGCCTTCCCGTTCA","hESC_C12","C3"
"BC_ATGAGTCTCTACAGGT","hESC_C9","C0"
"BC_TAGGGTTCAGCTGCCA","hESC_C9","C3"
"BC_GACCCTTAGACATGCG","hESC_C9","C0"
"BC_CTCCGATTCCATTGCC","hESC_A7","C3"
"BC_CATGCCTGTGCCGTAC","hESC_C12","C2"
"BC_TTGGATGAGTAGGATT","hESC_A7","C3"
"BC_CTGCATCTCATGGCCG","hESC_C12","C0"
"BC_GTTGTAGTCCACGGGT","hESC_D3","C0"
"BC_TTGATGGTCAGCTAGT","hESC_C12","C0"
"BC_CTGTAGATCCTTGAAG","hESC_D3","C0"
"BC_ATCGATGTCAAGTCTG","hESC_C9","C0"
"BC_GGTTAACTCTCTCCGA","hESC_C9","C2"
"BC_ATTCTTGTCATGCCCT","hESC_A7","C0"
"BC_TCGGTCTGTTCGTTCC","hESC_C9","C0"
"BC_CCTCCTCTCCAATCCC","hESC_A7","C0"
"BC_AGGAGGTGTCGAATTC","hESC_C9","C3"
"BC_CGTCAAATCCATAAGC","hESC_D3","C0"
"BC_CATAAGCCAAGACGAC","hESC_D3","C0"
"BC_CAACGATCATTCAGGT","hESC_D3","C0"
"BC_AGAGAATAGGGTTTCT","hESC_C9","C0"
"BC_GTTAGACAGCACTCTA","hESC_A7","C2"
"BC_TCAATCTTCCTCAGGG","hESC_C9","C3"
"BC_CAAGGGATCACCGGGT","hESC_D3","C0"
"BC_CATGCTCCATGACGTT","hESC_D3","C2"
"BC_GACTATGCAGAATCGG","hESC_A7","C0"
"BC_CCACACTCACATATGC","hESC_C12","C0"
"BC_GTTGTGAGTAGTCGTT","hESC_D3","C0"
"BC_AGATAGATCCCGTGAG","hESC_C9","C3"
"BC_TTGTTTGAGGTCATTC","hESC_D3","C0"
"BC_TCGCAGGAGTCTGGTT","hESC_C9","C0"
"BC_GTTGTGAGTATGCTAC","hESC_C9","C0"
"BC_TGACCCTCACAAATGA","hESC_D3","C0"
"BC_GAGTGTTCACCTAAAC","hESC_A7","C0"
"BC_CCACTTGGTTGGGATG","hESC_C9","C3"
"BC_GCGTTTCCATCCTGTC","hESC_D3","C0"
"BC_AGGACTTTCGACCAAT","hESC_D3","C0"
"BC_CCTTCAGGTCCAGCCA","hESC_C9","C3"
"BC_GGGTAGATCACACCGG","hESC_D3","C0"
"BC_CCCTCTCAGAACTGAT","hESC_C9","C2"
"BC_CGAAGGACACGCTATA","hESC_A7","C3"
"BC_TTCCTTCAGGGTTAGC","hESC_A7","C0"
"BC_ACCTACCCACTAACCA","hESC_D3","C1"
"BC_TACGTCCCACGCACCA","hESC_C9","C0"
"BC_GTATTGGAGCTTGTGT","hESC_A7","C0"
"BC_AGGAAATAGGATACGC","hESC_D3","C0"
"BC_TCCTAATAGCGTCTGC","hESC_C9","C0"
"BC_AACGAAATCCCTCTAG","hESC_A7","C0"
"BC_GTGGAGATCTAGAACC","hESC_C9","C2"
"BC_GGATCTAAGGACTATA","hESC_C9","C0"
"BC_GCCCAGAAGCAACAAT","hESC_C12","C1"
"BC_ACTTTGTGTGACAGGT","hESC_C9","C0"
"BC_CATACAGGTAAGCTCT","hESC_D3","C0"
"BC_ATTCATCGTATTCTCT","hESC_D3","C3"
"BC_ACAGAAATCCGCTGTT","hESC_C9","C0"
"BC_ATCGCCTGTAAGCTCT","hESC_C9","C3"
"BC_TCAGGTAAGCTGACTT","hESC_A7","C0"
"BC_TTCTGTAAGGAAACGA","hESC_C9","C0"
"BC_GTTATGGCAAGCGAGT","hESC_D3","C0"
"BC_TGTGAGTTCTTGGAAC","hESC_C12","C0"
"BC_GGAGGATTCTTCCAGC","hESC_A7","C3"
"BC_ATCACGATCTTCTAAC","hESC_D3","C0"
"BC_TCATTTGGTCGTTCAA","hESC_C12","C0"
"BC_TTTCCTCTCGCTAAAC","hESC_C9","C0"
"BC_CAGATCACACAGCGCT","hESC_A7","C0"
"BC_TTGGTTTTCACGGACC","hESC_C9","C1"
"BC_TGTCAGAAGATGGCAC","hESC_D3","C0"
"BC_CATTGTTAGCGTCAAG","hESC_D3","C0"
"BC_TTGCCTGTCTTAGCTT","hESC_D3","C0"
"BC_AGTGTTGGTTGTTTGG","hESC_C9","C0"
"BC_TGTTCTATCGACATAC","hESC_A7","C0"
"BC_GAGACCCTCGCCTCTA","hESC_C12","C0"
"BC_ATGGGAGCAAGCGAGT","hESC_D3","C0"
"BC_CCTTCAGTCATTCGTT","hESC_C12","C0"
"BC_TGACTCCAGTGGTCAG","hESC_C9","C0"
"BC_TCGCTTGCACCCTTAC","hESC_C9","C0"
"BC_CCAATGAGTGCTCGTG","hESC_C12","C0"
"BC_TGTAACGGTCACTCAA","hESC_C12","C3"
"BC_GTCATGAGTTCTCAGA","hESC_D3","C0"
"BC_TCCGATCCATAACTCG","hESC_C12","C0"
"BC_TTAGGCAGTTCCGCGA","hESC_C12","C0"
"BC_TGACAGTGTAGGTAGC","hESC_C9","C2"
"BC_ACTATGGTCTGGGATT","hESC_D3","C0"
"BC_TGGTACATCTACACTT","hESC_A7","C3"
"BC_TGAGTCATCATACAGC","hESC_D3","C0"
"BC_TTGTTTGAGGTAAGAG","hESC_C9","C0"
"BC_CAGGCCAAGGGATCGT","hESC_D3","C0"
"BC_ACGTTCCGTGTGGACA","hESC_C9","C0"
"BC_CCAATTTTCAGCCTCT","hESC_A7","C3"
"BC_GGAACCCCAACACAAA","hESC_C9","C1"
"BC_AAGGTAACAGAGTCTT","hESC_C9","C0"
"BC_CAAAGAAGTCGGATTT","hESC_A7","C3"
"BC_GTCATTTGTAGAATGT","hESC_C9","C0"
"BC_GTCTCACTCGGCTGTG","hESC_D3","C0"
"BC_GAAGTAAGTGCTATTG","hESC_D3","C2"
"BC_TCAAGACCAGAGGGTT","hESC_C9","C0"
"BC_ACGTAACCACACCTTC","hESC_D3","C2"
"BC_ATCCATTTCCCGAGGT","hESC_D3","C0"
"BC_TTTGGTTCAGATTTCG","hESC_C9","C2"
"BC_GGCTGTGGTTGTAGCT","hESC_A7","C3"
"BC_CCTGTTGCAGCGACCT","hESC_D3","C0"
"BC_CAGATCAGTCTTTCTA","hESC_C12","C3"
"BC_TCACAAGAGGCATGCA","hESC_A7","C3"
"BC_ACTGCAACACTAAACC","hESC_A7","C2"
"BC_GTCAAGTTCAGACATC","hESC_C9","C0"
"BC_GTGGGAAAGTTGTCGT","hESC_A7","C3"
"BC_AAACGAAAGGCCATAG","hESC_A7","C0"
"BC_GTGGGAACATTGCCGG","hESC_C9","C3"
"BC_GAGTCATAGACACACG","hESC_C9","C0"
"BC_CACATGAAGGTTGGAC","hESC_A7","C3"
"BC_AGTGTTGCATCGCTAA","hESC_C12","C0"
"BC_TACTTCAAGAACCGCA","hESC_A7","C3"
"BC_ATAGAGATCTAGCCAA","hESC_C12","C0"
"BC_TCACTCGGTCCAAAGG","hESC_C12","C0"
"BC_AGACCCGAGCCGATAG","hESC_D3","C0"
"BC_TTGAACGCAGAACCGA","hESC_D3","C0"
"BC_CCTCCAATCTCTGAGA","hESC_A7","C3"
"BC_ATCACAGTCGAAGGAC","hESC_A7","C3"
"BC_TGTACAGCATGACAGG","hESC_D3","C0"
"BC_TCAGTGACAACGAGGT","hESC_D3","C0"
"BC_TGTCCTGGTCGCAGTC","hESC_A7","C0"
"BC_ACCTGAAAGACTTCAC","hESC_C12","C3"
"BC_AGAGAATAGCGTTACT","hESC_C12","C2"
"BC_GATGTTGTCTATCGGA","hESC_D3","C0"
"BC_CTGTAGACATGTTCAG","hESC_C12","C0"
"BC_TTCTAGTTCCAATGCA","hESC_C9","C0"
"BC_GAGAGGTAGATCGCTT","hESC_A7","C3"
"BC_TTACAGGTCTGCGGCA","hESC_A7","C0"
"BC_TACGTCCCAATAGGAT","hESC_D3","C0"
"BC_GATTTCTTCGGAATGG","hESC_A7","C3"
"BC_GATGACTCATAACTCG","hESC_D3","C0"
"BC_CCCTGATAGTAGGAAG","hESC_D3","C1"
"BC_GATGTTGCAATCGTCA","hESC_A7","C0"
"BC_GACTTCCCAGACCCGT","hESC_A7","C3"
"BC_AGAAGCGTCGAGCCAC","hESC_C9","C0"
"BC_ATCGGATGTTCTCTCG","hESC_A7","C3"
"BC_TGAACGTGTCCACTTC","hESC_D3","C2"
"BC_CAGGGCTAGGTAGTAT","hESC_C9","C0"
"BC_GCAGGCTTCATTGTTC","hESC_C9","C0"
"BC_CAGATCATCTACTGAG","hESC_D3","C0"
"BC_AGAAGCGTCCACTTCG","hESC_C9","C0"
"BC_CATCGGGAGTAATACG","hESC_C9","C0"
"BC_ATTCCCGGTTCTCAGA","hESC_A7","C1"
"BC_CCTATCGTCAATCGGT","hESC_C9","C2"
"BC_ACGATCAAGCTTGTGT","hESC_C12","C0"
"BC_CAAAGAATCTCCGAAA","hESC_A7","C0"
"BC_CATCGGGCAAGTCGTT","hESC_A7","C0"
"BC_GAAGCCCAGAATAACC","hESC_D3","C0"
"BC_TTCCTCTGTTAATGAG","hESC_D3","C1"
"BC_TATTTCGTCAGGAGAC","hESC_C9","C0"
"BC_TGAGCGCTCACATCAG","hESC_C12","C3"
"BC_TCAAGTGAGTAAGCAT","hESC_C9","C0"
"BC_TACCTGCAGCACACCC","hESC_C9","C0"
"BC_CCCTAACGTCTAGATC","hESC_A7","C3"
"BC_GTCACTCCAAGGCGTA","hESC_C9","C0"
"BC_GCGGATCCATTCGATG","hESC_D3","C0"
"BC_TACACCCAGGTAGACC","hESC_A7","C0"
"BC_AACACACCACGCTTAA","hESC_D3","C3"
"BC_CTGCCATTCCGCCTAT","hESC_D3","C0"
"BC_CCGAACGCAATCAGCT","hESC_C9","C3"
"BC_CTTGAGATCAGGGATG","hESC_C12","C0"
"BC_CGATGGCGTATTCCGA","hESC_C12","C3"
"BC_AGGGTCCGTGACACAG","hESC_A7","C1"
"BC_TTAGTCTGTGGTCCCA","hESC_A7","C3"
"BC_CCCGAAGAGCCATTGT","hESC_A7","C0"
"BC_TCTAACTCAATGCAGG","hESC_D3","C0"
"BC_GGCTTGGAGCTAGATA","hESC_C9","C0"
"BC_GCCATTCTCGAGTGAG","hESC_A7","C0"
"BC_ACTTATCCACCTCTGT","hESC_D3","C3"
"BC_TTAATCCTCCATCAGA","hESC_D3","C3"
"BC_TCCTCCCGTGGTCCCA","hESC_D3","C0"
"BC_TCCACGTTCGCGGACT","hESC_A7","C1"
"BC_CTTTCGGAGTCACACT","hESC_A7","C2"
"BC_GGAGAACGTGGCTTGC","hESC_C9","C0"
"BC_GTTGTGAGTACGACAG","hESC_C9","C0"
"BC_CATCCACGTCACTTAG","hESC_A7","C0"
"BC_CCACGAGGTATAATGG","hESC_A7","C2"
"BC_GCAGGCTGTCTCACGG","hESC_C9","C0"
"BC_GTGACGCGTCGTTGGC","hESC_C9","C3"
"BC_AGACAGGCAACGGGTA","hESC_C9","C0"
"BC_CATTGAGCACCCTTAC","hESC_C9","C0"
"BC_CTAAGTGTCTATACTC","hESC_A7","C3"
"BC_GGAAGTGTCGTCACCT","hESC_A7","C0"
"BC_AGGTCATCAGATGCGA","hESC_D3","C0"
"BC_TCATTACCAACTAGAA","hESC_C9","C2"
"BC_TACCTCGCAGAGACTG","hESC_C9","C0"
"BC_AGGTCTAGTTCTCTCG","hESC_D3","C0"
"BC_TCGACCTCACCAACAT","hESC_D3","C0"
"BC_AAACGCTTCCTTCTTC","hESC_A7","C1"
"BC_TCCCATGCAATGTGGG","hESC_C9","C0"
"BC_GAGTGTTCAAGTGATA","hESC_C9","C0"
"BC_CGCAGGTTCCAAAGGG","hESC_C9","C2"
"BC_GTGAGTTTCGGACAAG","hESC_A7","C0"
"BC_CCATAAGGTAGTATAG","hESC_C12","C3"
"BC_CCACACTGTAGTGATA","hESC_A7","C0"
"BC_GTCTGTCCACACCGCA","hESC_A7","C2"
"BC_ACTTATCTCCCGATCT","hESC_C12","C3"
"BC_TAGCACATCTTAATCC","hESC_A7","C2"
"BC_ATTCACTTCTCTTAAC","hESC_C12","C0"
"BC_TGTACAGGTCACCTTC","hESC_C12","C0"
"BC_TGAACGTTCAGCTTGA","hESC_C9","C2"
"BC_TTCCAATCACGACCTG","hESC_A7","C3"
"BC_ACGGTTAGTAGATCCT","hESC_A7","C0"
"BC_CACGAATAGCTATCCA","hESC_A7","C3"
"BC_TCCACCAGTTGCCGAC","hESC_D3","C0"
"BC_CGCGTGAAGTCACAGG","hESC_A7","C1"
"BC_CAGCACGCAAACCATC","hESC_C12","C2"
"BC_TGGATGTAGCCTTCTC","hESC_C9","C0"
"BC_TACACCCGTGCCTATA","hESC_D3","C0"
"BC_ACGTACAAGGGAGGTG","hESC_A7","C0"
"BC_AGCCAATTCGTTCAGA","hESC_A7","C0"
"BC_TATTGGGAGTATGTAG","hESC_C9","C0"
"BC_TCCTGCAAGTCATCCA","hESC_C9","C0"
"BC_ACTGTGACAGGAAGTC","hESC_C9","C0"
"BC_GGGCGTTGTGCATGAG","hESC_C9","C0"
"BC_AGCGTCGGTGCACAAG","hESC_C12","C0"
"BC_AAAGGGCCATAGAGGC","hESC_A7","C0"
"BC_GCATCTCCACACGGTC","hESC_A7","C3"
"BC_CCGAACGCATCCAACA","hESC_D3","C3"
"BC_GTAGAGGCACTTGTCC","hESC_D3","C0"
"BC_CACAGGCCACAAATGA","hESC_D3","C0"
"BC_GTCGAATCAACCCGCA","hESC_D3","C0"
"BC_GGGACCTCACTGCACG","hESC_A7","C3"
"BC_AGATCGTTCATGAGGG","hESC_D3","C0"
"BC_TTCCAATTCCACTTCG","hESC_A7","C1"
"BC_GCCATTCAGCCTCTTC","hESC_C9","C3"
"BC_AAGACAAAGAATCCCT","hESC_C12","C3"
"BC_TCGCTCAAGGCGTCCT","hESC_C9","C0"
"BC_GTACAACAGGTTGTTC","hESC_C12","C0"
"BC_TTCAATCTCGTGCATA","hESC_C9","C0"
"BC_TGCGGGTCAGTATACC","hESC_C12","C0"
"BC_AAATGGAGTCCAAAGG","hESC_C9","C0"
"BC_TAACGACCAACTTGCA","hESC_C9","C0"
"BC_AGAGCCCAGGACTATA","hESC_C12","C0"
"BC_TCGCACTGTCGCATTA","hESC_A7","C3"
"BC_GACCCTTAGGTTACAA","hESC_D3","C0"
"BC_TCTCCGACAGCTCATA","hESC_C12","C0"
"BC_AGCCAGCCAAAGCACG","hESC_C12","C0"
"BC_TCCACGTAGACGACTG","hESC_D3","C0"
"BC_GATGATCCATCACCAA","hESC_C12","C0"
"BC_AGACTCAGTATCCTTT","hESC_C9","C3"
"BC_GAGGCCTCAAGAAATC","hESC_C12","C2"
"BC_CTGATCCAGGTCCTGC","hESC_C9","C0"
"BC_ATTGTTCGTCAACCTA","hESC_D3","C0"
"BC_CTGCATCTCTGACCCT","hESC_C9","C0"
"BC_GTTCATTTCGTTGTAG","hESC_A7","C1"
"BC_ATTTACCGTCCCGGTA","hESC_A7","C3"
"BC_CGTTGGGGTAGCTGCC","hESC_C9","C0"
"BC_GAAGCGAGTCTGTGCG","hESC_A7","C0"
"BC_TCCTGCATCTTTCCGG","hESC_A7","C0"
"BC_TTACGTTCACAAGCAG","hESC_D3","C0"
"BC_CCACAAACACAACCGC","hESC_A7","C1"
"BC_TCAGTGATCGGTCGGT","hESC_C9","C0"
"BC_ACCACAAAGAGAGTTT","hESC_C9","C0"
"BC_TGAACGTTCGCCTAGG","hESC_C9","C3"
"BC_TCCTTCTCAGGTTCCG","hESC_D3","C0"
"BC_CTGAGGCAGCACTCCG","hESC_C9","C3"
"BC_TCTAACTTCACATCAG","hESC_C9","C3"
"BC_AGTACTGAGAAGCCAC","hESC_C9","C1"
"BC_TGTTCATTCGTGCACG","hESC_D3","C0"
"BC_TGCCGAGGTCATAGTC","hESC_D3","C0"
"BC_ACTGATGTCTGGCTGG","hESC_C12","C0"
"BC_CATACTTAGAAGCCTG","hESC_A7","C3"
"BC_GCTTGGGTCTTGGAAC","hESC_A7","C0"
"BC_CGACAGCCAAATCGTC","hESC_D3","C0"
"BC_GGAGAACAGTCATCGT","hESC_A7","C0"
"BC_TGATGCACATCGATCA","hESC_C12","C0"
"BC_CCTCCTCCACTTGGGC","hESC_C9","C3"
"BC_TCAGCCTCACTGGACC","hESC_A7","C3"
"BC_GCATCTCTCTATGCCC","hESC_C9","C0"
"BC_AACGAAACACAGCTGC","hESC_C9","C3"
"BC_GTTGAACGTTCGTGCG","hESC_D3","C2"
"BC_CTGATCCAGTACCCTA","hESC_C12","C0"
"BC_GAAGGGTGTGCTGCAC","hESC_C12","C0"
"BC_ACTGTCCTCTCGTCAC","hESC_C12","C3"
"BC_TAGGTTGTCAACCGAT","hESC_C12","C1"
"BC_GTTTGGAGTACGGCAA","hESC_C9","C3"
"BC_CTACGGGAGCTACTGT","hESC_D3","C0"
"BC_CATGGTAGTGTAAACA","hESC_D3","C0"
"BC_GGCACGTAGTTAACGA","hESC_A7","C0"
"BC_GTAGTACTCCTGTAAG","hESC_A7","C2"
"BC_CAGGCCATCGTGTCAA","hESC_D3","C0"
"BC_AGATAGACAGATTTCG","hESC_A7","C0"
"BC_ACCAAACCATGCTGCG","hESC_C9","C3"
"BC_AGCATCACACGACGAA","hESC_C9","C0"
"BC_TCGGGTGAGCAAGTGC","hESC_C9","C0"
"BC_TCCTTTCGTACGCTTA","hESC_D3","C0"
"BC_TTAGGCACAGGAGGTT","hESC_A7","C0"
"BC_CTCCACAAGCAGGCTA","hESC_C12","C0"
"BC_AGGTAGGTCCATTGCC","hESC_D3","C0"
"BC_TCCATGCAGGCTTAGG","hESC_C12","C0"
"BC_CGATGCGAGAGAACCC","hESC_A7","C0"
"BC_TATACCTGTCTGTTAG","hESC_D3","C0"
"BC_ATTGGGTTCGATGCTA","hESC_C12","C0"
"BC_GCCATGGCATATCTCT","hESC_D3","C0"
"BC_GTCTACCGTGGTCTCG","hESC_D3","C2"
"BC_GAGTCATAGTGCCAGA","hESC_A7","C2"
"BC_AAAGGATTCTGGGCGT","hESC_A7","C0"
"BC_TGTTCATTCCTCTCTT","hESC_A7","C0"
"BC_CTGTATTTCGTTCATT","hESC_C9","C3"
"BC_GGAGATGTCTGTCCGT","hESC_C12","C2"
"BC_GTGTCCTCAGCACGAA","hESC_A7","C2"
"BC_TCGGGCATCGATGCAT","hESC_C12","C0"
"BC_ATTGTTCCATGGCTAT","hESC_C9","C0"
"BC_CTGGACGAGGTAGCCA","hESC_A7","C0"
"BC_GAAGGGTGTTGCATGT","hESC_C9","C0"
"BC_GAACTGTAGGTTTACC","hESC_C9","C3"
"BC_TGCTCGTTCTGTAAGC","hESC_D3","C0"
"BC_TTGATGGAGGCGTTAG","hESC_A7","C2"
"BC_TCTCCGACAAGCGCTC","hESC_C9","C0"
"BC_CTATCCGGTGGCCCAT","hESC_C12","C2"
"BC_TGGTACATCGTCTCAC","hESC_C12","C0"
"BC_GAGTGTTTCATGAGAA","hESC_C9","C0"
"BC_GTGTAACCAGACCCGT","hESC_A7","C0"
"BC_CGTTCTGCACACCTAA","hESC_A7","C3"
"BC_TCTCTGGTCCGTGACG","hESC_A7","C0"
"BC_TGGGCTGTCATGGTAC","hESC_C9","C3"
"BC_ATGGTTGCATGTCAGT","hESC_A7","C3"
"BC_ATCGTAGGTTCAGGTT","hESC_C9","C0"
"BC_ATTCTTGAGGACAACC","hESC_C9","C0"
"BC_GGTAACTCAACCGCCA","hESC_C9","C3"
"BC_AAACGCTGTGCTCGTG","hESC_A7","C0"
"BC_TGTGAGTCAGTAGAAT","hESC_C9","C2"
"BC_TACAGGTCAGCGGTCT","hESC_C9","C3"
"BC_TACCCACCATGTTACG","hESC_C12","C1"
"BC_ATTCGTTCATCATCTT","hESC_C12","C0"
"BC_AAGTACCAGCGCCCAT","hESC_C12","C3"
"BC_CTATCTATCTTACACT","hESC_C9","C0"
"BC_CCGGACAAGAGTGTGC","hESC_D3","C0"
"BC_GGGTGAAAGTCTGGAG","hESC_A7","C3"
"BC_AGCCACGGTTTGACAC","hESC_C9","C3"
"BC_AACAACCAGTAGGGTC","hESC_D3","C0"
"BC_GTCTACCCACCCTGAG","hESC_C12","C0"
"BC_AACAAGAGTTTGTGGT","hESC_C9","C3"
"BC_TTGCCTGTCTCATGGA","hESC_C9","C1"
"BC_GTGTGGCTCTTGCAAG","hESC_D3","C1"
"BC_ATACCTTCATGCGGTC","hESC_C9","C3"
"BC_CCCTCAACATGCCGGT","hESC_A7","C0"
"BC_GCGTTTCAGAGTGAAG","hESC_C9","C3"
"BC_GAGTCATTCACGAGGA","hESC_C9","C3"
"BC_ATGCCTCGTCTTTCAT","hESC_A7","C3"
"BC_AGACCATCAACTGCCG","hESC_C12","C3"
"BC_TGACGCGAGCGAGTCA","hESC_D3","C0"
"BC_TTCCTTCGTCTCTCAC","hESC_A7","C3"
"BC_AGAGCCCCAATCGAAA","hESC_A7","C0"
"BC_TACTTACCACTCCGAG","hESC_C12","C0"
"BC_CATTGAGGTGGCACTC","hESC_D3","C0"
"BC_AGTCATGGTATAATGG","hESC_C9","C3"
"BC_GCAGTTAGTGCCTGCA","hESC_C12","C0"
"BC_GTTAGACTCTACGCAA","hESC_C9","C0"
"BC_ATTCATCCATCATTTC","hESC_A7","C3"
"BC_CATTGCCGTGGCTTGC","hESC_D3","C0"
"BC_AAGCGAGAGACTGTTC","hESC_A7","C2"
"BC_GGCTTGGTCACCCTTG","hESC_C9","C0"
"BC_AAAGGGCCATCATCCC","hESC_A7","C3"
"BC_TAGACTGAGAGGTCGT","hESC_A7","C0"
"BC_GCAGCTGCATGTGCTA","hESC_D3","C0"
"BC_CTCCGATCACTTGAGT","hESC_A7","C1"
"BC_AATAGAGTCGTCACCT","hESC_A7","C2"
"BC_TGGTACAAGCTGTGCC","hESC_C12","C3"
"BC_GTTACGAGTATCCCAA","hESC_A7","C3"
"BC_TCGTGCTCAATTCACG","hESC_D3","C0"
"BC_CATACCCCATCAGTGT","hESC_C9","C0"
"BC_CCAATTTGTATTGACC","hESC_C12","C0"
"BC_TCAATCTCATGATCTG","hESC_A7","C0"
"BC_TAGCACATCAGCAATC","hESC_C12","C0"
"BC_GACTTCCTCTATCGGA","hESC_D3","C0"
"BC_ATTACCTAGTAGAGTT","hESC_A7","C3"
"BC_CAAAGAACAAAGAACT","hESC_A7","C1"
"BC_TGCGGGTTCCAAACCA","hESC_C9","C0"
"BC_ATCGGATGTCACGACC","hESC_D3","C3"
"BC_TTGCTGCCATGGAGAC","hESC_A7","C3"
"BC_CTGCGAGCACCTCTGT","hESC_A7","C0"
"BC_CATTTCACAGGAGGTT","hESC_A7","C0"
"BC_AAGAACAAGGCCTGCT","hESC_C9","C0"
"BC_ACTCCCATCGATTCCC","hESC_D3","C3"
"BC_GATGCTAAGCGAGTCA","hESC_C9","C1"
"BC_TGACTCCGTAACCAGG","hESC_C9","C0"
"BC_AAATGGAGTGATTAGA","hESC_D3","C0"
"BC_TTTCACACAGAACATA","hESC_C9","C0"
"BC_GCCAGTGTCTTACCAT","hESC_D3","C0"
"BC_TCAGGTATCTCTAAGG","hESC_A7","C3"
"BC_CCTGCATTCCACACCT","hESC_C12","C3"
"BC_AGGGAGTTCTTCCTAA","hESC_A7","C2"
"BC_ACACGCGAGATCACTC","hESC_C12","C3"
"BC_GTGAGTTTCGTACCTC","hESC_D3","C2"
"BC_TACTTCAGTTTGATCG","hESC_A7","C0"
"BC_GAGGCCTCACATCCCT","hESC_D3","C0"
"BC_GTAGATCAGGTCGTCC","hESC_C9","C0"
"BC_CACAGATTCCATTCGC","hESC_D3","C0"
"BC_TTAGGCATCATCACCC","hESC_C12","C3"
"BC_TGACGCGAGTACCATC","hESC_C12","C2"
"BC_TCACATTGTTCGTAAC","hESC_D3","C0"
"BC_GTTGCGGGTCCGTTTC","hESC_D3","C0"
"BC_TTCTTGAGTCCCTGTT","hESC_A7","C0"
"BC_CGTGAATTCTGCTTTA","hESC_A7","C3"
"BC_CGGGTCATCGTTCTGC","hESC_A7","C1"
"BC_ATACTTCAGCGCCTTG","hESC_C12","C0"
"BC_TCGAAGTCATGGACAG","hESC_A7","C0"
"BC_TATCGCCGTCAGTCCG","hESC_C9","C0"
"BC_CCCAACTGTTCTCGCT","hESC_D3","C0"
"BC_GCTCAAAAGGGACTGT","hESC_C9","C3"
"BC_TGCGACGAGAATTTGG","hESC_D3","C1"
"BC_CAATACGGTGGCACTC","hESC_A7","C3"
"BC_TCGGGTGCAGGACTTT","hESC_C9","C2"
"BC_CTCTCGAGTGTTGAGG","hESC_A7","C2"
"BC_ACGTAGTTCCGTGACG","hESC_C9","C1"
"BC_TGTCCTGGTGCTATTG","hESC_A7","C0"
"BC_GGGACCTAGACGCAGT","hESC_D3","C0"
"BC_GTTACAGTCTACCTTA","hESC_A7","C0"
"BC_TATTGCTTCAAACTGC","hESC_A7","C0"
"BC_GGATCTATCTCCACTG","hESC_A7","C3"
"BC_TGGGAAGCATGGTGGA","hESC_C12","C3"
"BC_TGGGATTGTTACCCAA","hESC_A7","C2"
"BC_TGGAGGAAGTTGCTGT","hESC_A7","C0"
"BC_TCCAGAATCAAACGAA","hESC_A7","C0"
"BC_CGGGTCAGTAATGCGG","hESC_C9","C1"
"BC_GAGACCCGTGGTCAAG","hESC_C12","C0"
"BC_AGAACCTCAAGCTCTA","hESC_C9","C0"
"BC_TAATCTCGTAACATCC","hESC_D3","C0"
"BC_GTGTAACAGCGCTGAA","hESC_A7","C1"
"BC_TCTTTGATCAGGCGAA","hESC_A7","C1"
"BC_GAGTGTTGTTTGACAC","hESC_D3","C0"
"BC_GTGAGTTGTATTTCCT","hESC_C9","C0"
"BC_CTGCAGGCATGGCCCA","hESC_A7","C0"
"BC_TGCCGAGCAACCCTAA","hESC_D3","C0"
"BC_TCAAGACCAACACTAC","hESC_C12","C3"
"BC_CTGCCATCATTAGGAA","hESC_D3","C0"
"BC_AAGGAATTCAAGCCGC","hESC_C9","C3"
"BC_GGTTGTAGTACGGGAT","hESC_A7","C0"
"BC_TCCCAGTAGCGGATCA","hESC_D3","C0"
"BC_CAAGAGGCAGCTTCGG","hESC_C9","C0"
"BC_GCCTGTTTCCAGCACG","hESC_A7","C0"
"BC_AGTCACACATCTTCGC","hESC_A7","C0"
"BC_AATGACCAGTGATGGC","hESC_D3","C0"
"BC_GGTGTCGCAACGATCT","hESC_C9","C0"
"BC_TGGGAAGCAAGCAATA","hESC_C9","C0"
"BC_TTCAATCGTTCTCTCG","hESC_A7","C0"
"BC_ACACAGTGTCGGCACT","hESC_D3","C1"
"BC_TGGATGTAGGATTTGA","hESC_C9","C0"
"BC_ACCTACCAGAACTTCC","hESC_D3","C0"
"BC_TCCATGCGTTGGACCC","hESC_C9","C3"
"BC_TTTCATGCAACAACAA","hESC_C12","C0"
"BC_TTCCACGCACTACGGC","hESC_C12","C3"
"BC_CTACCTGTCTCAATCT","hESC_D3","C3"
"BC_GGCACGTAGTTAACGA","hESC_C12","C3"
"BC_TACCGGGTCTTACACT","hESC_D3","C0"
"BC_TATATCCAGACCAGCA","hESC_C12","C3"
"BC_GCAGTTATCTAGTTCT","hESC_A7","C0"
"BC_ACACCAATCTGAATGC","hESC_C9","C2"
"BC_ACTTCCGTCACGTCCT","hESC_C9","C0"
"BC_CATCGTCAGTTGCTCA","hESC_D3","C0"
"BC_TTGAGTGGTGTTAGCT","hESC_C12","C0"
"BC_GTGTTAGCACCGTGAC","hESC_C9","C3"
"BC_AGGGCCTGTGGCAGAT","hESC_C9","C0"
"BC_AGTTCGAGTGCCTACG","hESC_C9","C3"
"BC_GTTACCCCACATATCG","hESC_A7","C3"
"BC_CCTCAACAGTAGCTCT","hESC_C12","C0"
"BC_CATCGTCCAAGTTCGT","hESC_A7","C0"
"BC_ATCACTTTCCACTTTA","hESC_C12","C2"
"BC_GTGACGCAGTCAAGCG","hESC_D3","C0"
"BC_AAGACAAAGCCATTTG","hESC_C12","C0"
"BC_ACAAGCTCATGTTACG","hESC_A7","C0"
"BC_AGGTGTTTCTGGACTA","hESC_C9","C0"
"BC_TCTACATCATCCCACT","hESC_C9","C3"
"BC_CCATAAGAGTAAGACT","hESC_A7","C3"
"BC_CATTCATGTGTCTTAG","hESC_A7","C2"
"BC_TTCAATCTCGTTACCC","hESC_C9","C3"
"BC_ACGTTCCTCACGGTCG","hESC_C9","C0"
"BC_CCCTGATTCTTCGACC","hESC_C12","C3"
"BC_CCATCACGTCCCGGTA","hESC_A7","C0"
"BC_AGTTCCCGTAGTGCGA","hESC_C12","C2"
"BC_ATTATCCTCCAGGACC","hESC_D3","C0"
"BC_GTGTGGCGTTACCCAA","hESC_D3","C0"
"BC_TGAGGAGGTGTGTGGA","hESC_A7","C0"
"BC_CCCTAACTCCAGCCTT","hESC_D3","C3"
"BC_CTCCCTCGTTATCCAG","hESC_A7","C0"
"BC_CTGCCATGTGTTAAAG","hESC_D3","C0"
"BC_AGAGCCCGTACACGCC","hESC_D3","C2"
"BC_TGGTGATAGCCGGATA","hESC_A7","C3"
"BC_AAAGTGATCACAGTGT","hESC_A7","C0"
"BC_CGTTGGGTCATTCATC","hESC_C9","C0"
"BC_TCGCAGGTCGGTAACT","hESC_C9","C1"
"BC_TCGTGCTGTCCCTGTT","hESC_D3","C0"
"BC_GGGCTACTCTATCGCC","hESC_C9","C0"
"BC_ACTTTGTGTCCACGCA","hESC_A7","C0"
"BC_GAGAGGTTCATGACAC","hESC_D3","C0"
"BC_CTCTGGTCAAGTTTGC","hESC_D3","C1"
"BC_GATTCTTCACAAGCCC","hESC_D3","C3"
"BC_GTAGATCAGCACCTGC","hESC_C9","C3"
"BC_GCATCTCTCCCATGGG","hESC_C9","C0"
"BC_GCACGTGCACCAGTAT","hESC_A7","C0"
"BC_TAGATCGAGAGCTGCA","hESC_A7","C0"
"BC_TACCTCGTCGCATAGT","hESC_C9","C0"
"BC_ACGATCACAGCGGATA","hESC_C9","C0"
"BC_CTCCGATTCGGCTGAC","hESC_A7","C0"
"BC_GATAGCTCATTCACCC","hESC_A7","C3"
"BC_ATCGGCGAGTTACGTC","hESC_A7","C0"
"BC_AAAGAACCACCGAATT","hESC_C9","C0"
"BC_ATCCACCCATTCCTAT","hESC_D3","C0"
"BC_AATGAAGGTTTGCCGG","hESC_C9","C3"
"BC_TGTAGACGTCACCGAC","hESC_C9","C0"
"BC_GGAGGTAGTACAGCGA","hESC_D3","C0"
"BC_TACCCACAGTAGAGTT","hESC_D3","C0"
"BC_AGAACCTAGCGATGCA","hESC_D3","C2"
"BC_GGATCTACACATAACC","hESC_C9","C3"
"BC_TGTTGGATCGACTCCT","hESC_A7","C3"
"BC_CAGGGCTCAAGTGCAG","hESC_D3","C0"
"BC_GATCGTAGTGTTACAC","hESC_D3","C0"
"BC_GTAACCATCTGGACCG","hESC_C9","C0"
"BC_CATGCGGAGCTAGAAT","hESC_D3","C1"
"BC_TCAGGGCGTTTGTGGT","hESC_C9","C0"
"BC_TTCATTGCAAGCGAGT","hESC_A7","C3"
"BC_TCTGGCTGTACTGCCG","hESC_D3","C0"
"BC_TCCCAGTGTGCTGTCG","hESC_A7","C3"
"BC_AGCGCCACAAGATTGA","hESC_C9","C0"
"BC_TGCTCCATCGCAATGT","hESC_D3","C2"
"BC_ATTCCTAAGGACACTG","hESC_C9","C0"
"BC_TTCGGTCTCCATTTAC","hESC_C9","C0"
"BC_TGTGAGTTCTTGGTCC","hESC_D3","C0"
"BC_TCCAGAACATCCTAAG","hESC_C9","C1"
"BC_CTACCCAAGATCACCT","hESC_D3","C1"
"BC_TAAGCACTCAAGGTGG","hESC_D3","C0"
"BC_GGTAACTCAGTATGAA","hESC_A7","C0"
"BC_AGACACTAGCCTCATA","hESC_A7","C0"
"BC_TCTTGCGGTGCGCTCA","hESC_C12","C1"
"BC_TTCATTGGTCAGTCCG","hESC_C9","C0"
"BC_AGGAATAAGGAGAATG","hESC_D3","C3"
"BC_ACTTATCTCTACGGTA","hESC_D3","C1"
"BC_AGACCCGAGTCCCGAC","hESC_A7","C3"
"BC_AATTTCCGTAGTCCTA","hESC_D3","C0"
"BC_CTCAGAAGTAGGAGTC","hESC_A7","C0"
"BC_TCACACCCATCAGTCA","hESC_C9","C3"
"BC_TTCTTGATCTGGGCGT","hESC_C9","C0"
"BC_TGGGCGTCAACACAGG","hESC_C9","C2"
"BC_CGCAGGTCATCGAGCC","hESC_C9","C0"
"BC_GGAGGTACATCCTTCG","hESC_C9","C3"
"BC_AATCGTGCACACAGCC","hESC_D3","C0"
"BC_TCACGCTCACGTACAT","hESC_A7","C3"
"BC_AATGAAGCATAATGCC","hESC_C9","C3"
"BC_CCATAAGCAAACCACT","hESC_A7","C0"
"BC_TCTATACCACTCCGGA","hESC_D3","C0"
"BC_CTGTATTGTCCACGCA","hESC_D3","C0"
"BC_AATTTCCGTCCTACGG","hESC_A7","C3"
"BC_AACGTCATCTTAGTTC","hESC_C12","C3"
"BC_ACTACGAAGGTCCTGC","hESC_D3","C0"
"BC_GTCCCATAGCAGCCCT","hESC_A7","C0"
"BC_CACTGTCAGCTAGTTC","hESC_C9","C0"
"BC_CGCCAGACATCTGCGG","hESC_A7","C0"
"BC_ACTTATCAGTCAATCC","hESC_D3","C0"
"BC_ACACTGAAGGGCCAAT","hESC_D3","C0"
"BC_CTCCGATAGCTTACGT","hESC_A7","C0"
"BC_TAAGCGTTCCATTGTT","hESC_C9","C0"
"BC_ATTCACTTCTCAGTCC","hESC_C12","C2"
"BC_ACACCAACATATACCG","hESC_C9","C3"
"BC_TGGGATTTCAGAGTGG","hESC_C9","C0"
"BC_TGTGATGGTCCTCCTA","hESC_C9","C3"
"BC_ATGTCCCGTTCTCACC","hESC_C9","C0"
"BC_CGAAGGACACGCTGTG","hESC_D3","C3"
"BC_ATCTCTATCTCGTCAC","hESC_C9","C3"
"BC_GATTTCTAGCTAGTTC","hESC_C9","C0"
"BC_TATCTGTCATGGAATA","hESC_A7","C0"
"BC_TCTACCGAGTTCATCG","hESC_C9","C0"
"BC_GTGTGATGTGCCGAAA","hESC_C9","C0"
"BC_ACTGCAACACATACGT","hESC_D3","C0"
"BC_GGGAGATAGAGCGACT","hESC_C9","C3"
"BC_TTGTGTTCAAGGCAAC","hESC_A7","C1"
"BC_CAGTTAGAGAGCCGAT","hESC_C9","C0"
"BC_TGAGTCAAGAAGCGGG","hESC_C12","C0"
"BC_TCATGTTTCTACTCAT","hESC_D3","C3"
"BC_CAGTGCGAGGCACCAA","hESC_D3","C0"
"BC_TCGAAGTGTCCCTGAG","hESC_A7","C2"
"BC_TTACCGCCAGCGCGTT","hESC_D3","C0"
"BC_AGTACCAGTTCCCAAA","hESC_A7","C3"
"BC_GACTCAATCAAGCCTA","hESC_C12","C2"
"BC_TTTATGCTCCCTCGTA","hESC_C9","C3"
"BC_TCATGGAGTAGGATAT","hESC_C12","C2"
"BC_TACAGGTGTCTGTAGT","hESC_D3","C0"
"BC_CTGAATGAGTTGCTGT","hESC_C12","C3"
"BC_GTTAGACTCACCCATC","hESC_C12","C0"
"BC_ATGCCTCGTATCGCTA","hESC_C9","C3"
"BC_TGTAACGCATCAGCAT","hESC_C9","C0"
"BC_TCACGCTGTGCCCTTT","hESC_C9","C0"
"BC_TCCTCCCCATCTTAGG","hESC_A7","C3"
"BC_TGAGCATCACATGACT","hESC_A7","C3"
"BC_CTCAGAAAGAGTAACT","hESC_C9","C3"
"BC_GTCTGTCAGCATTGAA","hESC_C9","C0"
"BC_ATTCCCGTCGAGTCCG","hESC_C12","C2"
"BC_CTCAATTCATGGGAAC","hESC_A7","C0"
"BC_AACAGGGCATTGCCTC","hESC_C9","C2"
"BC_TCCCAGTAGCATGATA","hESC_D3","C1"
"BC_AATCACGCACCTGATA","hESC_A7","C3"
"BC_GACACGCGTAGAGACC","hESC_C12","C0"
"BC_CAGATACAGGAGATAG","hESC_C12","C0"
"BC_ACAAAGACACATACGT","hESC_D3","C0"
"BC_TGTTCATTCTGGCCGA","hESC_C9","C0"
"BC_CTGGTCTGTCCGGACT","hESC_D3","C0"
"BC_AACACACTCAAAGGAT","hESC_C9","C3"
"BC_GCTGAATTCAATCTTC","hESC_C9","C0"
"BC_GTTAGACCAGACGATG","hESC_A7","C3"
"BC_CTCCAACTCCGACAGC","hESC_C9","C3"
"BC_ACTGATGCAGGCATTT","hESC_D3","C0"
"BC_TCCCACAGTATGCGTT","hESC_A7","C3"
"BC_ACGGGTCAGGCCCGTT","hESC_D3","C0"
"BC_CGCATGGTCAGTGATC","hESC_D3","C0"
"BC_TTGTTGTGTGCGACAA","hESC_D3","C0"
"BC_CGAGAAGGTCCTGTCT","hESC_D3","C0"
"BC_TCATGCCCAGACGATG","hESC_A7","C0"
"BC_GTGACGCTCTGCGTCT","hESC_A7","C2"
"BC_CACTAAGTCGGTCGAC","hESC_D3","C1"
"BC_TTCTTCCCATCCTGTC","hESC_A7","C3"
"BC_TACGTCCGTTCTTGCC","hESC_A7","C3"
"BC_CAAGAGGTCCTTGACC","hESC_D3","C3"
"BC_CTCAGGGGTCGTGGTC","hESC_C9","C0"
"BC_TACTTCATCCTTTGAT","hESC_C9","C0"
"BC_CGCATAAAGTGATGGC","hESC_D3","C0"
"BC_GAACACTGTTCCACAA","hESC_D3","C3"
"BC_AGGGCTCCACTAGGTT","hESC_D3","C0"
"BC_TCTCCGAGTAGAATAC","hESC_D3","C0"
"BC_GTAGAGGAGCATAGGC","hESC_D3","C0"
"BC_ATGACCAAGCGTTAGG","hESC_C12","C0"
"BC_TCGCAGGGTTGCCAAT","hESC_A7","C0"
"BC_CTCTCGAGTTGTCAGT","hESC_A7","C0"
"BC_TGGTAGTTCAGACCGC","hESC_A7","C0"
"BC_ACCGTTCAGATCGGTG","hESC_A7","C0"
"BC_TTGGGTATCGAAGCAG","hESC_C9","C3"
"BC_CAGATTGGTAGCTGAG","hESC_C9","C0"
"BC_CATTGCCTCGCACTCT","hESC_D3","C0"
"BC_ACACTGACATAGGAGC","hESC_C9","C0"
"BC_CTCATCGAGGCACGAT","hESC_A7","C2"
"BC_CAGATACAGGTAAGAG","hESC_A7","C1"
"BC_AGGGCCTTCTGACGCG","hESC_C9","C0"
"BC_AAGACTCCACAGCGCT","hESC_C9","C3"
"BC_TGTAAGCGTCCAAATC","hESC_D3","C0"
"BC_AGGAAATCAGCGTACC","hESC_A7","C0"
"BC_GAAATGAGTACCCGCA","hESC_C12","C0"
"BC_TTAGTCTTCCCGAACG","hESC_A7","C3"
"BC_CAATCGAAGCCAAGGT","hESC_C9","C3"
"BC_AGGCATTAGAGTTGTA","hESC_C9","C0"
"BC_AGACACTAGACTAGAT","hESC_A7","C0"
"BC_CGCATAACACGCTGAC","hESC_C12","C0"
"BC_CAAAGAAAGACATACA","hESC_C9","C0"
"BC_TGTCCCAGTAGCGCTC","hESC_D3","C1"
"BC_TGGCGTGGTATGGTTC","hESC_C12","C0"
"BC_GAATAGATCTATTTCG","hESC_D3","C0"
"BC_ATGACCAAGGCACTCC","hESC_A7","C3"
"BC_TGAGGTTCATCCTTCG","hESC_C12","C2"
"BC_CGGAACCCACAGGATG","hESC_C9","C3"
"BC_CGAGGCTTCAGAACCT","hESC_A7","C3"
"BC_CTCTCGAAGCCGCTTG","hESC_C9","C0"
"BC_CTCCTTTTCCATTCGC","hESC_C9","C0"
"BC_GCTGCAGTCACCCTCA","hESC_D3","C1"
"BC_TTACAGGTCTCTCGCA","hESC_C9","C0"
"BC_CAGCGTGTCTGCGGGT","hESC_D3","C0"
"BC_TACCGGGTCAAAGAAC","hESC_A7","C3"
"BC_GGTGTCGGTGGACTAG","hESC_D3","C0"
"BC_CTCAGAATCTCGCAGG","hESC_A7","C0"
"BC_TTGTGTTAGTAGCATA","hESC_A7","C0"
"BC_GTGGTTAGTATGTCAC","hESC_C12","C2"
"BC_GGCTTTCAGGTCCCGT","hESC_A7","C0"
"BC_GATGGAGAGCGTGTTT","hESC_A7","C0"
"BC_CCTGCATTCCACCTCA","hESC_C12","C0"
"BC_TTCTGTAAGTATGAAC","hESC_C9","C0"
"BC_TCTATCATCCACGTCT","hESC_D3","C0"
"BC_ATGAAAGTCTTACCAT","hESC_C12","C0"
"BC_CCATCACCACCTGCTT","hESC_C9","C3"
"BC_CGGAGAACAAGAATAC","hESC_C9","C0"
"BC_ATGAGGGAGGGCATGT","hESC_C12","C0"
"BC_CTCCTCCGTGGTTTGT","hESC_C9","C3"
"BC_CTAGGTAGTTATTCCT","hESC_A7","C3"
"BC_GTAGATCTCTCTATAC","hESC_A7","C0"
"BC_ACTGCAAGTTCTTGTT","hESC_D3","C0"
"BC_TGTTCATAGGTTCCGC","hESC_D3","C0"
"BC_TGGGCTGCAGCGGTCT","hESC_A7","C0"
"BC_CCACGAGTCTGCCTCA","hESC_C9","C3"
"BC_TACGGTAAGAAGCGCT","hESC_C12","C0"
"BC_ACTCCCAAGATTGGGC","hESC_A7","C1"
"BC_TCATTACTCAGGAACG","hESC_C9","C3"
"BC_AGCTCAAGTTCCGCTT","hESC_C12","C0"
"BC_ACCCTCAGTTCTAACG","hESC_C9","C0"
"BC_GCCATTCCACTTGAAC","hESC_D3","C0"
"BC_TCTTAGTTCCTTGGAA","hESC_C12","C2"
"BC_TCTAACTCAGGAGGTT","hESC_D3","C3"
"BC_GTGACGCAGCGTGTCC","hESC_C9","C0"
"BC_GAATCACAGGTCGTAG","hESC_C12","C0"
"BC_CACGGGTTCCTTATAC","hESC_C12","C0"
"BC_GTCCACTAGCAGCAGT","hESC_C9","C3"
"BC_TACCGAAAGAGGTTTA","hESC_C12","C0"
"BC_TTCTGTATCGTAGCCG","hESC_A7","C0"
"BC_ATACTTCCACCCAACG","hESC_D3","C3"
"BC_CAACAACCACACCTAA","hESC_A7","C3"
"BC_CTCCAACCATCCGTTC","hESC_C9","C3"
"BC_ATTCAGGGTCACTTCC","hESC_C12","C0"
"BC_TTCACGCGTTCTCACC","hESC_C12","C0"
"BC_ATCACTTGTCATAACC","hESC_C12","C3"
"BC_TTTCACATCTGCGGGT","hESC_C12","C2"
"BC_TTTGGTTAGGATACGC","hESC_C9","C0"
"BC_CTTCCTTAGAAGCTGC","hESC_C9","C3"
"BC_CGGAGAAGTAGCGCCT","hESC_A7","C3"
"BC_CTCAATTGTCTGTTAG","hESC_A7","C0"
"BC_AGGGTCCAGGACTTCT","hESC_D3","C0"
"BC_ACCGTTCTCGTTTACT","hESC_D3","C0"
"BC_GTTGTCCGTCAAAGTA","hESC_C9","C3"
"BC_CAGTTCCTCGCGCCAA","hESC_A7","C0"
"BC_GAATCACAGACGGTCA","hESC_A7","C0"
"BC_AAGATAGAGTACTGGG","hESC_D3","C3"
"BC_GGAAGTGAGGTGCTTT","hESC_C9","C0"
"BC_ACAAAGAGTCCACGCA","hESC_C12","C3"
"BC_CAGCAATAGCAGGGAG","hESC_D3","C0"
"BC_TTCCTTCAGATCACCT","hESC_A7","C3"
"BC_ACCAACATCGTTCATT","hESC_C12","C0"
"BC_TCAGGGCTCGCGCTGA","hESC_A7","C2"
"BC_AATCGACGTCCTACGG","hESC_A7","C0"
"BC_CAATTTCTCACTGAAC","hESC_D3","C1"
"BC_AAGTCGTGTGTCTTGA","hESC_A7","C0"
"BC_TTGGGCGCAGGTCCGT","hESC_C9","C0"
"BC_CATAGACAGGCCTTCG","hESC_A7","C0"
"BC_CCTCACACAGCTACAT","hESC_A7","C0"
"BC_CATCGGGTCATGAGAA","hESC_D3","C1"
"BC_GTTGTCCTCACCATGA","hESC_A7","C3"
"BC_CGAGTGCGTTCTCCAC","hESC_D3","C0"
"BC_TGAGGAGAGCAAGTCG","hESC_A7","C0"
"BC_TGCCGAGAGCATCAAA","hESC_C12","C0"
"BC_GTGCTTCCAGGTGAGT","hESC_D3","C0"
"BC_AACGTCACACTGTGTA","hESC_D3","C0"
"BC_CCTGCATGTCGAGCAA","hESC_C12","C3"
"BC_TATCAGGCAAAGACGC","hESC_C9","C0"
"BC_TCAGTGATCTGCTTTA","hESC_A7","C3"
"BC_GTCGAATGTTAAACCC","hESC_C12","C0"
"BC_GTTGTGACAAAGAGTT","hESC_A7","C0"
"BC_TCGGTCTTCATACGAC","hESC_A7","C0"
"BC_TCTCAGCAGGCTATCT","hESC_C9","C3"
"BC_TTTCAGTGTGGTAACG","hESC_D3","C0"
"BC_CGTTCTGTCTGCGTCT","hESC_A7","C0"
"BC_CACGAATTCCGCAGTG","hESC_D3","C0"
"BC_TTACGCCTCTTCCCAG","hESC_D3","C0"
"BC_GGTCTGGAGTCCGCCA","hESC_C12","C0"
"BC_TCGTGCTCATCCGAGC","hESC_C12","C0"
"BC_TCCACCAAGGCCATAG","hESC_A7","C3"
"BC_TAACGACTCGGACTTA","hESC_C9","C0"
"BC_TATATCCTCTCATAGG","hESC_A7","C2"
"BC_TGTTCCGGTAATACCC","hESC_C9","C0"
"BC_GTCCACTTCGTAACTG","hESC_C12","C3"
"BC_ACCCTCAAGGGAGAAT","hESC_C9","C2"
"BC_ACTTTGTGTGAGTTGG","hESC_A7","C3"
"BC_TAGACTGTCGCTACGG","hESC_C12","C0"
"BC_GACCGTGCAACGAGGT","hESC_A7","C0"
"BC_CTCAACCCAGCGGTCT","hESC_C12","C3"
"BC_GGGTTATGTATCCCTC","hESC_C9","C3"
"BC_CACGAATGTCACAATC","hESC_A7","C0"
"BC_GGAACCCCACTCACTC","hESC_C9","C3"
"BC_ACTGATGTCGGAAACG","hESC_C9","C0"
"BC_AGTAGTCTCAGCATTG","hESC_C9","C2"
"BC_GCTACCTCATCGGAGA","hESC_A7","C2"
"BC_ATTTCTGGTCCACAGC","hESC_D3","C3"
"BC_TGGAGGACAGATAAAC","hESC_C9","C2"
"BC_AGTCACAGTGCCGTTG","hESC_A7","C0"
"BC_GAGTTACAGGACATCG","hESC_C9","C0"
"BC_CACACAATCATTTCCA","hESC_C9","C0"
"BC_CATTGTTCACTCTAGA","hESC_D3","C2"
"BC_AGGATCTAGTAAGACT","hESC_A7","C0"
"BC_ATGAGGGGTCAACACT","hESC_C12","C0"
"BC_CTCCTTTCAGTTAGAA","hESC_A7","C0"
"BC_TGCACGGAGAAACCCG","hESC_C9","C3"
"BC_AGGTCATGTCGTTCAA","hESC_C12","C0"
"BC_GATGTTGTCGTCTCAC","hESC_A7","C2"
"BC_GTGGAGAGTGTCCGTG","hESC_D3","C1"
"BC_CTCATGCAGACTTCGT","hESC_C9","C3"
"BC_GTATTGGTCTCCGCAT","hESC_C9","C2"
"BC_CACTGGGCAAGAGATT","hESC_C9","C3"
"BC_ACACTGATCGCCTTTG","hESC_A7","C1"
"BC_TACCTCGGTTATTCCT","hESC_C12","C0"
"BC_GTGTAACGTGACAGGT","hESC_D3","C0"
"BC_CTCATGCAGGATATGT","hESC_C12","C0"
"BC_CATGCTCCACCCGTAG","hESC_C12","C3"
"BC_TCATGGATCTTTCCAA","hESC_C9","C3"
"BC_AGTCAACAGATGGCAC","hESC_C9","C0"
"BC_GATGTTGTCATATGGC","hESC_A7","C0"
"BC_GCTACCTCAAGAGGTC","hESC_C9","C3"
"BC_GAGCCTGGTGGGTCAA","hESC_C12","C0"
"BC_AGAGAATGTGGTTTGT","hESC_C9","C3"
"BC_GCCTGTTAGCTTTCCC","hESC_D3","C3"
"BC_GTTGTCCAGTGATGGC","hESC_C9","C0"
"BC_ACACAGTGTTAAGGGC","hESC_C9","C1"
"BC_CAAAGAACACCGGAAA","hESC_C12","C0"
"BC_CGTAGTATCAAGCTGT","hESC_A7","C0"
"BC_TTTCACAGTGTGTGTT","hESC_A7","C3"
"BC_GGCTTTCTCGAGAACG","hESC_C9","C0"
"BC_GTGTGGCAGCTCCCTT","hESC_C9","C3"
"BC_CCTCCAAAGCATGCAG","hESC_A7","C2"
"BC_TGAGGTTCAACGACAG","hESC_D3","C0"
"BC_TCATCATAGGTAATCA","hESC_C12","C0"
"BC_CATTGCCGTGGACCTC","hESC_D3","C0"
"BC_CACGGGTAGACTACCT","hESC_A7","C0"
"BC_GTGTCCTTCTAACACG","hESC_C9","C0"
"BC_CAGCGTGTCTCGGCTT","hESC_D3","C0"
"BC_AATGACCCACTGATTG","hESC_C9","C0"
"BC_CCTCAACTCTTAGGAC","hESC_C9","C3"
"BC_ACGATGTCATCATTGG","hESC_C9","C0"
"BC_CTCAACCAGTCAACAA","hESC_C12","C0"
"BC_GTCTAGACACCACTGG","hESC_D3","C0"
"BC_CGGTCAGGTCCCGGTA","hESC_D3","C0"
"BC_GTCGCGATCACCATGA","hESC_D3","C0"
"BC_ATGAGGGGTATGCTTG","hESC_C9","C3"
"BC_GTCATGATCCATCAGA","hESC_D3","C0"
"BC_CTGTAGACATCCGGTG","hESC_C9","C0"
"BC_TCAAGTGCAAACGTGG","hESC_A7","C0"
"BC_GGTGAAGTCGTAACTG","hESC_D3","C0"
"BC_CGAGTGCCAACGAGGT","hESC_A7","C0"
"BC_GCCGATGAGATCACTC","hESC_C12","C2"
"BC_TCGACCTAGACTAAGT","hESC_D3","C0"
"BC_TACCTCGCAGAACATA","hESC_A7","C3"
"BC_AGGGCCTAGATTGGGC","hESC_C12","C3"
"BC_ATGACCAAGCCGTTAT","hESC_C12","C0"
"BC_TCTATACCATCTTTCA","hESC_C9","C3"
"BC_ATGGAGGAGCGGCTCT","hESC_A7","C0"
"BC_TTCCGGTCAAGTGGAC","hESC_C12","C1"
"BC_TTTACCAAGTCACGAG","hESC_D3","C2"
"BC_AAGAACACAGAATCGG","hESC_C9","C0"
"BC_GCGTGCAGTTTCGTAG","hESC_D3","C0"
"BC_TTGGGCGTCGTCAGAT","hESC_A7","C0"
"BC_AGGACTTGTACGCTAT","hESC_A7","C0"
"BC_AAAGGTATCACGGAGA","hESC_C9","C0"
"BC_GACAGCCAGACCAACG","hESC_A7","C3"
"BC_CAACAGTCAATCACGT","hESC_A7","C3"
"BC_ACCTGAAAGACGCCAA","hESC_A7","C2"
"BC_GTTCCGTGTGTAACGG","hESC_C12","C0"
"BC_ACACGCGCACTCTAGA","hESC_C9","C3"
"BC_GTTATGGGTTTAGACC","hESC_C9","C0"
"BC_GATGAGGCAGCAGATG","hESC_C12","C3"
"BC_TGAGGTTCATAAGCGG","hESC_C9","C0"
"BC_TTGCCTGAGGATTCCT","hESC_D3","C0"
"BC_AACAAAGAGGCTAACG","hESC_D3","C0"
"BC_CGCAGGTCATAATCCG","hESC_D3","C0"
"BC_TGTGTGACATAGTCAC","hESC_D3","C0"
"BC_CTCTCGACATGAGGGT","hESC_C9","C0"
"BC_TCTTTGATCCCTCTTT","hESC_A7","C1"
"BC_TGATTCTAGCAGCCTC","hESC_D3","C0"
"BC_TACGCTCGTAGCTCGC","hESC_D3","C0"
"BC_AGCGTATGTAACCAGG","hESC_D3","C1"
"BC_TTTCGATGTTGGTGTT","hESC_A7","C0"
"BC_CCTGCATAGTTGCGAG","hESC_A7","C1"
"BC_TGCACGGGTAGGACTG","hESC_A7","C0"
"BC_GTCGAATGTAATGATG","hESC_C9","C3"
"BC_CCAATTTGTCCACGCA","hESC_C9","C3"
"BC_ATGAGTCGTAACATAG","hESC_C9","C0"
"BC_GTGAGTTCATAGGTTC","hESC_C9","C0"
"BC_CTCACTGAGAGGGTGG","hESC_C9","C0"
"BC_CCTAACCAGGGATCTG","hESC_A7","C3"
"BC_TTTGGTTAGCAACAAT","hESC_C9","C3"
"BC_GCCAACGAGGGCCTCT","hESC_C9","C3"
"BC_TTTACCAGTTAATGAG","hESC_A7","C1"
"BC_TTCATTGTCAAACTGC","hESC_A7","C3"
"BC_TCCACGTCATGGCACC","hESC_C9","C3"
"BC_TCCACCACACAATGCT","hESC_C12","C3"
"BC_GCAACCGAGCATCCCG","hESC_C9","C3"
"BC_ATAGACCAGCTCACTA","hESC_C9","C3"
"BC_CGTCAAAGTACCCACG","hESC_A7","C0"
"BC_AGACACTCAACCGCCA","hESC_D3","C0"
"BC_GTCAGCGTCAGACCTA","hESC_A7","C0"
"BC_TCACGGGGTATCGCAT","hESC_C9","C0"
"BC_CTGTCGTTCGTCTCAC","hESC_D3","C0"
"BC_ATTCCCGTCACCCTTG","hESC_C12","C0"
"BC_CCGAACGGTACAGTTC","hESC_C9","C3"
"BC_TTTCATGGTTGGCTAT","hESC_D3","C0"
"BC_TCCTCCCCAAGTCATC","hESC_C12","C3"
"BC_CTCCATGCAGCCTACG","hESC_A7","C0"
"BC_AATAGAGTCAACTTTC","hESC_A7","C0"
"BC_CTGTACCCAGAGTGTG","hESC_C12","C0"
"BC_TGACAGTGTATACAGA","hESC_D3","C0"
"BC_TTCTGTAAGTCATTGC","hESC_C12","C0"
"BC_GACCCAGAGTTCCATG","hESC_D3","C0"
"BC_TGTCCACAGAGGGCGA","hESC_A7","C0"
"BC_TGCGATAGTTAGAAAC","hESC_A7","C1"
"BC_CGCCATTAGTCGGCAA","hESC_C12","C2"
"BC_CTACGGGCATCCGAAT","hESC_A7","C3"
"BC_ACCACAATCACCTACC","hESC_C12","C3"
"BC_GACACGCCAGCTGTAT","hESC_A7","C0"
"BC_TGCGGCAGTACCCAGC","hESC_D3","C0"
"BC_GTGCAGCTCTGCATAG","hESC_C9","C0"
"BC_AGCCAATGTGGACAGT","hESC_C12","C0"
"BC_ATCACTTAGCATGGGT","hESC_C12","C0"
"BC_TGAGACTTCTCGAGTA","hESC_C12","C0"
"BC_TCGCTTGCATATTCGG","hESC_D3","C0"
"BC_TCGTCCAGTTCGGTTA","hESC_C12","C1"
"BC_CTCTCGAGTGCCTGAC","hESC_C9","C3"
"BC_CCTCCTCAGAGTCAGC","hESC_C9","C0"
"BC_GTAGTACAGATTGGGC","hESC_C9","C0"
"BC_TCGAAGTTCCCACAGG","hESC_C12","C0"
"BC_GGGCTCAAGAGGGCGA","hESC_C12","C3"
"BC_ACATTTCTCCATACAG","hESC_A7","C2"
"BC_TTTCCTCCACAGTACT","hESC_D3","C3"
"BC_ATAGACCTCCATCCGT","hESC_A7","C0"
"BC_CTAACCCAGCACCGAA","hESC_C12","C2"
"BC_CCATAAGCAAGTGGTG","hESC_C12","C3"
"BC_ATGTCTTCAGACCGCT","hESC_C9","C0"
"BC_GCACGTGAGCAGAAAG","hESC_D3","C0"
"BC_CAATCGAAGAGCATTA","hESC_D3","C0"
"BC_TGCGACGCAGCGATTT","hESC_C12","C0"
"BC_TATTTCGGTATGAGGC","hESC_D3","C0"
"BC_TAAGCCACACGTAACT","hESC_C9","C3"
"BC_CTTCCGACATCCTATT","hESC_D3","C0"
"BC_CCCTGATGTGGAAGTC","hESC_A7","C0"
"BC_AAATGGATCAAGGCTT","hESC_A7","C4"
"BC_CCTTTGGGTGGTTTGT","hESC_A7","C0"
"BC_ACTTCCGGTAGGCTGA","hESC_C9","C1"
"BC_GCTTCACTCACTGTCC","hESC_A7","C3"
"BC_ATCTTCACAAAGACGC","hESC_D3","C1"
"BC_CTCTGGTCATCCGTTC","hESC_D3","C0"
"BC_ACTTCCGTCTATTCGT","hESC_D3","C3"
"BC_GTCATGATCCATAGGT","hESC_C9","C1"
"BC_TTGCGTCAGTTCGGTT","hESC_A7","C0"
"BC_GTTACGACATATTCGG","hESC_A7","C0"
"BC_TCATTCATCGATTGGT","hESC_A7","C0"
"BC_CAGGCCAAGACATCAA","hESC_A7","C0"
"BC_AACAGGGCAGCATGCC","hESC_D3","C0"
"BC_GTCATTTCAACCGGAA","hESC_D3","C0"
"BC_GCACGTGCATCGTGGC","hESC_A7","C0"
"BC_TTACCGCAGTCAATCC","hESC_C9","C3"
"BC_GTAGCTAGTCTAGGTT","hESC_C9","C0"
"BC_GAGTTACTCCAGTGCG","hESC_D3","C3"
"BC_TTGATGGTCCAGCAAT","hESC_C12","C0"
"BC_CTCCTCCGTCCTATAG","hESC_C9","C3"
"BC_AAGTACCTCAGACATC","hESC_C12","C0"
"BC_TAGAGTCCAGACCATT","hESC_D3","C1"
"BC_AGGAAATCACTCCGAG","hESC_A7","C3"
"BC_TAGGTACGTAACCCTA","hESC_C12","C3"
"BC_GTGCAGCAGGACGCAT","hESC_C9","C0"
"BC_CACTGTCGTATACCCA","hESC_C9","C0"
"BC_ATTATCCGTCTACAAC","hESC_C9","C3"
"BC_ACATTTCCAGTGGTGA","hESC_A7","C0"
"BC_CTTGAGAGTTCGTACA","hESC_A7","C0"
"BC_GAGTCTAAGACTGGGT","hESC_C9","C3"
"BC_AGATGCTTCACCTCTG","hESC_C12","C3"
"BC_CATTCATCAGTTAAAG","hESC_D3","C2"
"BC_AGATGCTCAGACAAAT","hESC_D3","C0"
"BC_CCGAACGCATACCGTA","hESC_C9","C3"
"BC_ATCGTAGCATGCGGTC","hESC_C12","C0"
"BC_GTGCTGGGTCACGTGC","hESC_C12","C0"
"BC_ACCAACACATGGCACC","hESC_A7","C3"
"BC_AGACAGGCACCTCTGT","hESC_D3","C1"
"BC_TCACACCAGAGTTGAT","hESC_C9","C2"
"BC_TCAGTCCGTAGTCACT","hESC_C9","C0"
"BC_AGCTTCCAGGAAAGTG","hESC_C9","C2"
"BC_CTGTGGGTCTCATTAC","hESC_D3","C0"
"BC_AGGTAGGCAGCACAGA","hESC_A7","C2"
"BC_CTCAACCGTGGTCCCA","hESC_C9","C3"
"BC_GCCAACGGTAGAAACT","hESC_C9","C0"
"BC_TATTGCTCAGTAGAGC","hESC_D3","C0"
"BC_TGCATCCCAGCCGTTG","hESC_C9","C3"
"BC_GCTTCACTCGTTAGAC","hESC_D3","C0"
"BC_TAAGTCGTCCACGTAA","hESC_C9","C3"
"BC_AGCGCCAGTTGACTAC","hESC_D3","C1"
"BC_GGGAGTAGTTGCTTGA","hESC_C9","C0"
"BC_CTGCGAGCAATAGTCC","hESC_A7","C0"
"BC_ACGTTCCTCTGAGCAT","hESC_A7","C3"
"BC_TTGATGGCATTCAGGT","hESC_C12","C0"
"BC_CATCAAGGTGGGTCAA","hESC_A7","C0"
"BC_AGATGCTCACACAGCC","hESC_A7","C3"
"BC_ACTGTGATCGCTATTT","hESC_C9","C3"
"BC_CACAGGCCATCCGGCA","hESC_A7","C3"
"BC_CATTGTTTCCGCATAA","hESC_C12","C3"
"BC_CGAGAAGTCGTGCTCT","hESC_C12","C3"
"BC_GAGTTGTGTCAGGTAG","hESC_A7","C2"
"BC_CATTGAGCATCCTTGC","hESC_D3","C0"
"BC_GTCTTTAGTGTTGAGG","hESC_D3","C3"
"BC_ACGTCCTCAAGTCATC","hESC_D3","C0"
"BC_TCACGCTCAGCAGGAT","hESC_D3","C0"
"BC_ACTTTCATCACCTGTC","hESC_D3","C1"
"BC_TCCTCCCAGCAACTTC","hESC_C12","C0"
"BC_CCTCAGTCAAGCGAAC","hESC_C9","C0"
"BC_TGGGATTCAAATGAAC","hESC_C12","C3"
"BC_AGCTACACAAGTAGTA","hESC_A7","C3"
"BC_TCGCAGGGTTATCTGG","hESC_C9","C1"
"BC_GTGTGATTCTTTCCAA","hESC_D3","C0"
"BC_TGCTCCACACGTACAT","hESC_A7","C0"
"BC_GGTGAAGTCGACACTA","hESC_A7","C3"
"BC_TGAGGGACAGCTAACT","hESC_A7","C0"
"BC_TCGTGGGGTTCTCAGA","hESC_A7","C1"
"BC_CGATCGGTCTCTGACC","hESC_C9","C2"
"BC_AGGATAACAGGGATAC","hESC_C12","C3"
"BC_CGTTAGAAGCTCTGTA","hESC_C9","C0"
"BC_GAGAAATGTCCACACG","hESC_A7","C3"
"BC_CAACCAAAGTATAACG","hESC_D3","C0"
"BC_CTGGTCTGTTGTCAGT","hESC_D3","C0"
"BC_TTGCATTTCGTAACAC","hESC_C9","C3"
"BC_ACTTAGGAGCTTCGTA","hESC_C9","C0"
"BC_ATCCACCGTTCGAACT","hESC_A7","C3"
"BC_ATCAGGTTCTAGAGCT","hESC_A7","C3"
"BC_CCTTGTGAGTTGCGAG","hESC_C12","C3"
"BC_TGCCGAGGTGCCGTTG","hESC_C9","C2"
"BC_CGGTCAGAGAATCGAT","hESC_C12","C0"
"BC_ACAGGGAAGAGTGTGC","hESC_D3","C1"
"BC_TGCGATACACCGTGCA","hESC_D3","C3"
"BC_ACACAGTAGACTCAAA","hESC_A7","C0"
"BC_GCATCTCAGTCGAAGC","hESC_D3","C0"
"BC_GTGAGCCAGCGTGTTT","hESC_C9","C0"
"BC_TGGGCTGCATGGCTAT","hESC_D3","C3"
"BC_CAGCACGTCGAGAGCA","hESC_C12","C0"
"BC_GGGTGAATCGATCCAA","hESC_C12","C0"
"BC_AGCCAGCCAACTTCTT","hESC_A7","C3"
"BC_CGTTAGAGTATGACAA","hESC_D3","C0"
"BC_TAACGACCACCCATAA","hESC_C12","C3"
"BC_TTGAACGAGAAACACT","hESC_C9","C3"
"BC_GATTGGTTCTCGCCTA","hESC_D3","C1"
"BC_GACTCAATCCGATCGG","hESC_C12","C0"
"BC_GAGTTACTCACTCACC","hESC_C9","C3"
"BC_CTCCTTTTCCATCGTC","hESC_D3","C0"
"BC_ACTATCTCAAATGGCG","hESC_C12","C0"
"BC_TTCACGCGTGGTCTCG","hESC_A7","C0"
"BC_AACCAACGTTCTCTAT","hESC_A7","C0"
"BC_CGCCAGATCCTTCAGC","hESC_C9","C0"
"BC_ACTTATCGTCAGGTGA","hESC_C9","C0"
"BC_TTTGGTTTCAGCACCG","hESC_A7","C0"
"BC_TTCACCGTCGCCAATA","hESC_A7","C0"
"BC_ACTGATGGTATCGATC","hESC_D3","C0"
"BC_CCTAACCTCACCTGGG","hESC_C12","C3"
"BC_TGCATGAAGTATGGAT","hESC_A7","C3"
"BC_AAGCATCCACTTTAGG","hESC_A7","C3"
"BC_GGATGTTAGTGCACCC","hESC_C9","C0"
"BC_CACGTTCTCTCCGTGT","hESC_C9","C0"
"BC_CAGAGCCGTGGTAACG","hESC_A7","C1"
"BC_TTGACCCTCGAGTTGT","hESC_D3","C1"
"BC_GATCATGGTCGGCCTA","hESC_D3","C0"
"BC_AGGGCCTAGAATACAC","hESC_C9","C3"
"BC_CTACATTCACGCTGAC","hESC_C9","C3"
"BC_CTCATCGGTGCACAAG","hESC_A7","C3"
"BC_TAGGGTTCAAGTGGGT","hESC_D3","C0"
"BC_CTGGTCTTCACTGTCC","hESC_A7","C0"
"BC_AGACAAAGTTGAATCC","hESC_C9","C0"
"BC_CCCTAACAGTATTCCG","hESC_C12","C0"
"BC_AAGCCATTCTGTCGCT","hESC_D3","C3"
"BC_AGGATCTTCACCATGA","hESC_C9","C0"
"BC_TGTCAGAAGTGCTCAT","hESC_C9","C1"
"BC_GCCCAGATCGGCTCTT","hESC_A7","C3"
"BC_AGGACTTAGCTGACAG","hESC_A7","C0"
"BC_CGTGAATGTCTGCATA","hESC_C9","C0"
"BC_CGGTCAGAGAAGCTGC","hESC_C9","C1"
"BC_AAATGGAAGCGCATCC","hESC_C12","C0"
"BC_CTGATCCAGTAACAGT","hESC_A7","C3"
"BC_CTTAGGAGTTCCGGTG","hESC_D3","C0"
"BC_CTCTCGAGTCCGTACG","hESC_A7","C0"
"BC_ATATCCTCAAGGTACG","hESC_C12","C0"
"BC_TAGATCGGTGTATTGC","hESC_D3","C0"
"BC_GTCAAACCAAACTCTG","hESC_C9","C3"
"BC_TTACTGTGTCACTTCC","hESC_C9","C1"
"BC_AGGGTTTAGGTTTGAA","hESC_C12","C0"
"BC_TGTCCTGGTATCGATC","hESC_C9","C2"
"BC_TGACTCCGTTTGTTCT","hESC_D3","C0"
"BC_GAACTGTCAACCGCCA","hESC_D3","C1"
"BC_AAACGCTAGGTCATTC","hESC_C9","C0"
"BC_CGATGGCCAACACAGG","hESC_D3","C0"
"BC_ACACAGTTCAGCCTTC","hESC_A7","C3"
"BC_CTTACCGCATCCTGTC","hESC_A7","C3"
"BC_GACTGATCACCTCGTT","hESC_D3","C1"
"BC_ACCCTTGTCAGGAAGC","hESC_D3","C0"
"BC_ATCGGCGAGTTGTCAC","hESC_C9","C0"
"BC_GGTAGAGTCAAGCGTT","hESC_C9","C2"
"BC_AGTCATGTCGTGTGAT","hESC_C9","C0"
"BC_TTCTAGTGTAATACCC","hESC_C9","C0"
"BC_CCCTGATTCCATCGTC","hESC_C9","C3"
"BC_CAGCAGCTCGAAGAAT","hESC_A7","C0"
"BC_CATGCAAAGGCCTTGC","hESC_C9","C3"
"BC_TAAGCGTGTAAGCAAT","hESC_C12","C0"
"BC_AGTAGTCAGCAATTCC","hESC_D3","C0"
"BC_CCGATGGCAAGTGGTG","hESC_A7","C3"
"BC_GACTTCCGTCCACTTC","hESC_D3","C3"
"BC_TTCTTGAGTCCCGTGA","hESC_C9","C0"
"BC_TTGCTGCAGTCACACT","hESC_C9","C3"
"BC_ACACTGATCGCGCCAA","hESC_C9","C2"
"BC_CCTGCATAGGTACAGC","hESC_C9","C0"
"BC_CTGCGAGTCGTTCATT","hESC_A7","C0"
"BC_ACTCCCAGTCAAGCCC","hESC_A7","C3"
"BC_ATTACTCTCCCTTCCC","hESC_D3","C2"
"BC_GTATTTCGTGTGAATA","hESC_D3","C0"
"BC_CCACAAAAGCTGTCCG","hESC_C12","C2"
"BC_AGTCACATCATAGGCT","hESC_C9","C3"
"BC_CTGCCATGTGTTGATC","hESC_C9","C0"
"BC_ACGGGTCTCTCTAAGG","hESC_C9","C3"
"BC_AACCCAACAGTTCTAG","hESC_C9","C0"
"BC_CTACAGAGTACGGCAA","hESC_C9","C0"
"BC_AGAGCCCAGCATCAGG","hESC_C9","C0"
"BC_TTTGATCTCACTGATG","hESC_D3","C0"
"BC_AGTCAACCAGTCGCAC","hESC_A7","C0"
"BC_GCCAGGTCAAATGGCG","hESC_D3","C0"
"BC_GCTGCAGAGCTTTGTG","hESC_A7","C3"
"BC_ATGAGGGGTACTTGTG","hESC_D3","C1"
"BC_TACAACGAGTCACACT","hESC_C12","C3"
"BC_CCCTAACAGATTGACA","hESC_A7","C2"
"BC_TATATCCCACTAGGTT","hESC_D3","C0"
"BC_GTACAGTAGAGCGACT","hESC_C9","C2"
"BC_TCATGGAAGGCATCTT","hESC_C12","C0"
"BC_CAGATCATCCCAGTGG","hESC_C9","C3"
"BC_CCCAACTCACCTCTAC","hESC_A7","C0"
"BC_TCATATCAGCGTCAGA","hESC_C9","C0"
"BC_AATGACCCAGCAAGAC","hESC_C9","C3"
"BC_ACTGTCCTCCTCCACA","hESC_C9","C3"
"BC_AGGTTACAGTAACGTA","hESC_C9","C0"
"BC_CTCCGATGTGTTGAGG","hESC_D3","C0"
"BC_TTCATGTGTTCGAGCC","hESC_C9","C0"
"BC_ATTCACTTCCAATGCA","hESC_A7","C0"
"BC_CACTAAGTCCCGTAAA","hESC_C9","C3"
"BC_TCCTCGAAGCACCAGA","hESC_A7","C0"
"BC_ATGTCTTTCATTATCC","hESC_D3","C0"
"BC_GGGAGATGTCAGTCTA","hESC_A7","C0"
"BC_TGATTCTTCCTCTTTC","hESC_A7","C0"
"BC_TCGAACATCCGAGGCT","hESC_A7","C0"
"BC_ATCGCCTTCGAACTCA","hESC_C12","C3"
"BC_CATACCCTCCGAGATT","hESC_D3","C0"
"BC_TCCATGCCAGCTCGGT","hESC_C9","C3"
"BC_TCGTAGAGTTAAAGTG","hESC_D3","C0"
"BC_GTTTACTCAAGAATAC","hESC_C12","C0"
"BC_AGATGAATCGTCAAAC","hESC_D3","C1"
"BC_TGTTTGTCAACTTCTT","hESC_D3","C0"
"BC_CACTTCGTCATTCCTA","hESC_A7","C3"
"BC_ACGTAACCAGCTGAGA","hESC_A7","C3"
"BC_TCCAGAAGTTATCTGG","hESC_C12","C0"
"BC_GAGCTGCAGCTTAGTC","hESC_D3","C0"
"BC_GAGATGGGTTCGAAGG","hESC_D3","C0"
"BC_ATGACCATCAGGAACG","hESC_A7","C0"
"BC_GGCAGTCCATCGCTAA","hESC_C12","C3"
"BC_ATCCACCGTTGCCTAA","hESC_C9","C0"
"BC_TCAGGGCGTTAACCTG","hESC_A7","C0"
"BC_CACACAAAGGGACCAT","hESC_A7","C1"
"BC_TCGACCTAGTTGAAAC","hESC_A7","C0"
"BC_GGAGATGCAAGTGACG","hESC_D3","C0"
"BC_AGGCTGCGTATACAGA","hESC_A7","C0"
"BC_ACGTAACGTGAGTAAT","hESC_C9","C0"
"BC_TTGGTTTGTGCATGAG","hESC_C12","C0"
"BC_CGAGTTACAAGTTTGC","hESC_C9","C0"
"BC_GTAGATCAGTGCCGAA","hESC_A7","C0"
"BC_TCTTGCGAGCAGCACA","hESC_D3","C0"
"BC_AACGGGACAGCAGACA","hESC_C9","C0"
"BC_TCATGCCGTTACCCTC","hESC_D3","C0"
"BC_CGAGGCTTCGCGTCGA","hESC_C12","C0"
"BC_AATGGAAGTAGTTAGA","hESC_C9","C0"
"BC_TGCGACGGTAGTTACC","hESC_A7","C0"
"BC_CAGTGCGTCCCAGCGA","hESC_C9","C2"
"BC_GTGGAGAGTGTTACTG","hESC_C9","C0"
"BC_CCTGTTGTCGTCGGGT","hESC_C12","C0"
"BC_GCAGGCTGTGCATTTG","hESC_C12","C0"
"BC_CGTTCTGCACGTTGGC","hESC_A7","C3"
"BC_CATCGCTAGGTTCCGC","hESC_A7","C3"
"BC_ATTCCTAAGGATTCCT","hESC_C9","C0"
"BC_AGGGTTTAGTGATCGG","hESC_D3","C0"
"BC_CTGCGAGAGCATGAAT","hESC_C9","C0"
"BC_CTCTCGATCACCTCGT","hESC_C12","C0"
"BC_GTAATGCTCCGGTAGC","hESC_C9","C0"
"BC_GGTAACTCATTGCTGA","hESC_C12","C3"
"BC_GCCGTGAGTTGCGTAT","hESC_A7","C0"
"BC_TTCTTGATCAGATGCT","hESC_C9","C0"
"BC_CTACCCACATTCTCTA","hESC_A7","C3"
"BC_TGTGAGTTCTCGCTCA","hESC_D3","C0"
"BC_TCTGCCATCAGCTGAT","hESC_D3","C2"
"BC_GGGTGTCCACAAGGTG","hESC_A7","C0"
"BC_CGAAGGAAGGTCTACT","hESC_C9","C0"
"BC_TGGGATTGTTCACGAT","hESC_C12","C3"
"BC_ATATCCTCAACTCCCT","hESC_A7","C3"
"BC_GAACACTGTCCGGACT","hESC_C9","C3"
"BC_TCAGTTTTCTGAATCG","hESC_A7","C0"
"BC_GTCTAGACAGGATTCT","hESC_D3","C3"
"BC_CAAGACTTCTGGACCG","hESC_A7","C0"
"BC_AACGAAAAGAAATTGC","hESC_C9","C2"
"BC_TGTAGACAGTGCTCGC","hESC_C9","C0"
"BC_GTGAGCCAGAGAGCGG","hESC_D3","C0"
"BC_CACAGATAGTCGTCTA","hESC_D3","C0"
"BC_TATATCCCAAGACGAC","hESC_C9","C3"
"BC_TTGACCCAGGCAGGGA","hESC_C12","C0"
"BC_TGACGCGCATCGGATT","hESC_C12","C1"
"BC_TCCACCACATCTAGAC","hESC_A7","C3"
"BC_CTTTCAAGTCAACACT","hESC_D3","C0"
"BC_GATCAGTCACTTGAGT","hESC_D3","C3"
"BC_TGGCGTGGTACAGTCT","hESC_A7","C0"
"BC_TATCTTGAGGATATAC","hESC_C12","C2"
"BC_CAGATACCAGTTTGGT","hESC_C9","C0"
"BC_GCTTTCGAGCGATGGT","hESC_D3","C0"
"BC_TTCCGTGTCCCAGCGA","hESC_C9","C3"
"BC_GGGTATTCAAGTCATC","hESC_C12","C0"
"BC_ATTACTCCACGCAGTC","hESC_D3","C3"
"BC_AGGAGGTAGCGCTGCT","hESC_C9","C3"
"BC_TCTGGCTAGAGGTGCT","hESC_C9","C0"
"BC_GTCATCCCAGGAAGTC","hESC_C9","C0"
"BC_CATGCAAGTAGAGCTG","hESC_C9","C3"
"BC_CTTCGGTTCATGCGGC","hESC_D3","C0"
"BC_CGAAGTTTCTCCGAAA","hESC_A7","C0"
"BC_TCATGGATCAGCGGAA","hESC_D3","C0"
"BC_GGGAAGTCATCAGCGC","hESC_D3","C0"
"BC_GATAGAACACGACTAT","hESC_D3","C0"
"BC_TCAGCAATCTCCGCAT","hESC_D3","C2"
"BC_AGGCCACCACAGTATC","hESC_A7","C3"
"BC_TACAACGCAATACAGA","hESC_C9","C0"
"BC_TCTATCAAGTGTTGAA","hESC_D3","C3"
"BC_ATTTCTGAGAACGTGC","hESC_C12","C3"
"BC_TCGGGACTCTTCGTGC","hESC_A7","C0"
"BC_TTTGTTGGTCGAGTGA","hESC_C12","C0"
"BC_AATGGAAGTGACTGAG","hESC_C9","C0"
"BC_GATGACTCACACCAGC","hESC_C9","C0"
"BC_CTGCCATCAAACAGGC","hESC_D3","C0"
"BC_CACCGTTCAAACCGGA","hESC_C9","C0"
"BC_AGAGCCCGTTCGGCCA","hESC_C12","C2"
"BC_ATCCGTCGTTCAACGT","hESC_A7","C0"
"BC_TTTGACTGTTGGTACT","hESC_C9","C3"
"BC_AACCAACCACCTCTAC","hESC_C9","C3"
"BC_GAAACCTTCTTTGCGC","hESC_C12","C3"
"BC_GACAGCCTCTAGTACG","hESC_D3","C3"
"BC_ATTATCCCAGACACAG","hESC_A7","C3"
"BC_ACTTTCATCACGTCCT","hESC_A7","C3"
"BC_GACATCATCACGGGCT","hESC_C12","C3"
"BC_ATTGTTCGTTTGACAC","hESC_D3","C1"
"BC_TTATTGCCACCTCTGT","hESC_C9","C2"
"BC_TGTAGACCACGAGGAT","hESC_C12","C0"
"BC_AATGAAGTCCTCACCA","hESC_C9","C3"
"BC_TTGTGTTCACTGAGTT","hESC_D3","C1"
"BC_GTTAGTGAGTTATGGA","hESC_C9","C0"
"BC_CCTCCTCTCACTGCTC","hESC_C9","C3"
"BC_GAGAGGTCAATAGTAG","hESC_D3","C0"
"BC_CGCATGGAGAAAGTCT","hESC_C12","C2"
"BC_TCAAGACCACCGAATT","hESC_A7","C3"
"BC_CAGATCATCCCGTTCA","hESC_C9","C2"
"BC_TACCGGGTCACGGTCG","hESC_D3","C0"
"BC_AGGTCTAAGATGAATC","hESC_D3","C0"
"BC_CTTCCGAGTTGGCCGT","hESC_D3","C0"
"BC_AGACAGGAGGTTAGTA","hESC_C12","C3"
"BC_TCATATCCAGGACATG","hESC_C9","C0"
"BC_GGATCTAGTTTCACTT","hESC_D3","C0"
"BC_TACACCCGTCGTCAGC","hESC_C9","C0"
"BC_TCTTAGTGTATGTCCA","hESC_C9","C0"
"BC_GTAATCGGTAGAATGT","hESC_C12","C2"
"BC_CTAACTTAGTGGCAGT","hESC_C9","C0"
"BC_ACGCACGGTCCAGAAG","hESC_D3","C0"
"BC_CAGCAGCCATCCTAAG","hESC_A7","C0"
"BC_ATGGATCTCCCTTGTG","hESC_C12","C0"
"BC_CTCATCGTCCTGTAGA","hESC_C12","C0"
"BC_CACCGTTCATTCAGGT","hESC_C9","C3"
"BC_TTGTTGTAGACTCGAG","hESC_C9","C3"
"BC_GTTGTCCAGGGACTGT","hESC_C9","C3"
"BC_CGAGGCTCATCAGCAT","hESC_C9","C0"
"BC_TTGGTTTCATGACGGA","hESC_D3","C0"
"BC_CTTGAGATCATTGCGA","hESC_C9","C1"
"BC_GATAGAATCCATGAGT","hESC_C9","C0"
"BC_GTGTGGCCAAGCCATT","hESC_A7","C0"
"BC_GCAACATGTGAGTTTC","hESC_C9","C0"
"BC_AACAAGATCCCATACC","hESC_C9","C3"
"BC_AGAGCAGGTATGAGAT","hESC_D3","C0"
"BC_GTGTCCTAGGCAGGGA","hESC_A7","C1"
"BC_ATTCCATCACTATGTG","hESC_A7","C0"
"BC_CCCGAAGCATGGGCAA","hESC_C12","C3"
"BC_GCTTCACGTAGCCAGA","hESC_D3","C0"
"BC_TGCTCCAAGGTTCTTG","hESC_D3","C0"
"BC_CCGGACACATCGTGGC","hESC_C12","C0"
"BC_GGATGTTGTCGTCAGC","hESC_D3","C3"
"BC_GACCGTGCAAGTCCAT","hESC_D3","C0"
"BC_CCTCACACATATCTGG","hESC_D3","C0"
"BC_ACATTTCCACCAGCTG","hESC_C12","C0"
"BC_TCTCACGAGGTCGTAG","hESC_D3","C0"
"BC_CAGCAGCTCCGAGAAG","hESC_D3","C0"
"BC_GTGACGCCACTCGATA","hESC_C12","C0"
"BC_GCATCTCGTTGCGTAT","hESC_C12","C2"
"BC_CACTGAAGTTTACGAC","hESC_C12","C0"
"BC_TTAGGCATCCATCACC","hESC_A7","C3"
"BC_ACGGGTCAGACCCTTA","hESC_C9","C0"
"BC_TCATCCGAGGAACTAT","hESC_D3","C2"
"BC_AGTAGTCCAATGAAAC","hESC_D3","C0"
"BC_TATGTTCTCGGCACTG","hESC_A7","C3"
"BC_CTATCCGCATCCGAGC","hESC_C9","C2"
"BC_CTCCAACTCCCAGGCA","hESC_C9","C3"
"BC_GGTAGAGTCGGTGCAC","hESC_A7","C0"
"BC_TCAAGTGGTTCGTGCG","hESC_C9","C0"
"BC_CCCGAAGAGGACAGTC","hESC_D3","C0"
"BC_AAGTACCCAATGTCAC","hESC_C12","C0"
"BC_CCCTAACAGACTGGGT","hESC_C9","C0"
"BC_GATCATGTCTGGAAGG","hESC_A7","C0"
"BC_GTTACAGAGACAGCTG","hESC_D3","C2"
"BC_GTGAGTTAGACATATG","hESC_D3","C0"
"BC_TCAGTCCGTGGTCTTA","hESC_D3","C0"
"BC_AACAAGACACATTACG","hESC_D3","C3"
"BC_GCTGAATTCCTCATAT","hESC_A7","C3"
"BC_CAACCAACAGTCGGAA","hESC_C9","C0"
"BC_ACCAACACACAACGAG","hESC_C12","C0"
"BC_TTTCAGTCAACCACAT","hESC_A7","C3"
"BC_CAGCAATAGCCTTGAT","hESC_A7","C0"
"BC_CTCCTCCAGACATAAC","hESC_A7","C3"
"BC_CTTTCGGAGCATACTC","hESC_C9","C0"
"BC_GCAGCCACAACCGATT","hESC_A7","C3"
"BC_ACGATGTTCTCGCGTT","hESC_C12","C0"
"BC_CAATGACCAGGCGATA","hESC_D3","C3"
"BC_GAGCCTGAGTACAACA","hESC_A7","C0"
"BC_GGTTAACGTCCAGTTA","hESC_C9","C0"
"BC_TCATCCGTCGAAACAA","hESC_A7","C0"
"BC_GGGAAGTGTATGATCC","hESC_A7","C0"
"BC_TGCATCCCACTTGTGA","hESC_C9","C0"
"BC_GTTGAACGTAATTAGG","hESC_C9","C0"
"BC_CATCGTCCAACTGTGT","hESC_A7","C0"
"BC_AGTGCCGTCCTACAAG","hESC_D3","C2"
"BC_TCAAGCATCTCTAGGA","hESC_A7","C3"
"BC_ACACTGATCCCTTGTG","hESC_A7","C0"
"BC_GTGTCCTTCGTAACTG","hESC_C12","C0"
"BC_GACTATGAGGCACTAG","hESC_D3","C3"
"BC_TGGAACTGTCAATCTG","hESC_C9","C0"
"BC_TATCAGGCAAGACCGA","hESC_D3","C0"
"BC_TTTCAGTAGTGTACCT","hESC_A7","C0"
"BC_AGGGCCTAGCCGATTT","hESC_A7","C3"
"BC_CCACTTGTCTACCTTA","hESC_D3","C0"
"BC_ACCAAACGTCAGTCCG","hESC_A7","C0"
"BC_GTAGGTTCAGGATCTT","hESC_C12","C0"
"BC_GATTGGTCAAGCTGCC","hESC_D3","C2"
"BC_TCAAGTGTCTCGTGGG","hESC_C9","C3"
"BC_TAAGCACCACGTCTCT","hESC_C12","C3"
"BC_CAGATTGTCTAGTCAG","hESC_C9","C0"
"BC_AACACACCAAGTCCAT","hESC_C9","C3"
"BC_TGTCCCAAGTGGCAGT","hESC_A7","C0"
"BC_AAACCCAAGCGTTGTT","hESC_A7","C3"
"BC_CGTAGTATCCTGTACC","hESC_C9","C0"
"BC_CTGAGGCCAAGCGGAT","hESC_C9","C0"
"BC_AACAACCCAGGTCTCG","hESC_A7","C3"
"BC_ACTATCTTCCGAAATC","hESC_D3","C1"
"BC_TATTCCACAAGAGCTG","hESC_D3","C0"
"BC_ATCACAGTCATCCCGT","hESC_C9","C3"
"BC_TGCAGATCAGGTCAAG","hESC_D3","C0"
"BC_TCATACTGTACTAAGA","hESC_C12","C3"
"BC_CCGGGTAGTGGTCTCG","hESC_A7","C0"
"BC_AGGATCTAGAGTCAAT","hESC_C12","C0"
"BC_GCCATTCGTTCTCGTC","hESC_D3","C0"
"BC_TCAGTTTAGACCAGCA","hESC_C9","C0"
"BC_AATGGCTTCTCGTGGG","hESC_A7","C3"
"BC_GTGGTTATCGGTGCAC","hESC_C9","C2"
"BC_ATTACCTTCCAAGAGG","hESC_A7","C0"
"BC_AGATGAACAATCTGCA","hESC_C9","C0"
"BC_TGCTGAACATTATGCG","hESC_C9","C3"
"BC_TACACCCTCCCGAGAC","hESC_A7","C3"
"BC_AACTTCTTCGAGAACG","hESC_D3","C0"
"BC_GCGGAAACAGGTCCCA","hESC_A7","C3"
"BC_ATTCCTAAGTCACTAC","hESC_A7","C3"
"BC_CATCGCTTCCACAGGC","hESC_A7","C0"
"BC_TACAGGTTCAAACCTG","hESC_C9","C0"
"BC_GGTAATCCATAGACTC","hESC_A7","C3"
"BC_CTTTCGGCATGAGATA","hESC_D3","C0"
"BC_TTGTTCACAAATACGA","hESC_C9","C0"
"BC_TTGAGTGAGGTTAGTA","hESC_A7","C3"
"BC_TCAATTCCATAGTCAC","hESC_C9","C0"
"BC_CACGGGTGTATGACAA","hESC_C9","C0"
"BC_CGTCCATTCGACGCTG","hESC_A7","C0"
"BC_TTTCGATGTCTTTCAT","hESC_A7","C0"
"BC_TTGCATTTCGCCAACG","hESC_D3","C0"
"BC_AAACGAACAGTGTGGA","hESC_A7","C0"
"BC_CAGCGTGGTCACTTCC","hESC_C9","C0"
"BC_AACCCAATCCAACACA","hESC_A7","C3"
"BC_CGTAATGCAACGGTAG","hESC_C9","C3"
"BC_GGAGCAATCCTACCGT","hESC_A7","C0"
"BC_ACCACAACACCAAAGG","hESC_D3","C0"
"BC_GTCTGTCGTCTCTCAC","hESC_D3","C0"
"BC_ACCAAACTCTTAGCAG","hESC_A7","C0"
"BC_TAGAGTCAGACGAAGA","hESC_D3","C0"
"BC_GGAGGTAGTCCAGCAC","hESC_A7","C3"
"BC_AACGAAACACTGCACG","hESC_C9","C3"
"BC_GAGTGAGAGTTAGAAC","hESC_D3","C0"
"BC_AGCGATTCATGGAATA","hESC_D3","C0"
"BC_GACGTTAAGCCTTCTC","hESC_D3","C0"
"BC_GCAGCTGCAGAGACTG","hESC_C9","C0"
"BC_TCCCATGAGCCAGAGT","hESC_D3","C0"
"BC_GTAATGCAGCACACCC","hESC_A7","C0"
"BC_CTCCTCCGTCCTGGTG","hESC_D3","C0"
"BC_AACAAGACACAAAGCG","hESC_C9","C0"
"BC_GCGTTTCCAAGGTTGG","hESC_A7","C0"
"BC_GCGGAAAAGACGACTG","hESC_D3","C0"
"BC_CATTGCCGTTGGAGAC","hESC_A7","C0"
"BC_AAGGAATTCGGATACT","hESC_D3","C0"
"BC_AAGTACCGTAACAGGC","hESC_D3","C2"
"BC_GAGGCAACAGTATACC","hESC_A7","C3"
"BC_TGACCCTTCATCTCTA","hESC_A7","C3"
"BC_CAACAGTTCGACCTAA","hESC_A7","C2"
"BC_CTAACCCTCAGGCGAA","hESC_C9","C0"
"BC_ACCTGTCAGAAGCCAC","hESC_D3","C0"
"BC_TGAGGAGCAAGGTCGA","hESC_C12","C0"
"BC_AGTCTCCAGGCTAGCA","hESC_C9","C0"
"BC_AGATAGATCTGATTCT","hESC_A7","C2"
"BC_CATTCCGGTTGGAGGT","hESC_D3","C0"
"BC_CAGTTAGAGGAATGTT","hESC_A7","C3"
"BC_GTTGTGAGTGTGGACA","hESC_C9","C3"
"BC_ACGTAGTGTGCAACAG","hESC_C12","C0"
"BC_AATTTCCCAGTCAGAG","hESC_A7","C3"
"BC_GTGTAACCAGGATCTT","hESC_C12","C1"
"BC_TCGAAGTTCGACGCGT","hESC_C9","C0"
"BC_ACGTACACAGTGGCTC","hESC_C9","C0"
"BC_TATACCTAGTCGTTAC","hESC_A7","C1"
"BC_AGTCACAAGATCGACG","hESC_D3","C3"
"BC_CTGCATCAGCCTATCA","hESC_C12","C3"
"BC_TGTTCCGTCAGACCTA","hESC_A7","C3"
"BC_ACCAACAGTACAAGTA","hESC_C9","C3"
"BC_CGCATAAGTCTGCAAT","hESC_D3","C0"
"BC_CCGCAAGTCTTCACGC","hESC_D3","C0"
"BC_CTCCCTCAGCAGGGAG","hESC_C9","C0"
"BC_CAGGTATAGAGTATAC","hESC_C12","C3"
"BC_GCATCTCGTAAGTCAA","hESC_D3","C0"
"BC_AGATGCTCACTTCATT","hESC_C9","C0"
"BC_TGAATGCTCGAGAAAT","hESC_A7","C0"
"BC_TTCCACGAGCGAAACC","hESC_A7","C3"
"BC_TGAGGAGGTGACCTGC","hESC_C9","C0"
"BC_TTCCGTGGTTTGGAAA","hESC_D3","C0"
"BC_CACGTTCCAATGCTCA","hESC_C9","C0"
"BC_TCCTCCCGTTGGGATG","hESC_C9","C0"
"BC_ACCCTTGAGGTGCCTC","hESC_C9","C3"
"BC_TCACTCGTCCCATTCG","hESC_C12","C0"
"BC_AGTGCCGTCTGGGTCG","hESC_C9","C0"
"BC_TCTTGCGCAGCGTGAA","hESC_C9","C0"
"BC_TCCATGCCATGAAGCG","hESC_A7","C3"
"BC_CGCCAGAAGTTGAAGT","hESC_A7","C0"
"BC_TTCAGGATCGCGGTAC","hESC_A7","C0"
"BC_ATCGATGCAAGAATGT","hESC_C9","C3"
"BC_ACTGCAATCCTGGCTT","hESC_A7","C3"
"BC_GTATTTCCAAGTGACG","hESC_C12","C3"
"BC_TGTGGCGCACGACAAG","hESC_D3","C2"
"BC_GGGTATTCATGGCTGC","hESC_C9","C3"
"BC_ATCGTCCTCGTGGGAA","hESC_A7","C2"
"BC_CCTCCTCAGGTGATAT","hESC_C9","C0"
"BC_GGGACTCTCATTGTGG","hESC_C9","C3"
"BC_GCTTTCGAGGTACAGC","hESC_C9","C0"
"BC_CGGGTGTGTATCAGGG","hESC_C9","C0"
"BC_CTGGCAGTCTTGGTCC","hESC_C12","C3"
"BC_CCGGTGAAGTTCACTG","hESC_A7","C3"
"BC_ATTTACCAGAGTATAC","hESC_A7","C0"
"BC_CAACGATAGCAGGCAT","hESC_C9","C0"
"BC_ATTACCTAGTAAGGGA","hESC_C9","C2"
"BC_GCCGATGGTTCTATCT","hESC_C12","C0"
"BC_ACGTACACAACGCCCA","hESC_D3","C3"
"BC_CCGAACGTCTAGTGAC","hESC_C9","C0"
"BC_CTCTCGAGTGATACTC","hESC_C12","C0"
"BC_ATCGGCGCATCCGTTC","hESC_A7","C0"
"BC_GTAGAGGGTCGTGGTC","hESC_A7","C1"
"BC_GCATTAGGTATACAGA","hESC_C9","C0"
"BC_GTGATGTTCCTGTAAG","hESC_C9","C0"
"BC_GACTGATAGACATCAA","hESC_A7","C2"
"BC_GCACGTGCAACTGGTT","hESC_C9","C0"
"BC_GGTTAACCAGTTACCA","hESC_C9","C0"
"BC_CTTCTAAAGCATGGGT","hESC_D3","C0"
"BC_TCATTACTCTGGTTGA","hESC_A7","C0"
"BC_CATTGTTGTCAACCTA","hESC_A7","C3"
"BC_CATAAGCGTCATTCCC","hESC_D3","C0"
"BC_TGAATCGAGTACTGGG","hESC_D3","C0"
"BC_CTGCTCAGTTATGTGC","hESC_A7","C0"
"BC_AGGCATTGTGTACAGG","hESC_C9","C1"
"BC_GGTTCTCCAAGTGGCA","hESC_C9","C0"
"BC_ATCAGGTGTATTTCCT","hESC_C12","C0"
"BC_CGTAGTAGTGACACAG","hESC_C9","C0"
"BC_TGCTGAAAGAAACTAC","hESC_C9","C0"
"BC_GTAACACGTTTGTTCT","hESC_A7","C3"
"BC_CTTCCTTAGTTACGGG","hESC_D3","C0"
"BC_CCCAACTGTAACAAGT","hESC_C9","C2"
"BC_TTCGGTCCAGACCAGA","hESC_C9","C0"
"BC_TCCGTGTTCGATTGGT","hESC_A7","C0"
"BC_AATCGACCAGCTACTA","hESC_A7","C3"
"BC_CAATACGGTTCTTAGG","hESC_C9","C3"
"BC_ACCACAACACGCACCA","hESC_D3","C3"
"BC_CACGGGTGTCCTTAAG","hESC_A7","C3"
"BC_ACTATCTCAATCCTAG","hESC_C9","C3"
"BC_CGAGTGCGTGACAGCA","hESC_C9","C0"
"BC_TACATTCCAACGTATC","hESC_D3","C3"
"BC_GTTAGACGTAGCGTAG","hESC_A7","C0"
"BC_GTGTTCCGTTTACCTT","hESC_C12","C0"
"BC_CATCCGTAGTCTTCCC","hESC_C9","C0"
"BC_TTTCAGTCAAGCCATT","hESC_C9","C3"
"BC_AGATGAACACTAAACC","hESC_C9","C0"
"BC_GCCAGCAGTGTATACC","hESC_C9","C0"
"BC_GGGACCTGTCACTGAT","hESC_C9","C0"
"BC_GTCCTCAAGCATCCTA","hESC_D3","C0"
"BC_GCCAACGCACACCTGG","hESC_C12","C3"
"BC_CTCTCGATCTGTGTGA","hESC_D3","C0"
"BC_GGGACTCAGGGTATAT","hESC_D3","C2"
"BC_AGCGTATTCCTAAGTG","hESC_C9","C3"
"BC_CGCAGGTCAGGGAATC","hESC_C9","C0"
"BC_CACGGGTAGATTTGCC","hESC_D3","C3"
"BC_CGCATAAGTTAGGCTT","hESC_C9","C0"
"BC_GAGTCATCATACAGAA","hESC_C9","C1"
"BC_GTAGAAATCTTTGCGC","hESC_D3","C0"
"BC_CTCATGCAGTGAGGCT","hESC_D3","C0"
"BC_TGCAGATTCGCCACTT","hESC_D3","C1"
"BC_TAACGACTCCGTAGGC","hESC_C9","C0"
"BC_ACCAAACTCTCTCGCA","hESC_A7","C0"
"BC_TGCACGGCACCTGTCT","hESC_A7","C3"
"BC_GAGTCATTCAGTGGGA","hESC_D3","C3"
"BC_TTCTCTCAGATACGAT","hESC_C12","C0"
"BC_GGCTGTGTCTATTGTC","hESC_C12","C3"
"BC_TTGATGGCAGCTTCGG","hESC_C9","C0"
"BC_CAATACGCAGGATGAC","hESC_C9","C0"
"BC_GCGGATCGTGGCATCC","hESC_A7","C0"
"BC_AGGACTTGTAATGCTC","hESC_C12","C0"
"BC_CCCTTAGCACATGGTT","hESC_D3","C0"
"BC_TTCACCGAGGAATGTT","hESC_A7","C3"
"BC_CATAGACTCATGGATC","hESC_C9","C0"
"BC_CATCCGTAGATAACGT","hESC_A7","C3"
"BC_GCATCGGTCGGATTAC","hESC_D3","C0"
"BC_GACGCTGTCCTCACTG","hESC_D3","C4"
"BC_CCACGTTGTAGTCGGA","hESC_A7","C1"
"BC_GGAAGTGTCCGTAGGC","hESC_A7","C0"
"BC_GAACTGTCATCCTCAC","hESC_D3","C0"
"BC_TACCTCGGTATGTCAC","hESC_C9","C0"
"BC_ACCTGTCCAAGGACAC","hESC_D3","C0"
"BC_ACGGTTACACCCAAGC","hESC_C9","C0"
"BC_TCATATCGTGAGTCAG","hESC_A7","C0"
"BC_CACTGAAGTTATAGCC","hESC_A7","C0"
"BC_GTCAAGTTCCTTCTAA","hESC_C9","C3"
"BC_GCGATCGGTGTGTCCG","hESC_C12","C0"
"BC_GTCACTCGTGACTAAA","hESC_D3","C0"
"BC_CAAGAGGTCCACGTGG","hESC_C9","C0"
"BC_TTCCACGTCACAAGAA","hESC_C12","C2"
"BC_TGCATCCTCTTCGGTC","hESC_C9","C3"
"BC_CGGGCATTCCTAGAGT","hESC_C9","C0"
"BC_TAGACTGAGGATACCG","hESC_C9","C0"
"BC_ACTGATGCATCACCAA","hESC_C9","C0"
"BC_GACCCAGCAGTAGTTC","hESC_A7","C3"
"BC_TCTTCCTGTCCGAAGA","hESC_A7","C0"
"BC_TACTTGTTCGTTCCCA","hESC_D3","C0"
"BC_GGGTATTGTGAGTAAT","hESC_C9","C0"
"BC_ATCGTCCGTGAGACCA","hESC_C12","C2"
"BC_TCCTGCATCGGATTAC","hESC_D3","C0"
"BC_GTTAGTGTCGGACTGC","hESC_D3","C1"
"BC_TCACACCAGGTGCGAT","hESC_C9","C3"
"BC_GACCGTGCAAGGGTCA","hESC_C9","C3"
"BC_TAATTCCAGTGATGGC","hESC_A7","C0"
"BC_AAGTCGTGTGGAAATT","hESC_A7","C1"
"BC_ACGGTTATCCCATAAG","hESC_C12","C0"
"BC_ATACCTTGTCGGCTAC","hESC_C9","C0"
"BC_CCCAACTTCCGTGGGT","hESC_A7","C0"
"BC_GTTTACTTCGGAATTC","hESC_A7","C0"
"BC_AACCAACCATCCTTGC","hESC_A7","C3"
"BC_TCCACGTAGGGCATGT","hESC_C9","C0"
"BC_TATACCTGTAGCTGAG","hESC_C12","C0"
"BC_TTAGGCAAGGTGCCTC","hESC_A7","C0"
"BC_TACAACGCAACCAACT","hESC_C9","C3"
"BC_AGTCACAAGACAACTA","hESC_C12","C3"
"BC_CAGCAATAGCGTTAGG","hESC_D3","C0"
"BC_CAATGACCACCACATA","hESC_D3","C0"
"BC_AACAACCTCCTATGGA","hESC_C12","C2"
"BC_CTTCAATAGCCTCATA","hESC_C9","C3"
"BC_TCGCTCACACCCAAGC","hESC_A7","C3"
"BC_GCTGCAGTCTGTCCGT","hESC_D3","C0"
"BC_TGGAACTTCATGACAC","hESC_D3","C0"
"BC_CTCATGCGTCTGTCAA","hESC_D3","C0"
"BC_TGGTACAGTGAGATAT","hESC_C9","C0"
"BC_GAGTTTGTCGGCCCAA","hESC_A7","C1"
"BC_CGATGCGCAGACCATT","hESC_A7","C3"
"BC_AAGACAATCCGAAGGA","hESC_C9","C2"
"BC_TTCATGTTCCTGCTAC","hESC_D3","C0"
"BC_TCATTTGAGCCAGACA","hESC_A7","C3"
"BC_TGTGCGGGTATGATCC","hESC_C12","C3"
"BC_TCTACCGCATCCTCAC","hESC_C9","C0"
"BC_GTCGTTCTCGCTGACG","hESC_A7","C0"
"BC_AGTACTGCACCGTGAC","hESC_A7","C0"
"BC_GAACGTTGTACTCGAT","hESC_A7","C0"
"BC_TCTCACGAGACCGCCT","hESC_A7","C4"
"BC_ACTTTGTTCCACACCT","hESC_D3","C2"
"BC_TCATGCCAGGCTAACG","hESC_A7","C0"
"BC_GTTACCCTCTGCGATA","hESC_A7","C0"
"BC_GACTGATTCACAACCA","hESC_A7","C3"
"BC_AGAACAATCCAGCACG","hESC_C9","C0"
"BC_TCAGCCTCACTTGGCG","hESC_A7","C2"
"BC_CTCCACAGTACCCGAC","hESC_C9","C3"
"BC_GTGGGAAGTGGTAACG","hESC_C9","C3"
"BC_TCGGTCTGTAGGACTG","hESC_C9","C3"
"BC_TGTCCACGTTAGGCTT","hESC_C9","C0"
"BC_GTTCATTCAAAGAACT","hESC_C9","C0"
"BC_CGCATAACACATATCG","hESC_A7","C0"
"BC_GGGTCTGCACTGTTCC","hESC_C12","C0"
"BC_CATTTCACAAAGGAGA","hESC_C12","C0"
"BC_TCGCACTTCAGCGCGT","hESC_A7","C0"
"BC_TCGGTCTCATGGGTTT","hESC_D3","C0"
"BC_CCCTAACAGAAACCCG","hESC_A7","C3"
"BC_TTTGATCCAACTGTGT","hESC_D3","C0"
"BC_CGCATAATCGGTATGT","hESC_C9","C1"
"BC_ACTGTCCGTAAGCTCT","hESC_D3","C0"
"BC_CAAAGAAGTGTTATCG","hESC_A7","C0"
"BC_TTGAACGCAACTAGAA","hESC_C12","C0"
"BC_AGAGCAGGTAATCAAG","hESC_C9","C0"
"BC_TTCTGTATCGAAATCC","hESC_C9","C0"
"BC_CCCTCTCAGGCCCACT","hESC_A7","C2"
"BC_TCAGCAAGTTTCGATG","hESC_A7","C0"
"BC_TTGCCTGAGTTACTCG","hESC_C9","C1"
"BC_TAATTCCGTCACTGAT","hESC_A7","C0"
"BC_GTCTACCAGACGACGT","hESC_C9","C0"
"BC_CACTGTCGTCTCACAA","hESC_A7","C0"
"BC_TAAGCGTAGTAGGTTA","hESC_C12","C0"
"BC_CACGTTCTCTCGTCAC","hESC_D3","C0"
"BC_TCATGCCTCCATTTGT","hESC_C9","C3"
"BC_CCCGAAGGTTCCATTT","hESC_C9","C3"
"BC_CCCTTAGGTTAGAGAT","hESC_D3","C3"
"BC_AGGGTTTCACGAAAGC","hESC_D3","C0"
"BC_CTTCTAAGTTCGGTAT","hESC_C9","C0"
"BC_AGGTAGGAGCGCCCAT","hESC_C9","C0"
"BC_CAAGACTAGATTGGGC","hESC_C9","C3"
"BC_GAGGCCTCACTCTCGT","hESC_C9","C3"
"BC_CCTATCGCATCAGCAT","hESC_A7","C0"
"BC_CACTTCGTCTACAGGT","hESC_D3","C0"
"BC_TGGATCATCATCCTGC","hESC_D3","C0"
"BC_ATGAAAGAGGAACTAT","hESC_D3","C2"
"BC_TGTGTGACAAAGGATT","hESC_A7","C3"
"BC_GATCCCTTCTATACGG","hESC_C12","C0"
"BC_TTTGACTTCACAGTGT","hESC_D3","C0"
"BC_ATTCAGGGTTCACCGG","hESC_C9","C0"
"BC_TCCTGCATCCCTCGTA","hESC_A7","C2"
"BC_CCTCTAGTCCTAGCCT","hESC_A7","C3"
"BC_TGGGCTGTCGCAGAGA","hESC_A7","C0"
"BC_AAAGGATTCGAAACAA","hESC_C9","C0"
"BC_TCGGGCAAGTGATGGC","hESC_C9","C2"
"BC_GCGAGAAGTTGTTGTG","hESC_D3","C0"
"BC_CTCTCAGTCGATCCAA","hESC_A7","C0"
"BC_GAAGGACTCACTGCTC","hESC_C9","C0"
"BC_TCCTCTTTCGCCACTT","hESC_C9","C3"
"BC_ACCCTTGCACGTCTCT","hESC_A7","C0"
"BC_TCTGCCAAGCATGCGA","hESC_A7","C3"
"BC_CCTCCTCCAGTCGTTA","hESC_D3","C0"
"BC_AATCGACGTGGCTAGA","hESC_D3","C0"
"BC_TGACTCCAGTAACAGT","hESC_C9","C0"
"BC_CGTGCTTAGGGCTGAT","hESC_C12","C0"
"BC_GGCTTTCCAGCATACT","hESC_C12","C3"
"BC_TTCAGGAGTAGACACG","hESC_C12","C3"
"BC_TCAATCTAGCGGATCA","hESC_A7","C2"
"BC_AGCTACAGTCACTAGT","hESC_A7","C0"
"BC_TGAGGTTGTCCGGATC","hESC_A7","C3"
"BC_TTCACGCTCTTCTTCC","hESC_A7","C3"
"BC_TGTTCTACACACGCCA","hESC_C9","C2"
"BC_CGGGCATCATATAGCC","hESC_A7","C3"
"BC_CTCATGCTCATCGCCT","hESC_C9","C3"
"BC_AACCAACTCGTAGGAG","hESC_C9","C0"
"BC_AGACAAATCTGCGGAC","hESC_D3","C0"
"BC_TGCATGATCTGATTCT","hESC_A7","C0"
"BC_ACGGTTACAGTAACCT","hESC_C12","C0"
"BC_CGCAGGTGTTCTCCCA","hESC_D3","C0"
"BC_GTGGGAAAGAGCATTA","hESC_D3","C0"
"BC_GACACGCAGAGAGGTA","hESC_C12","C2"
"BC_ATTTCACCATGTCGTA","hESC_C12","C0"
"BC_CAATTTCTCGGTAGGA","hESC_C9","C0"
"BC_TTGAACGCACGTGTGC","hESC_A7","C0"
"BC_CTGCAGGCAATTTCTC","hESC_A7","C3"
"BC_ATGGGTTCAAGGGTCA","hESC_C9","C2"
"BC_GGGCGTTAGCGAGGAG","hESC_C9","C0"
"BC_CCTGTTGTCGTAATGC","hESC_C9","C2"
"BC_ATCACGAAGCAACCAG","hESC_D3","C0"
"BC_CTCAACCAGGGCAGAG","hESC_D3","C0"
"BC_ACACTGACACCAGCTG","hESC_C9","C3"
"BC_GATTGGTGTACAATAG","hESC_D3","C0"
"BC_GTCAGCGTCTCATTTG","hESC_D3","C0"
"BC_TGGAGGATCCACACCT","hESC_C12","C0"
"BC_AACCTTTGTAGGCTGA","hESC_C9","C2"
"BC_GGTAACTTCTTCTCAA","hESC_D3","C4"
"BC_TAGGTTGGTACCGGAA","hESC_A7","C0"
"BC_AAACGCTCAATGAACA","hESC_C12","C3"
"BC_GCGTTTCAGGACTGGT","hESC_C9","C0"
"BC_TATTCCAGTCCGACGT","hESC_D3","C2"
"BC_CATCGTCCACTGTCGG","hESC_C9","C0"
"BC_ATTATCCAGGTAAAGG","hESC_D3","C0"
"BC_TATTTCGGTCTGATAC","hESC_A7","C3"
"BC_GTGGAAGGTAGGAGGG","hESC_C9","C3"
"BC_CGATGGCGTGATGAAT","hESC_C9","C0"
"BC_AGCGTCGCAGAACGCA","hESC_D3","C0"
"BC_ATCCCTGAGTCCCAGC","hESC_C12","C0"
"BC_TCATGCCAGGAGTATT","hESC_D3","C0"
"BC_GGTAGAGGTCAAAGAT","hESC_C9","C0"
"BC_AGCCAATTCGCTCCTA","hESC_C9","C0"
"BC_TTGTTCAGTACTAAGA","hESC_C9","C0"
"BC_TGGAACTTCACCTACC","hESC_D3","C0"
"BC_TTCAGGACAGTCAACT","hESC_D3","C2"
"BC_GTAATCGCATCTCATT","hESC_C9","C1"
"BC_TCGCACTGTCGTGGTC","hESC_A7","C0"
"BC_AGGGAGTTCTCACCCA","hESC_C9","C0"
"BC_CATCAAGGTCGGAACA","hESC_A7","C3"
"BC_GAGAAATAGCTACTAC","hESC_C12","C2"
"BC_CGTGTCTTCGTCACCT","hESC_A7","C0"
"BC_CTGGACGAGGATACAT","hESC_D3","C0"
"BC_ATCGTAGCAACACACT","hESC_A7","C3"
"BC_GATAGCTAGTCAGCGA","hESC_D3","C0"
"BC_ATCACTTCACTAAACC","hESC_C12","C3"
"BC_ATCGATGAGGCATGCA","hESC_C9","C2"
"BC_GCAGGCTCACAACCGC","hESC_D3","C0"
"BC_GTGTGATCACAGTATC","hESC_A7","C2"
"BC_GCATTAGAGCAGTAAT","hESC_C9","C0"
"BC_AGGACTTAGGTATAGT","hESC_A7","C3"
"BC_ACAGAAAGTATACCCA","hESC_C12","C0"
"BC_CTTCAATTCCTGTTGC","hESC_C9","C3"
"BC_TGGGAGAGTTGCTCCT","hESC_C9","C0"
"BC_CCACGAGAGTGATCGG","hESC_C9","C0"
"BC_TCTATCAAGTAGTGCG","hESC_C9","C0"
"BC_GTTCGCTCAGCCGGTT","hESC_A7","C3"
"BC_TCCTTCTAGGATTCCT","hESC_C9","C0"
"BC_ACACCAAAGATCGCCC","hESC_A7","C2"
"BC_AGACTCACAAATCCCA","hESC_C9","C3"
